OverallQual,YearBuilt,MasVnrArea,TotalBsmtSF,1stFlrSF,GrLivArea,FullBath,TotRmsAbvGrd,Fireplaces,GarageCars,GarageArea,SalePrice,SalePrice_log,InternalSF,TotalBath,TotRmsAbvGrdWithBath,OverallScore,InternalScore,HouseAge,ExterQaulScore,HeatingQCScore,KitchenQualScore,GarageQualScore,ExterQual_Gd,ExterQual_TA,Foundation_PConc,BsmtQual_Ex,BsmtQual_TA,BsmtFinType1_GLQ,HeatingQC_Ex,KitchenQual_Ex,KitchenQual_Gd,KitchenQual_TA,FireplaceQu_Not Applicable,GarageType_Attchd,GarageFinish_Fin,GarageFinish_Unf,Neighborhood_Price_Bucket_Level_1,Neighborhood_Price_Bucket_Level_4
7,2003,196.0,856,856,1710,2,8,0,2,548,208500,12.247694320220994,2566,3.5,10.5,35,17962,5,784.0,8550,6840,1644.0,1.0,0.0,1.0,0.0,0.0,1.0,1.0,0.0,1.0,0.0,1.0,1.0,0.0,0.0,0.0,0.0
6,1976,0.0,1262,1262,1262,2,6,1,2,460,181500,12.109010932687042,2524,2.5,8.0,48,15144,31,0.0,6310,3786,1380.0,0.0,1.0,0.0,0.0,0.0,0.0,1.0,0.0,0.0,1.0,0.0,1.0,0.0,0.0,0.0,1.0
7,2001,162.0,920,920,1786,2,6,1,2,608,223500,12.31716669303576,2706,3.5,8.5,35,18942,7,648.0,8930,7144,1824.0,1.0,0.0,1.0,0.0,0.0,1.0,1.0,0.0,1.0,0.0,0.0,1.0,0.0,0.0,0.0,0.0
7,1915,0.0,756,961,1717,1,7,1,3,642,140000,11.84939770159144,2473,2.0,8.0,35,17311,91,0.0,6868,6868,1926.0,0.0,1.0,0.0,0.0,1.0,0.0,0.0,0.0,1.0,0.0,0.0,0.0,0.0,1.0,0.0,1.0
8,2000,350.0,1145,1145,2198,2,9,1,3,836,250000,12.429216196844385,3343,3.5,11.5,40,26744,8,1400.0,10990,8792,2508.0,1.0,0.0,1.0,0.0,0.0,1.0,1.0,0.0,1.0,0.0,0.0,1.0,0.0,0.0,0.0,1.0
5,1993,0.0,796,796,1362,1,5,0,2,480,143000,11.870599909242044,2158,2.5,6.5,25,10790,16,0.0,6810,4086,1440.0,0.0,1.0,0.0,0.0,0.0,1.0,1.0,0.0,0.0,1.0,1.0,1.0,0.0,1.0,0.0,0.0
8,2004,186.0,1686,1694,1694,2,7,1,2,636,307000,12.634603026569334,3380,3.0,9.0,40,27040,3,744.0,8470,6776,1908.0,1.0,0.0,1.0,1.0,0.0,1.0,1.0,0.0,1.0,0.0,0.0,1.0,0.0,0.0,0.0,1.0
7,1973,240.0,1107,1107,2090,2,7,2,2,484,200000,12.206072645530174,3197,3.5,9.5,42,22379,36,720.0,10450,6270,1452.0,0.0,1.0,0.0,0.0,0.0,0.0,1.0,0.0,0.0,1.0,0.0,1.0,0.0,0.0,0.0,0.0
7,1931,0.0,952,1022,1774,2,8,2,2,468,129900,11.77452020265869,2726,2.0,10.0,35,19082,77,0.0,7096,5322,936.0,0.0,1.0,0.0,0.0,1.0,0.0,0.0,0.0,0.0,1.0,0.0,0.0,0.0,1.0,1.0,0.0
5,1939,0.0,991,1077,1077,1,5,2,1,205,118000,11.6784399034478,2068,2.0,6.0,30,10340,69,0.0,5385,3231,820.0,0.0,1.0,0.0,0.0,1.0,1.0,1.0,0.0,0.0,1.0,0.0,1.0,0.0,0.0,1.0,0.0
5,1965,0.0,1040,1040,1040,1,5,0,1,384,129500,11.771436160121729,2080,2.0,6.0,25,10400,43,0.0,5200,3120,1152.0,0.0,1.0,0.0,0.0,1.0,0.0,1.0,0.0,0.0,1.0,1.0,0.0,0.0,1.0,0.0,0.0
9,2005,286.0,1175,1182,2324,3,11,2,3,736,345000,12.751299696013495,3499,4.0,14.0,45,31491,1,1430.0,11620,11620,2208.0,0.0,0.0,1.0,1.0,0.0,1.0,1.0,1.0,0.0,0.0,0.0,0.0,1.0,0.0,0.0,1.0
5,1962,0.0,912,912,912,1,4,0,1,352,144000,11.877568578558138,1824,2.0,5.0,30,9120,46,0.0,2736,2736,1056.0,0.0,1.0,0.0,0.0,1.0,0.0,0.0,0.0,0.0,1.0,1.0,0.0,0.0,1.0,0.0,0.0
7,2006,306.0,1494,1494,1494,2,7,1,3,840,279500,12.540757571577291,2988,2.0,9.0,35,20916,1,1224.0,7470,5976,2520.0,1.0,0.0,1.0,0.0,0.0,0.0,1.0,0.0,1.0,0.0,0.0,1.0,0.0,0.0,0.0,0.0
6,1960,212.0,1253,1253,1253,1,5,1,1,352,157000,11.964001084330445,2506,2.5,6.5,30,15036,48,636.0,3759,3759,1056.0,0.0,1.0,0.0,0.0,1.0,0.0,0.0,0.0,0.0,1.0,0.0,1.0,0.0,0.0,0.0,0.0
7,1929,0.0,832,854,854,1,5,0,2,576,132000,11.790557201568507,1686,1.0,6.0,56,11802,78,0.0,4270,2562,1728.0,0.0,1.0,0.0,0.0,1.0,0.0,1.0,0.0,0.0,1.0,1.0,0.0,0.0,1.0,1.0,0.0
6,1970,180.0,1004,1004,1004,1,5,1,2,480,149000,11.911701584927595,2008,2.0,6.0,42,12048,40,540.0,5020,3012,1440.0,0.0,1.0,0.0,0.0,1.0,0.0,1.0,0.0,0.0,1.0,0.0,1.0,1.0,0.0,0.0,0.0
4,1967,0.0,0,1296,1296,2,6,0,2,516,90000,11.407564949312402,1296,2.0,8.0,20,5184,39,0.0,3888,3888,1548.0,0.0,1.0,0.0,0.0,0.0,0.0,0.0,0.0,0.0,1.0,1.0,0.0,0.0,1.0,0.0,0.0
5,2004,0.0,1114,1114,1114,1,6,0,2,576,159000,11.976659481202368,2228,2.5,7.5,25,11140,4,0.0,5570,4456,1728.0,0.0,1.0,1.0,0.0,1.0,1.0,1.0,0.0,1.0,0.0,1.0,0.0,0.0,1.0,0.0,0.0
5,1958,0.0,1029,1339,1339,1,6,0,1,294,139000,11.842229212112828,2368,1.0,7.0,30,11840,51,0.0,4017,4017,882.0,0.0,1.0,0.0,0.0,1.0,0.0,0.0,0.0,0.0,1.0,1.0,1.0,0.0,1.0,0.0,0.0
8,2005,380.0,1158,1158,2376,3,9,1,3,853,325300,12.692503112461443,3534,3.5,12.5,40,28272,1,1520.0,11880,9504,2559.0,1.0,0.0,1.0,1.0,0.0,0.0,1.0,0.0,1.0,0.0,0.0,0.0,0.0,0.0,0.0,1.0
7,1930,0.0,637,1108,1108,1,6,1,1,280,139400,11.84510277730856,1745,1.0,7.0,49,12215,77,0.0,5540,4432,840.0,0.0,1.0,1.0,0.0,1.0,0.0,1.0,0.0,1.0,0.0,0.0,1.0,0.0,1.0,1.0,0.0
8,2002,281.0,1777,1795,1795,2,7,1,2,534,230000,12.345834587905332,3572,2.0,9.0,40,28576,6,1124.0,8975,7180,1602.0,1.0,0.0,1.0,0.0,0.0,0.0,1.0,0.0,1.0,0.0,0.0,1.0,0.0,0.0,0.0,0.0
5,1976,0.0,1040,1060,1060,1,6,1,2,572,129900,11.77452020265869,2100,2.0,7.0,35,10500,31,0.0,3180,3180,1716.0,0.0,1.0,1.0,0.0,0.0,1.0,0.0,0.0,0.0,1.0,0.0,1.0,0.0,1.0,1.0,0.0
5,1968,0.0,1060,1060,1060,1,6,1,1,270,154000,11.944707881395766,2120,2.0,7.0,40,10600,42,0.0,5300,4240,810.0,0.0,1.0,0.0,0.0,1.0,0.0,1.0,0.0,1.0,0.0,0.0,1.0,0.0,1.0,0.0,0.0
8,2007,640.0,1566,1600,1600,2,7,1,3,890,256300,12.454103912352162,3166,2.0,9.0,40,25328,2,2560.0,8000,6400,2670.0,1.0,0.0,1.0,0.0,0.0,0.0,1.0,0.0,1.0,0.0,0.0,1.0,0.0,0.0,0.0,1.0
5,1951,0.0,900,900,900,1,5,0,2,576,134800,11.811547477460344,1800,1.5,6.0,35,9000,59,0.0,2700,3600,1728.0,0.0,1.0,0.0,0.0,1.0,0.0,0.0,0.0,1.0,0.0,1.0,0.0,0.0,1.0,0.0,0.0
8,2007,200.0,1704,1704,1704,2,7,1,3,772,306000,12.631340380934516,3408,3.0,9.0,40,27264,3,800.0,8520,6816,2316.0,1.0,0.0,1.0,1.0,0.0,1.0,1.0,0.0,1.0,0.0,0.0,1.0,0.0,0.0,0.0,1.0
5,1957,0.0,1484,1600,1600,1,6,2,1,319,207500,12.24288661865289,3084,2.0,7.0,30,15420,49,0.0,4800,4800,957.0,0.0,1.0,0.0,0.0,1.0,0.0,0.0,0.0,0.0,1.0,0.0,1.0,0.0,0.0,0.0,0.0
4,1927,0.0,520,520,520,1,4,0,1,240,68500,11.134589024250316,1040,1.0,5.0,24,4160,81,0.0,1040,1040,480.0,0.0,1.0,0.0,0.0,1.0,0.0,0.0,0.0,0.0,0.0,1.0,0.0,0.0,1.0,1.0,0.0
4,1920,0.0,649,649,1317,1,6,0,1,250,40000,10.596634733096073,1966,1.0,7.0,16,7864,88,0.0,3951,3951,750.0,0.0,1.0,0.0,0.0,1.0,0.0,0.0,0.0,0.0,1.0,1.0,0.0,0.0,1.0,1.0,0.0
5,1966,0.0,1228,1228,1228,1,6,0,1,271,149350,11.914047823644257,2456,1.5,7.5,30,12280,42,0.0,4912,4912,813.0,0.0,1.0,0.0,0.0,1.0,0.0,0.0,0.0,1.0,0.0,1.0,1.0,0.0,1.0,0.0,0.0
8,2007,0.0,1234,1234,1234,2,7,0,2,484,179900,12.100156419938624,2468,2.0,9.0,40,19744,1,0.0,6170,4936,1452.0,1.0,0.0,1.0,1.0,0.0,0.0,1.0,0.0,1.0,0.0,1.0,1.0,0.0,0.0,0.0,0.0
5,1959,0.0,1398,1700,1700,1,6,1,2,447,165500,12.016726473799254,3098,2.0,7.5,25,15490,51,0.0,6800,6800,1341.0,0.0,1.0,0.0,0.0,1.0,0.0,0.0,0.0,1.0,0.0,0.0,1.0,0.0,0.0,0.0,0.0
9,2005,246.0,1561,1561,1561,2,6,1,2,556,277500,12.533576212168626,3122,3.0,8.0,45,28098,2,1230.0,7805,7805,1668.0,0.0,0.0,1.0,1.0,0.0,1.0,1.0,1.0,0.0,0.0,0.0,1.0,1.0,0.0,0.0,1.0
8,2004,132.0,1117,1132,2452,3,9,1,3,691,309000,12.641096555879882,3569,3.5,12.5,40,28552,2,528.0,12260,9808,2073.0,1.0,0.0,1.0,1.0,0.0,0.0,1.0,0.0,1.0,0.0,0.0,0.0,1.0,0.0,0.0,1.0
5,1994,0.0,1097,1097,1097,1,6,0,2,672,145000,11.884489021402713,2194,1.5,7.5,25,10970,15,0.0,5485,3291,2016.0,0.0,1.0,1.0,0.0,0.0,0.0,1.0,0.0,0.0,1.0,1.0,1.0,0.0,1.0,0.0,0.0
5,1954,650.0,1297,1297,1297,1,5,1,2,498,153000,11.938193200374572,2594,1.5,6.0,30,12970,55,1950.0,5188,3891,1494.0,0.0,1.0,0.0,0.0,1.0,0.0,0.0,0.0,0.0,1.0,0.0,1.0,1.0,0.0,0.0,0.0
5,1953,0.0,1057,1057,1057,1,5,0,1,246,109000,11.59910316121128,2114,2.0,6.0,35,10570,57,0.0,3171,4228,738.0,0.0,1.0,0.0,0.0,1.0,1.0,0.0,0.0,1.0,0.0,1.0,0.0,0.0,1.0,0.0,0.0
4,1955,0.0,0,1152,1152,2,6,0,0,0,82000,11.314474526246393,1152,2.0,8.0,20,4608,53,0.0,3456,2304,1452.0,0.0,1.0,1.0,0.0,0.0,0.0,0.0,0.0,0.0,0.0,1.0,0.0,0.0,0.0,1.0,0.0
6,1965,101.0,1088,1324,1324,2,6,1,2,440,160000,11.982929094215963,2412,2.0,8.0,30,14472,41,303.0,6620,3972,1320.0,0.0,1.0,0.0,0.0,1.0,0.0,1.0,0.0,0.0,1.0,0.0,1.0,0.0,0.0,0.0,0.0
5,1959,0.0,1350,1328,1328,1,5,2,1,308,170000,12.0435537160324,2678,2.0,6.5,30,13390,48,0.0,5312,3984,924.0,0.0,1.0,0.0,0.0,1.0,0.0,0.0,0.0,0.0,1.0,0.0,1.0,0.0,0.0,0.0,1.0
5,1983,0.0,840,884,884,1,5,0,2,504,144000,11.877568578558138,1724,2.0,6.0,35,8620,24,0.0,3536,3536,1512.0,0.0,1.0,0.0,0.0,0.0,0.0,0.0,0.0,1.0,0.0,1.0,1.0,0.0,0.0,0.0,0.0
5,1975,0.0,938,938,938,1,5,0,1,308,130250,11.777210959615614,1876,2.0,6.0,30,9380,33,0.0,2814,2814,924.0,0.0,1.0,0.0,0.0,0.0,0.0,0.0,0.0,0.0,1.0,1.0,0.0,0.0,1.0,0.0,0.0
5,1959,0.0,1150,1150,1150,1,6,0,1,300,141000,11.856515169360303,2300,2.0,7.0,30,11500,47,0.0,5750,3450,900.0,0.0,1.0,0.0,0.0,1.0,0.0,1.0,0.0,0.0,1.0,1.0,1.0,0.0,0.0,0.0,0.0
9,2005,412.0,1752,1752,1752,2,6,1,2,576,319900,12.675763725937609,3504,3.0,8.0,45,31536,5,2060.0,8760,8760,1728.0,0.0,0.0,1.0,1.0,0.0,1.0,1.0,1.0,0.0,0.0,0.0,1.0,0.0,0.0,0.0,1.0
7,2003,0.0,1434,1518,2149,1,6,1,2,670,239686,12.3870850123755,3583,2.5,7.5,35,25081,6,0.0,10745,8596,2010.0,1.0,0.0,1.0,1.0,0.0,1.0,1.0,0.0,1.0,0.0,0.0,1.0,0.0,0.0,0.0,0.0
8,2006,0.0,1656,1656,1656,2,7,0,3,826,249700,12.428015476267865,3312,2.0,9.0,40,26496,1,0.0,8280,6624,2478.0,1.0,0.0,1.0,0.0,0.0,1.0,1.0,0.0,1.0,0.0,1.0,1.0,0.0,0.0,0.0,1.0
4,1920,0.0,736,736,1452,2,8,0,0,0,113000,11.635143097694478,2188,2.0,10.0,20,8752,89,0.0,5808,4356,1452.0,0.0,1.0,0.0,0.0,1.0,0.0,0.0,0.0,0.0,1.0,1.0,0.0,0.0,0.0,1.0,0.0
5,1966,0.0,955,955,955,1,6,0,1,386,127000,11.751942365440728,1910,2.0,7.0,35,9550,41,0.0,4775,2865,1158.0,0.0,1.0,0.0,0.0,1.0,0.0,1.0,0.0,0.0,1.0,1.0,1.0,0.0,1.0,0.0,0.0
6,1997,0.0,794,794,1470,2,6,0,2,388,177000,12.083905011555968,2264,2.5,8.0,36,13584,10,0.0,5880,4410,1164.0,0.0,1.0,1.0,0.0,0.0,1.0,0.0,0.0,0.0,1.0,1.0,1.0,1.0,0.0,0.0,0.0
6,1934,0.0,816,816,1176,1,6,1,2,528,114500,11.648330101976432,1632,1.0,7.0,36,9792,72,0.0,3528,3528,1584.0,0.0,1.0,1.0,0.0,1.0,0.0,0.0,0.0,0.0,1.0,0.0,0.0,0.0,1.0,1.0,0.0
5,1963,0.0,816,816,816,1,5,0,2,516,110000,11.608235644774552,1632,2.0,6.0,25,8160,47,0.0,2448,2448,1548.0,0.0,0.0,0.0,0.0,0.0,0.0,0.0,0.0,0.0,1.0,1.0,0.0,0.0,1.0,1.0,0.0
9,1981,0.0,1842,1842,1842,0,5,1,3,894,385000,12.86099861326992,3684,2.5,5.5,45,33156,25,0.0,7368,7368,2682.0,1.0,0.0,0.0,1.0,0.0,1.0,0.0,0.0,1.0,0.0,0.0,1.0,1.0,0.0,0.0,1.0
5,1955,0.0,384,1360,1360,1,6,1,2,572,130000,11.77528972943772,1744,1.0,7.0,25,8720,52,0.0,4080,4080,1716.0,0.0,1.0,0.0,0.0,1.0,0.0,0.0,0.0,0.0,1.0,0.0,0.0,0.0,1.0,0.0,0.0
6,1964,272.0,1425,1425,1425,2,7,1,2,576,180500,12.103486056755072,2850,2.0,9.0,30,17100,44,816.0,5700,4275,1728.0,0.0,1.0,0.0,0.0,1.0,0.0,0.0,0.0,0.0,1.0,0.0,1.0,0.0,0.0,0.0,0.0
8,1999,456.0,970,983,1739,2,7,0,2,480,172500,12.058152515453552,2709,3.5,9.5,40,21672,10,1824.0,8695,6956,1440.0,1.0,0.0,1.0,0.0,0.0,1.0,1.0,0.0,1.0,0.0,1.0,1.0,1.0,0.0,0.0,1.0
7,2004,0.0,860,860,1720,2,7,0,2,565,196500,12.188417710291452,2580,2.5,9.5,35,18060,2,0.0,8600,6880,1695.0,1.0,0.0,1.0,0.0,0.0,0.0,1.0,0.0,1.0,0.0,1.0,1.0,0.0,0.0,0.0,0.0
10,2006,1031.0,1410,1426,2945,3,10,1,3,641,438780,12.991753427493052,4355,3.5,13.5,50,43550,0,5155.0,14725,11780,1923.0,0.0,0.0,1.0,1.0,0.0,0.0,1.0,0.0,1.0,0.0,0.0,0.0,1.0,0.0,0.0,1.0
5,1972,0.0,780,780,780,1,4,0,1,352,124900,11.73526869611367,1560,1.0,5.0,35,7800,36,0.0,3900,2340,1056.0,0.0,1.0,0.0,0.0,1.0,0.0,1.0,0.0,0.0,1.0,1.0,0.0,0.0,1.0,0.0,0.0
6,2004,0.0,1158,1158,1158,1,5,0,2,576,158000,11.970350312009105,2316,2.5,6.5,30,13896,2,0.0,5790,4632,1728.0,0.0,1.0,1.0,0.0,0.0,0.0,1.0,0.0,1.0,0.0,1.0,0.0,0.0,1.0,0.0,0.0
5,1920,0.0,530,581,1111,1,6,0,1,288,101000,11.522875795823396,1641,1.0,7.0,35,8205,87,0.0,3333,2222,864.0,0.0,1.0,0.0,0.0,1.0,0.0,0.0,0.0,0.0,0.0,1.0,0.0,0.0,1.0,1.0,0.0
8,2006,178.0,1370,1370,1370,2,6,1,2,484,202500,12.218495165528733,2740,2.0,8.0,40,21920,1,712.0,6850,5480,1452.0,1.0,0.0,1.0,0.0,0.0,1.0,1.0,0.0,1.0,0.0,0.0,1.0,0.0,0.0,0.0,1.0
7,1921,0.0,576,902,1710,2,9,0,2,480,140000,11.84939770159144,2286,2.0,11.0,42,16002,89,0.0,6840,5130,1440.0,0.0,1.0,0.0,0.0,1.0,0.0,0.0,0.0,0.0,1.0,1.0,0.0,0.0,1.0,1.0,0.0
7,1997,573.0,1057,1057,2034,2,8,0,2,645,219500,12.299107511497365,3091,3.5,10.5,35,21637,12,1719.0,10170,8136,1935.0,0.0,1.0,1.0,0.0,0.0,1.0,1.0,0.0,1.0,0.0,1.0,1.0,0.0,0.0,0.0,0.0
8,2004,344.0,1143,1143,2473,2,9,1,3,852,317000,12.666657052859415,3616,2.5,11.5,40,28928,3,1376.0,12365,9892,2556.0,1.0,0.0,1.0,1.0,0.0,0.0,1.0,0.0,1.0,0.0,0.0,0.0,0.0,0.0,0.0,1.0
7,1970,287.0,1947,2207,2207,2,7,1,2,576,180000,12.100712129872347,4154,3.0,9.0,35,29078,40,861.0,6621,6621,1728.0,0.0,1.0,0.0,0.0,0.0,1.0,0.0,0.0,0.0,1.0,0.0,1.0,0.0,0.0,0.0,0.0
7,2003,167.0,1453,1479,1479,2,7,0,2,558,226000,12.328290278254425,2932,3.0,9.0,35,20524,4,668.0,7395,5916,1674.0,1.0,0.0,1.0,0.0,0.0,1.0,1.0,0.0,1.0,0.0,1.0,1.0,0.0,0.0,0.0,0.0
4,1945,0.0,747,747,747,1,4,0,1,220,80000,11.289781913656018,1494,1.0,5.0,24,5976,65,0.0,2241,2241,660.0,0.0,1.0,0.0,0.0,1.0,0.0,0.0,0.0,0.0,1.0,1.0,1.0,0.0,1.0,1.0,0.0
7,1953,0.0,1304,1304,2287,2,7,1,2,667,225000,12.323855681186558,3591,2.0,9.0,28,25137,53,0.0,6861,6861,2001.0,1.0,0.0,0.0,0.0,1.0,0.0,0.0,0.0,0.0,1.0,0.0,1.0,1.0,0.0,0.0,0.0
7,1973,1115.0,2223,2223,2223,2,8,2,2,516,244000,12.404923504275338,4446,3.0,10.0,42,31122,34,3345.0,11115,6669,1548.0,0.0,1.0,0.0,0.0,0.0,0.0,1.0,0.0,0.0,1.0,0.0,1.0,1.0,0.0,0.0,0.0
4,1982,0.0,845,845,845,1,4,0,2,360,129500,11.771436160121729,1690,2.0,5.0,24,6760,25,0.0,2535,2535,1080.0,0.0,1.0,0.0,0.0,1.0,0.0,0.0,0.0,0.0,1.0,1.0,0.0,0.0,1.0,0.0,0.0
7,1998,40.0,832,885,1718,2,7,1,2,427,185000,12.128111104060462,2550,2.5,9.5,35,17850,11,120.0,6872,5154,1281.0,0.0,1.0,1.0,0.0,0.0,0.0,0.0,0.0,0.0,1.0,0.0,1.0,1.0,0.0,0.0,0.0
5,1954,104.0,1086,1086,1086,1,6,0,2,490,144900,11.883799128308771,2172,2.0,7.0,35,10860,56,312.0,4344,3258,1470.0,0.0,1.0,0.0,0.0,1.0,0.0,0.0,0.0,0.0,1.0,1.0,1.0,0.0,1.0,0.0,0.0
3,1915,0.0,840,840,1605,2,8,0,1,379,107400,11.5843154610569,2445,2.0,10.0,18,7335,95,0.0,6420,4815,1137.0,1.0,0.0,0.0,0.0,0.0,0.0,0.0,0.0,0.0,1.0,1.0,0.0,0.0,1.0,1.0,0.0
4,1973,0.0,462,526,988,1,5,0,1,297,91000,11.418614785498988,1450,2.0,6.0,20,5800,36,0.0,2964,2964,891.0,0.0,1.0,0.0,0.0,0.0,1.0,0.0,0.0,0.0,1.0,1.0,0.0,0.0,1.0,1.0,0.0
4,1956,0.0,952,952,952,1,4,0,1,283,135750,11.818570237796182,1904,1.0,5.0,28,7616,52,0.0,4760,2856,849.0,0.0,1.0,0.0,0.0,1.0,0.0,1.0,0.0,0.0,1.0,1.0,0.0,0.0,1.0,0.0,0.0
5,1948,0.0,672,1072,1285,1,6,0,1,240,127000,11.751942365440728,1957,2.0,7.0,25,9785,60,0.0,3855,3855,720.0,0.0,1.0,0.0,0.0,1.0,0.0,0.0,0.0,0.0,1.0,1.0,0.0,0.0,1.0,1.0,0.0
4,1968,0.0,1768,1768,1768,2,8,0,0,0,136500,11.824079893607152,3536,2.0,10.0,20,14144,42,0.0,5304,5304,1452.0,0.0,1.0,0.0,0.0,1.0,0.0,0.0,0.0,0.0,1.0,1.0,0.0,0.0,0.0,0.0,0.0
5,1910,0.0,440,682,1230,1,5,0,2,440,110000,11.608235644774552,1670,1.5,6.5,30,8350,99,0.0,4920,3690,1320.0,0.0,1.0,1.0,0.0,1.0,0.0,0.0,0.0,0.0,1.0,1.0,0.0,0.0,1.0,1.0,0.0
6,1968,576.0,896,1182,2142,2,8,1,1,509,193500,12.173032791451972,3038,2.5,10.5,36,18228,41,1728.0,6426,8568,1527.0,0.0,1.0,0.0,0.0,0.0,0.0,0.0,0.0,1.0,0.0,0.0,1.0,1.0,0.0,0.0,0.0
6,1998,443.0,1237,1337,1337,2,5,0,2,405,153500,11.941455846009388,2574,3.0,7.0,30,15444,8,1329.0,6685,4011,1215.0,0.0,1.0,1.0,1.0,0.0,1.0,1.0,0.0,0.0,1.0,1.0,1.0,1.0,0.0,0.0,0.0
8,2007,468.0,1563,1563,1563,2,6,1,3,758,245000,12.409013489526863,3126,2.0,8.0,40,25008,1,1404.0,7815,6252,2274.0,0.0,1.0,1.0,0.0,0.0,1.0,1.0,0.0,1.0,0.0,0.0,1.0,0.0,0.0,0.0,1.0
5,1960,66.0,1065,1065,1065,1,6,0,2,461,126500,11.747997587149712,2130,1.5,7.5,25,10650,47,198.0,4260,3195,1383.0,0.0,1.0,0.0,0.0,1.0,0.0,0.0,0.0,0.0,1.0,1.0,0.0,0.0,1.0,0.0,0.0
7,1995,22.0,384,804,1474,2,7,1,2,400,168500,12.034691028774551,1858,2.5,9.5,35,13006,14,66.0,5896,4422,1200.0,0.0,1.0,1.0,0.0,0.0,0.0,0.0,0.0,0.0,1.0,0.0,0.0,1.0,0.0,0.0,0.0
8,1991,284.0,1288,1301,2417,2,9,1,2,462,260000,12.468436909997664,3705,2.5,11.5,40,29640,15,1136.0,12085,9668,1386.0,1.0,0.0,0.0,0.0,0.0,0.0,1.0,0.0,1.0,0.0,0.0,1.0,0.0,1.0,0.0,1.0
6,2005,0.0,684,684,1560,2,6,1,2,400,174000,12.066810578196666,2244,2.5,8.5,30,13464,4,0.0,7800,6240,1200.0,1.0,0.0,1.0,0.0,0.0,0.0,1.0,0.0,1.0,0.0,0.0,0.0,1.0,0.0,0.0,0.0
6,2009,76.0,612,612,1224,2,4,0,2,528,164500,12.010665849187564,1836,2.5,6.5,30,11016,0,304.0,6120,4896,1584.0,1.0,0.0,1.0,0.0,0.0,0.0,1.0,0.0,1.0,0.0,1.0,0.0,0.0,0.0,0.0,1.0
3,1915,0.0,1013,1013,1526,1,6,0,0,0,85000,11.350406535472452,2026,1.0,7.0,6,6078,94,0.0,4578,3052,1452.0,0.0,0.0,0.0,0.0,1.0,0.0,0.0,0.0,0.0,0.0,1.0,0.0,0.0,0.0,1.0,0.0
4,1994,0.0,990,990,990,1,5,0,0,0,123600,11.724805824005728,1980,2.0,6.0,20,7920,13,0.0,4950,2970,1452.0,0.0,1.0,1.0,0.0,0.0,1.0,1.0,0.0,0.0,1.0,1.0,0.0,0.0,0.0,0.0,0.0
4,1950,0.0,0,1040,1040,1,4,0,2,420,109900,11.607326140391711,1040,1.0,5.0,20,4160,56,0.0,3120,3120,1260.0,0.0,1.0,0.0,0.0,0.0,0.0,0.0,0.0,0.0,1.0,1.0,0.0,0.0,1.0,0.0,0.0
5,1961,203.0,1235,1235,1235,1,6,0,2,480,98600,11.498826540590729,2470,1.0,7.0,15,12350,45,609.0,3705,3705,1440.0,0.0,1.0,0.0,0.0,1.0,0.0,0.0,0.0,0.0,1.0,1.0,1.0,0.0,1.0,0.0,0.0
5,1921,0.0,876,964,964,1,5,0,2,432,163500,12.004568269319446,1840,2.0,6.0,35,9200,88,0.0,4820,2892,1296.0,0.0,1.0,0.0,0.0,0.0,0.0,1.0,0.0,0.0,1.0,1.0,0.0,0.0,1.0,0.0,1.0
6,1910,0.0,1214,1260,2291,2,9,1,2,506,133900,11.804848531679264,3505,2.5,11.0,36,21030,97,0.0,11455,6873,1518.0,0.0,1.0,0.0,0.0,1.0,0.0,1.0,0.0,0.0,1.0,0.0,0.0,0.0,1.0,1.0,0.0
6,1997,0.0,824,905,1786,2,7,0,2,684,204750,12.229545001715316,2610,3.5,9.5,30,15660,10,0.0,8930,7144,2052.0,0.0,1.0,1.0,0.0,0.0,1.0,1.0,0.0,1.0,0.0,1.0,1.0,0.0,0.0,0.0,0.0
6,1993,68.0,680,680,1470,2,6,1,2,420,185000,12.128111104060462,2150,2.5,8.5,48,12900,16,340.0,5880,4410,1260.0,0.0,0.0,1.0,0.0,0.0,0.0,0.0,0.0,0.0,1.0,0.0,0.0,1.0,0.0,0.0,0.0
7,1999,183.0,1588,1588,1588,2,6,0,2,472,214000,12.273731294003989,3176,2.0,8.0,35,22232,7,732.0,7940,6352,1416.0,1.0,0.0,1.0,0.0,0.0,0.0,1.0,0.0,1.0,0.0,1.0,1.0,0.0,0.0,0.0,0.0
4,1965,48.0,960,960,960,1,6,0,1,432,94750,11.458997122944671,1920,2.0,7.0,20,7680,42,144.0,2880,2880,1296.0,0.0,1.0,0.0,0.0,1.0,0.0,0.0,0.0,0.0,1.0,1.0,1.0,1.0,0.0,1.0,0.0
5,1920,0.0,458,835,835,1,5,0,1,366,83000,11.326595886778737,1293,1.0,6.0,25,6465,90,0.0,1670,2505,732.0,0.0,1.0,0.0,0.0,1.0,0.0,0.0,0.0,0.0,1.0,1.0,0.0,0.0,1.0,1.0,0.0
4,1959,0.0,950,1225,1225,1,6,0,0,0,128950,11.76718001130949,2175,2.5,7.5,20,8700,51,0.0,2450,3675,1452.0,0.0,1.0,0.0,0.0,1.0,0.0,0.0,0.0,0.0,1.0,1.0,0.0,0.0,0.0,0.0,0.0
6,1977,28.0,1610,1610,1610,2,6,2,2,480,205000,12.230765258120543,3220,3.0,8.0,42,19320,33,84.0,6440,6440,1440.0,0.0,1.0,1.0,0.0,1.0,0.0,0.0,0.0,1.0,0.0,0.0,1.0,0.0,0.0,0.0,0.0
6,1985,336.0,741,977,1732,2,7,1,2,476,178000,12.089538829274222,2473,2.5,9.5,30,14838,25,1344.0,5196,6928,1428.0,1.0,0.0,0.0,0.0,0.0,0.0,0.0,0.0,1.0,0.0,0.0,1.0,1.0,0.0,0.0,0.0
5,1979,0.0,0,1535,1535,2,8,0,2,410,118964,11.686576205316552,1535,2.0,10.0,25,7675,30,0.0,4605,4605,1230.0,0.0,1.0,0.0,0.0,0.0,0.0,0.0,0.0,0.0,1.0,1.0,1.0,0.0,1.0,0.0,0.0
7,2009,0.0,1226,1226,1226,2,6,0,3,740,198900,12.200557464842063,2452,2.0,8.0,35,17164,1,0.0,6130,4904,2220.0,0.0,1.0,1.0,0.0,0.0,0.0,1.0,0.0,1.0,0.0,1.0,1.0,0.0,0.0,0.0,0.0
7,1931,600.0,1040,1226,1818,1,7,2,1,240,169500,12.04060820580264,2858,1.5,8.5,28,20006,76,1800.0,9090,5454,720.0,0.0,1.0,1.0,0.0,1.0,0.0,1.0,0.0,0.0,1.0,0.0,0.0,0.0,1.0,1.0,0.0
8,2003,768.0,1053,1053,1992,2,9,1,2,648,250000,12.429216196844385,3045,2.5,11.5,40,24360,5,3072.0,9960,7968,1944.0,1.0,0.0,1.0,1.0,0.0,0.0,1.0,0.0,1.0,0.0,0.0,1.0,0.0,0.0,0.0,1.0
4,1885,0.0,641,1047,1047,1,6,0,1,273,100000,11.512925464970229,1688,1.0,7.0,28,6752,122,0.0,4188,3141,546.0,0.0,1.0,0.0,0.0,0.0,0.0,0.0,0.0,0.0,1.0,1.0,0.0,0.0,1.0,1.0,0.0
5,1948,0.0,789,789,789,1,5,0,1,250,115000,11.652687407345388,1578,1.0,6.0,25,7890,60,0.0,3945,2367,750.0,0.0,1.0,0.0,0.0,1.0,0.0,1.0,0.0,0.0,1.0,1.0,0.0,0.0,1.0,1.0,0.0
5,1919,0.0,793,997,1517,2,7,0,0,0,115000,11.652687407345388,2310,2.0,9.0,35,11550,88,0.0,4551,3034,1452.0,0.0,1.0,0.0,0.0,1.0,0.0,0.0,0.0,0.0,0.0,1.0,0.0,0.0,0.0,1.0,0.0
6,1977,480.0,1844,1844,1844,2,7,1,2,546,190000,12.154779351142624,3688,2.0,9.0,36,22128,33,1440.0,9220,5532,1638.0,0.0,1.0,0.0,0.0,0.0,0.0,1.0,0.0,0.0,1.0,0.0,1.0,0.0,0.0,0.0,0.0
6,1954,0.0,994,1216,1855,2,7,0,1,325,136900,11.82700601127654,2849,2.0,9.0,24,17094,52,0.0,7420,5565,975.0,0.0,1.0,0.0,0.0,1.0,0.0,0.0,0.0,0.0,1.0,1.0,1.0,0.0,1.0,1.0,0.0
7,2000,0.0,384,774,1430,2,7,1,2,400,180000,12.100712129872347,1814,2.5,9.5,35,12698,10,0.0,7150,4290,1200.0,0.0,1.0,1.0,0.0,0.0,1.0,1.0,0.0,0.0,1.0,0.0,0.0,1.0,0.0,0.0,0.0
7,2007,220.0,1264,1282,2696,2,10,1,3,792,383970,12.858319703517948,3960,3.5,12.5,35,27720,0,880.0,13480,13480,2376.0,1.0,0.0,1.0,1.0,0.0,1.0,1.0,1.0,0.0,0.0,0.0,0.0,1.0,0.0,0.0,0.0
6,1953,184.0,1809,2259,2259,2,7,2,2,450,217000,12.287652632522596,4068,3.0,9.0,30,24408,54,552.0,6777,9036,1350.0,0.0,1.0,0.0,0.0,0.0,0.0,0.0,0.0,1.0,0.0,0.0,0.0,0.0,1.0,0.0,1.0
6,1945,0.0,1028,1436,2320,2,9,1,1,180,259500,12.46651198158808,3348,3.5,11.5,48,20088,62,0.0,11600,9280,540.0,0.0,1.0,0.0,0.0,1.0,0.0,1.0,0.0,1.0,0.0,0.0,0.0,0.0,1.0,0.0,1.0
6,1999,1129.0,729,729,1458,2,5,1,2,440,176000,12.078239274020287,2187,2.5,7.5,30,13122,8,3387.0,5832,4374,1320.0,0.0,1.0,1.0,0.0,0.0,1.0,0.0,0.0,0.0,1.0,0.0,0.0,0.0,1.0,0.0,1.0
5,1962,116.0,1092,1092,1092,1,6,1,1,288,139000,11.842229212112828,2184,1.5,7.0,25,10920,47,348.0,3276,3276,864.0,0.0,1.0,0.0,0.0,1.0,0.0,0.0,0.0,0.0,1.0,0.0,1.0,0.0,1.0,0.0,0.0
5,2006,0.0,1125,1125,1125,1,5,0,2,430,155000,11.951180395901384,2250,1.5,6.5,25,11250,1,0.0,4500,3375,1290.0,0.0,1.0,1.0,0.0,0.0,0.0,0.0,0.0,0.0,1.0,1.0,1.0,0.0,1.0,1.0,0.0
7,1990,0.0,1673,1699,3222,3,11,2,3,594,320000,12.676076274775909,4895,4.0,14.0,35,34265,20,0.0,12888,12888,1782.0,0.0,1.0,1.0,0.0,0.0,1.0,0.0,0.0,1.0,0.0,0.0,1.0,0.0,1.0,0.0,0.0
6,2005,0.0,728,728,1456,2,8,1,2,390,163990,12.007560729337492,2184,2.5,10.5,30,13104,1,0.0,7280,5824,1170.0,1.0,0.0,1.0,0.0,0.0,0.0,1.0,0.0,1.0,0.0,0.0,1.0,1.0,0.0,0.0,0.0
6,1969,0.0,938,988,988,1,4,2,2,540,180000,12.100712129872347,1926,2.0,5.0,30,11556,37,0.0,4940,2964,1620.0,0.0,1.0,0.0,0.0,1.0,0.0,1.0,0.0,0.0,1.0,0.0,1.0,0.0,1.0,0.0,0.0
4,1939,0.0,732,772,1123,1,4,0,1,264,100000,11.512925464970229,1855,1.0,5.0,20,7420,68,0.0,4492,3369,792.0,0.0,1.0,1.0,0.0,1.0,0.0,0.0,0.0,0.0,1.0,1.0,0.0,0.0,1.0,1.0,0.0
6,1958,135.0,1080,1080,1080,1,5,0,1,288,136000,11.820410164718188,2160,1.0,6.0,42,12960,50,405.0,4320,3240,864.0,0.0,1.0,0.0,0.0,1.0,0.0,0.0,0.0,0.0,1.0,1.0,1.0,0.0,1.0,0.0,0.0
6,1993,0.0,1199,1199,1199,2,5,0,2,530,153900,11.94405831982697,2398,2.0,7.0,30,14388,15,0.0,5995,4796,1590.0,1.0,0.0,1.0,0.0,0.0,1.0,1.0,0.0,1.0,0.0,1.0,1.0,0.0,0.0,0.0,0.0
6,1979,0.0,1362,1586,1586,2,7,1,2,435,181000,12.106252310247962,2948,2.0,9.0,30,17688,30,0.0,4758,4758,1305.0,0.0,1.0,0.0,0.0,0.0,0.0,0.0,0.0,0.0,1.0,0.0,1.0,0.0,1.0,0.0,0.0
6,1935,0.0,520,520,754,1,5,0,0,0,84500,11.344506813345266,1040,2.0,6.0,48,6240,71,0.0,3016,2262,1452.0,0.0,1.0,0.0,0.0,1.0,1.0,0.0,0.0,0.0,1.0,1.0,0.0,0.0,0.0,1.0,0.0
6,1976,0.0,1078,958,958,2,5,1,2,440,128000,11.759785542901756,2036,2.0,7.0,30,12216,31,0.0,2874,2874,1320.0,0.0,1.0,0.0,0.0,0.0,0.0,0.0,0.0,0.0,1.0,0.0,1.0,0.0,0.0,0.0,0.0
5,1930,0.0,672,840,840,1,5,1,0,0,87000,11.37366339763672,1512,1.0,6.0,35,7560,77,0.0,4200,2520,1452.0,0.0,1.0,0.0,0.0,1.0,0.0,1.0,0.0,0.0,1.0,0.0,0.0,0.0,0.0,1.0,0.0
6,1966,266.0,660,660,1348,1,6,1,2,453,155000,11.951180395901384,2008,1.5,7.5,30,12048,40,798.0,4044,4044,1359.0,0.0,1.0,0.0,0.0,1.0,0.0,0.0,0.0,0.0,1.0,0.0,1.0,0.0,0.0,0.0,0.0
5,1958,85.0,1008,1053,1053,1,6,0,2,750,150000,11.918390573078392,2061,2.0,7.5,35,10305,48,255.0,3159,5265,2250.0,0.0,1.0,0.0,0.0,1.0,0.0,0.0,1.0,0.0,0.0,1.0,0.0,0.0,0.0,0.0,0.0
7,1966,309.0,924,1216,2157,2,8,2,2,487,226000,12.328290278254425,3081,2.5,10.5,42,21567,40,927.0,10785,8628,1461.0,0.0,1.0,0.0,0.0,1.0,0.0,1.0,0.0,1.0,0.0,0.0,1.0,1.0,0.0,0.0,0.0
6,2000,40.0,992,1022,2054,2,7,1,2,390,244000,12.404923504275338,3046,3.5,9.5,30,18276,9,160.0,10270,8216,1170.0,1.0,0.0,1.0,0.0,0.0,1.0,1.0,0.0,1.0,0.0,0.0,0.0,0.0,0.0,0.0,0.0
5,1959,0.0,1063,1327,1327,1,7,0,2,624,150750,11.923378114589433,2390,2.0,8.0,30,11950,48,0.0,5308,5308,1872.0,0.0,1.0,0.0,0.0,1.0,0.0,0.0,0.0,1.0,0.0,1.0,0.0,0.0,1.0,0.0,0.0
8,2001,136.0,1267,1296,1296,2,6,0,2,471,220000,12.301382825334498,2563,3.0,8.0,40,20504,8,544.0,6480,5184,1413.0,1.0,0.0,1.0,1.0,0.0,1.0,1.0,0.0,1.0,0.0,1.0,1.0,1.0,0.0,0.0,1.0
5,1968,0.0,1461,1721,1721,2,7,1,2,440,180000,12.100712129872347,3182,2.5,9.5,30,15910,38,0.0,6884,5163,1320.0,0.0,1.0,0.0,0.0,1.0,0.0,0.0,0.0,0.0,1.0,0.0,1.0,0.0,0.0,0.0,0.0
7,1970,288.0,1304,1682,1682,2,7,1,2,530,174000,12.066810578196666,2986,2.0,9.0,42,20902,38,864.0,6728,5046,1590.0,0.0,1.0,1.0,0.0,1.0,0.0,0.0,0.0,0.0,1.0,0.0,1.0,0.0,1.0,0.0,0.0
5,1967,196.0,1214,1214,1214,2,5,1,1,318,143000,11.870599909242044,2428,2.0,7.0,25,12140,40,588.0,3642,3642,954.0,0.0,1.0,0.0,0.0,1.0,0.0,0.0,0.0,0.0,1.0,0.0,1.0,0.0,0.0,0.0,0.0
7,1988,70.0,1907,1959,1959,3,9,0,3,766,171000,12.049418835484795,3866,3.0,12.0,35,27062,18,210.0,7836,5877,2298.0,0.0,1.0,0.0,0.0,1.0,0.0,0.0,0.0,0.0,1.0,1.0,0.0,0.0,1.0,0.0,0.0
8,1999,320.0,1004,1004,1852,2,7,2,3,660,230000,12.345834587905332,2856,2.5,9.5,40,22848,9,1280.0,9260,7408,1980.0,1.0,0.0,1.0,0.0,0.0,1.0,1.0,0.0,1.0,0.0,0.0,1.0,1.0,0.0,0.0,0.0
6,1997,0.0,928,928,1764,2,7,0,2,470,231500,12.352335152508426,2692,3.5,9.5,30,16152,12,0.0,8820,7056,1410.0,0.0,1.0,1.0,0.0,0.0,1.0,1.0,0.0,1.0,0.0,1.0,1.0,0.0,0.0,0.0,0.0
4,1971,0.0,864,864,864,1,5,1,0,0,115000,11.652687407345388,1728,1.0,6.0,20,6912,39,0.0,2592,2592,1452.0,0.0,1.0,0.0,0.0,1.0,0.0,0.0,0.0,0.0,1.0,0.0,0.0,0.0,0.0,0.0,0.0
7,2005,0.0,1734,1734,1734,2,7,0,2,660,260000,12.468436909997664,3468,3.0,9.0,35,24276,1,0.0,8670,6936,1980.0,1.0,0.0,1.0,0.0,0.0,1.0,1.0,0.0,1.0,0.0,1.0,1.0,1.0,0.0,0.0,0.0
5,1952,0.0,910,910,1385,2,6,0,2,720,166000,12.01974306733868,2295,2.0,8.0,20,11475,58,0.0,2770,4155,2160.0,0.0,1.0,0.0,0.0,1.0,0.0,0.0,0.0,0.0,1.0,1.0,0.0,0.0,1.0,0.0,0.0
7,1999,183.0,1490,1501,1501,2,6,0,2,577,204000,12.225875272826354,2991,3.0,8.0,35,20937,10,732.0,7505,6004,1731.0,1.0,0.0,1.0,0.0,0.0,1.0,1.0,0.0,1.0,0.0,1.0,1.0,0.0,0.0,0.0,0.0
5,1963,336.0,1728,1728,1728,2,10,0,2,504,125000,11.736069016284436,3456,3.0,12.0,25,17280,43,1008.0,5184,5184,1512.0,0.0,1.0,0.0,0.0,1.0,0.0,0.0,0.0,0.0,1.0,1.0,0.0,0.0,1.0,0.0,0.0
6,2004,50.0,970,970,1709,2,7,0,2,380,130000,11.77528972943772,2679,2.0,9.0,30,16074,2,200.0,8545,6836,1140.0,1.0,0.0,1.0,0.0,0.0,0.0,1.0,0.0,1.0,0.0,1.0,0.0,0.0,1.0,1.0,0.0
5,1931,0.0,715,875,875,1,5,0,1,180,105000,11.56171562913966,1590,2.0,6.0,35,7950,78,0.0,2625,2625,360.0,0.0,1.0,0.0,0.0,1.0,0.0,0.0,0.0,0.0,1.0,1.0,0.0,0.0,1.0,1.0,0.0
7,2001,180.0,884,884,2035,2,8,1,2,434,222500,12.312682380588432,2919,2.5,10.5,35,20433,9,720.0,10175,8140,1302.0,1.0,0.0,1.0,0.0,0.0,0.0,1.0,0.0,1.0,0.0,0.0,0.0,1.0,0.0,0.0,0.0
7,2004,120.0,1080,1080,1080,1,6,0,0,0,141000,11.856515169360303,2160,2.0,7.0,35,15120,4,360.0,5400,4320,1452.0,0.0,1.0,1.0,0.0,0.0,1.0,1.0,0.0,1.0,0.0,1.0,0.0,0.0,0.0,0.0,0.0
5,1936,0.0,896,896,1344,1,7,0,1,240,115000,11.652687407345388,2240,1.0,8.0,20,11200,70,0.0,5376,4032,480.0,0.0,1.0,0.0,0.0,0.0,0.0,0.0,0.0,0.0,1.0,1.0,0.0,0.0,1.0,1.0,0.0
5,1975,0.0,969,969,969,1,5,0,2,440,122000,11.711776323715394,1938,1.5,6.5,30,9690,32,0.0,2907,2907,1320.0,0.0,1.0,0.0,0.0,1.0,0.0,0.0,0.0,0.0,1.0,1.0,1.0,0.0,1.0,0.0,0.0
8,2007,436.0,1710,1710,1710,2,6,1,3,866,372402,12.827729194939907,3420,3.0,8.0,40,27360,1,1744.0,8550,6840,2598.0,1.0,0.0,1.0,1.0,0.0,1.0,1.0,0.0,1.0,0.0,0.0,1.0,0.0,0.0,0.0,1.0
6,1971,252.0,825,1097,1993,2,8,1,2,495,190000,12.154779351142624,2818,2.5,10.5,30,16908,35,756.0,7972,5979,1485.0,0.0,1.0,0.0,0.0,1.0,0.0,0.0,0.0,0.0,1.0,0.0,1.0,0.0,0.0,0.0,0.0
6,1960,0.0,1602,1252,1252,1,4,1,2,564,235000,12.367340793126296,2854,2.0,5.0,42,17124,48,0.0,5008,3756,1692.0,0.0,1.0,0.0,0.0,0.0,0.0,0.0,0.0,0.0,1.0,0.0,1.0,0.0,0.0,0.0,0.0
6,1923,0.0,1200,1200,1200,1,7,0,1,312,125000,11.736069016284436,2400,1.0,8.0,30,14400,83,0.0,3600,3600,624.0,0.0,1.0,0.0,0.0,1.0,0.0,0.0,0.0,0.0,1.0,1.0,0.0,0.0,1.0,1.0,0.0
6,1924,0.0,572,572,1096,1,5,0,0,0,79000,11.27720313144916,1668,1.0,6.0,30,10008,84,0.0,2192,3288,1452.0,0.0,1.0,0.0,0.0,1.0,0.0,0.0,0.0,0.0,1.0,1.0,0.0,0.0,0.0,1.0,0.0
5,1950,0.0,0,1040,1040,1,5,0,2,625,109500,11.603679828238691,1040,1.0,6.0,35,5200,56,0.0,3120,3120,1875.0,0.0,1.0,0.0,0.0,0.0,0.0,0.0,0.0,0.0,1.0,1.0,0.0,0.0,1.0,0.0,0.0
8,2009,84.0,774,774,1968,2,8,1,3,680,269500,12.504323669331187,2742,2.5,10.5,40,21936,1,336.0,9840,9840,2040.0,1.0,0.0,1.0,1.0,0.0,0.0,1.0,1.0,0.0,0.0,0.0,0.0,1.0,0.0,0.0,1.0
7,2004,0.0,991,991,1947,2,8,1,2,678,254900,12.448626590364206,2938,2.5,10.5,35,20566,6,0.0,9735,7788,2034.0,1.0,0.0,1.0,0.0,0.0,1.0,1.0,0.0,1.0,0.0,0.0,1.0,0.0,0.0,0.0,1.0
7,2005,456.0,1392,1392,2462,2,9,1,2,576,320000,12.676076274775909,3854,3.5,11.5,35,26978,1,1824.0,12310,9848,1728.0,1.0,0.0,1.0,0.0,0.0,1.0,1.0,0.0,1.0,0.0,0.0,1.0,0.0,0.0,0.0,0.0
6,1984,0.0,1232,1232,1232,2,6,0,2,516,162500,11.998433280751929,2464,2.0,8.0,36,14784,24,0.0,3696,3696,1548.0,0.0,1.0,1.0,0.0,0.0,0.0,0.0,0.0,0.0,1.0,1.0,1.0,0.0,1.0,0.0,1.0
9,2003,664.0,1572,1572,2668,2,10,2,3,726,412500,12.929991484756872,4240,3.5,12.5,45,38160,5,2656.0,13340,13340,2178.0,1.0,0.0,1.0,1.0,0.0,1.0,1.0,1.0,0.0,0.0,0.0,0.0,1.0,0.0,0.0,1.0
7,2005,226.0,1541,1541,1541,2,7,1,2,532,220000,12.301382825334498,3082,2.0,9.0,35,21574,5,904.0,7705,6164,1596.0,1.0,0.0,1.0,0.0,0.0,0.0,1.0,0.0,1.0,0.0,0.0,1.0,0.0,0.0,0.0,1.0
4,1956,0.0,882,882,882,1,4,0,0,0,103200,11.5444241320296,1764,1.0,5.0,24,7056,51,0.0,4410,2646,1452.0,0.0,1.0,0.0,0.0,1.0,0.0,1.0,0.0,0.0,1.0,1.0,0.0,0.0,0.0,1.0,0.0
6,1926,0.0,1149,1149,1616,2,5,0,1,216,152000,11.931635799828411,2765,2.0,7.0,42,16590,81,0.0,6464,6464,648.0,0.0,1.0,0.0,0.0,1.0,0.0,0.0,0.0,1.0,0.0,1.0,0.0,0.0,1.0,1.0,0.0
5,1940,0.0,644,808,1355,2,6,0,0,0,127500,11.755871643580615,1999,3.0,8.0,35,9995,68,0.0,5420,4065,1452.0,0.0,1.0,0.0,0.0,1.0,0.0,0.0,0.0,0.0,1.0,1.0,0.0,0.0,0.0,1.0,0.0
5,1955,0.0,1617,1867,1867,1,7,3,1,303,190000,12.154779351142624,3484,2.0,8.0,25,17420,54,0.0,9335,5601,909.0,1.0,0.0,0.0,0.0,1.0,0.0,1.0,0.0,0.0,1.0,0.0,1.0,1.0,0.0,0.0,0.0
8,2007,300.0,1582,1610,2161,1,8,1,3,789,325624,12.693498620467778,3743,2.5,9.5,40,29944,0,1200.0,10805,10805,2367.0,1.0,0.0,1.0,1.0,0.0,1.0,1.0,1.0,0.0,0.0,0.0,1.0,1.0,0.0,0.0,1.0
7,2004,0.0,840,840,1720,2,7,1,2,440,183500,12.11996994647676,2560,2.5,9.5,35,17920,3,0.0,8600,6880,1320.0,1.0,0.0,1.0,0.0,0.0,0.0,1.0,0.0,1.0,0.0,0.0,1.0,1.0,0.0,0.0,0.0
8,1981,653.0,1686,1707,1707,2,6,1,2,511,228000,12.337100907936575,3393,2.5,8.5,48,27144,25,2612.0,5121,5121,1533.0,1.0,0.0,0.0,0.0,0.0,0.0,0.0,0.0,0.0,1.0,0.0,1.0,0.0,0.0,0.0,1.0
5,1941,0.0,720,854,1382,1,7,0,2,660,128500,11.763684183317412,1574,1.5,8.5,30,7870,66,0.0,4146,4146,1980.0,0.0,1.0,0.0,0.0,1.0,0.0,0.0,0.0,0.0,1.0,1.0,0.0,0.0,1.0,1.0,0.0
6,1960,112.0,1080,1656,1656,1,7,2,2,528,215000,12.2783933071098,2736,2.0,8.0,30,16416,50,336.0,3312,4968,1584.0,0.0,1.0,0.0,0.0,1.0,0.0,0.0,0.0,0.0,1.0,0.0,1.0,1.0,0.0,0.0,0.0
7,1987,0.0,1064,1064,1767,2,5,1,2,504,239000,12.384218830913648,2831,3.0,7.0,49,19817,19,0.0,7068,7068,2016.0,1.0,0.0,1.0,0.0,0.0,1.0,0.0,0.0,1.0,0.0,0.0,1.0,0.0,0.0,0.0,1.0
6,1961,491.0,1362,1362,1362,1,6,1,2,504,163000,12.0015054797889,2724,2.5,7.5,30,16344,47,1473.0,4086,4086,1512.0,0.0,1.0,0.0,0.0,1.0,0.0,0.0,0.0,0.0,1.0,0.0,1.0,0.0,1.0,0.0,0.0
6,1986,132.0,1606,1651,1651,2,7,1,2,616,184000,12.122691036591124,3257,3.0,9.0,30,19542,22,396.0,4953,4953,1848.0,0.0,1.0,0.0,0.0,0.0,0.0,0.0,0.0,0.0,1.0,0.0,1.0,1.0,0.0,0.0,1.0
6,1950,0.0,1202,2158,2158,2,7,1,2,576,243000,12.400816722322686,3360,3.0,9.0,42,20160,57,0.0,6474,8632,1728.0,0.0,1.0,0.0,0.0,1.0,0.0,0.0,0.0,1.0,0.0,0.0,1.0,0.0,1.0,1.0,0.0
6,1988,268.0,1151,1164,2060,2,8,1,2,521,211000,12.259613412458204,3211,3.0,10.5,30,19266,19,1072.0,6180,6180,1563.0,1.0,0.0,1.0,0.0,0.0,1.0,0.0,0.0,0.0,1.0,0.0,1.0,0.0,1.0,0.0,0.0
5,1958,0.0,1052,1252,1920,2,8,1,2,451,172500,12.058152515453552,2972,3.0,10.0,25,14860,48,0.0,9600,7680,1353.0,1.0,0.0,0.0,0.0,1.0,0.0,1.0,0.0,1.0,0.0,0.0,1.0,0.0,1.0,0.0,0.0
9,2008,748.0,2216,2234,2234,2,9,1,3,1166,501837,13.1260306447518,4450,3.0,11.0,45,40050,1,3740.0,11170,11170,3498.0,0.0,0.0,1.0,1.0,0.0,1.0,1.0,1.0,0.0,0.0,0.0,1.0,1.0,0.0,0.0,1.0
5,1923,0.0,968,968,968,1,5,0,2,480,100000,11.512925464970229,1936,1.0,6.0,30,9680,84,0.0,2904,2904,960.0,1.0,0.0,0.0,0.0,1.0,0.0,0.0,0.0,0.0,1.0,1.0,0.0,0.0,1.0,1.0,0.0
6,2000,456.0,756,769,1525,2,5,1,2,440,177000,12.083905011555968,2281,2.5,7.5,30,13686,7,1824.0,7625,6100,1320.0,1.0,0.0,1.0,0.0,0.0,1.0,1.0,0.0,1.0,0.0,0.0,0.0,0.0,1.0,0.0,1.0
7,1920,0.0,793,901,1802,1,9,1,1,216,200100,12.206572520571823,2595,1.5,10.5,42,18165,86,0.0,7208,5406,432.0,0.0,1.0,0.0,0.0,0.0,0.0,0.0,0.0,0.0,1.0,0.0,0.0,0.0,1.0,0.0,1.0
5,1957,98.0,0,1340,1340,1,7,1,1,252,120000,11.695247021764184,1340,1.0,8.0,30,6700,50,294.0,6700,4020,756.0,0.0,1.0,1.0,0.0,0.0,0.0,1.0,0.0,0.0,1.0,0.0,1.0,0.0,0.0,1.0,0.0
7,2003,0.0,1362,1362,2082,2,6,0,2,484,200000,12.206072645530174,3444,2.5,8.5,35,24108,5,0.0,10410,8328,1452.0,0.0,1.0,1.0,0.0,0.0,0.0,1.0,0.0,1.0,0.0,1.0,0.0,0.0,1.0,1.0,0.0
5,1908,0.0,504,936,1252,1,5,0,2,576,127000,11.751942365440728,1756,1.0,6.0,40,8780,98,0.0,5008,3756,1728.0,0.0,1.0,1.0,0.0,0.0,0.0,0.0,0.0,0.0,1.0,1.0,1.0,0.0,1.0,1.0,0.0
10,1892,0.0,1107,1518,3608,2,12,2,3,840,475000,13.071070083016778,4143,2.5,14.5,90,41430,114,0.0,18040,18040,4200.0,1.0,0.0,0.0,0.0,1.0,0.0,1.0,1.0,0.0,0.0,0.0,0.0,0.0,1.0,1.0,0.0
7,1990,0.0,1188,1217,1217,2,6,0,2,497,173000,12.061046873479915,2405,3.0,8.0,35,16835,19,0.0,6085,4868,1491.0,0.0,1.0,1.0,0.0,0.0,1.0,1.0,0.0,1.0,0.0,1.0,1.0,0.0,1.0,0.0,0.0
5,1916,0.0,660,808,1656,2,8,0,1,180,135000,11.813030057420567,2172,2.5,10.5,35,10860,93,0.0,8280,4968,360.0,0.0,1.0,0.0,0.0,0.0,0.0,1.0,0.0,0.0,1.0,1.0,0.0,0.0,1.0,1.0,0.0
5,1979,275.0,1086,1224,1224,0,6,2,2,528,153337,11.940393392554734,2310,3.0,7.0,25,11550,30,825.0,3672,3672,1584.0,0.0,1.0,0.0,0.0,0.0,1.0,0.0,0.0,0.0,1.0,0.0,0.0,0.0,1.0,0.0,0.0
8,2001,0.0,1593,1593,1593,1,5,1,2,682,286000,12.56374708980199,3186,2.5,6.5,40,25488,7,0.0,7965,7965,2046.0,1.0,0.0,1.0,1.0,0.0,1.0,1.0,1.0,0.0,0.0,0.0,1.0,1.0,0.0,0.0,1.0
8,1932,0.0,853,1549,2727,2,10,2,2,440,315000,12.66032791780777,3580,2.5,12.5,64,28640,75,0.0,8181,10908,1320.0,1.0,0.0,0.0,0.0,0.0,0.0,0.0,0.0,1.0,0.0,0.0,0.0,0.0,1.0,0.0,1.0
7,1972,138.0,725,725,1479,1,7,0,2,484,184000,12.122691036591124,2204,2.5,8.5,63,15428,35,414.0,5916,5916,1452.0,0.0,1.0,0.0,0.0,1.0,0.0,0.0,0.0,1.0,0.0,1.0,1.0,1.0,0.0,0.0,0.0
7,1999,0.0,1431,1431,1431,2,6,0,2,666,192000,12.165250651009918,2862,3.0,8.0,35,20034,10,0.0,7155,5724,1998.0,1.0,0.0,1.0,0.0,0.0,1.0,1.0,0.0,1.0,0.0,1.0,1.0,1.0,0.0,0.0,0.0
7,2004,50.0,970,970,1709,2,7,0,2,380,130000,11.77528972943772,2679,2.0,9.0,35,18753,2,200.0,8545,6836,1140.0,1.0,0.0,1.0,0.0,0.0,0.0,1.0,0.0,1.0,0.0,1.0,0.0,0.0,1.0,1.0,0.0
5,1972,0.0,864,864,864,1,5,0,1,352,127000,11.751942365440728,1728,1.0,6.0,35,8640,36,0.0,2592,2592,1056.0,0.0,1.0,0.0,0.0,1.0,0.0,0.0,0.0,0.0,1.0,1.0,0.0,0.0,1.0,0.0,0.0
6,1976,0.0,855,855,1456,2,7,1,2,440,148500,11.908340237224891,2311,2.5,9.5,36,13866,33,0.0,4368,4368,1320.0,0.0,1.0,0.0,0.0,0.0,0.0,0.0,0.0,0.0,1.0,0.0,1.0,0.0,1.0,0.0,0.0
7,2007,205.0,1726,1726,1726,2,8,1,3,786,311872,12.65034812620318,3452,3.0,10.0,35,24164,0,1025.0,8630,8630,2358.0,0.0,0.0,1.0,1.0,0.0,1.0,1.0,1.0,0.0,0.0,0.0,1.0,1.0,0.0,0.0,1.0
8,1918,0.0,1360,1360,3112,2,8,1,2,795,235000,12.367340793126296,4080,3.5,10.0,32,32640,88,0.0,12448,12448,2385.0,1.0,0.0,1.0,0.0,1.0,1.0,0.0,0.0,1.0,0.0,0.0,0.0,0.0,1.0,0.0,0.0
6,1912,0.0,755,929,2229,1,8,0,0,0,104000,11.55214617812351,2613,1.0,9.0,36,15678,97,0.0,11145,6687,1452.0,0.0,1.0,0.0,0.0,1.0,0.0,1.0,0.0,0.0,1.0,1.0,0.0,0.0,0.0,1.0,0.0
8,2004,262.0,1713,1713,1713,2,7,1,3,856,274900,12.524162674153336,3426,3.0,9.0,40,27408,5,1048.0,8565,8565,2568.0,1.0,0.0,1.0,1.0,0.0,1.0,1.0,1.0,0.0,0.0,0.0,1.0,1.0,0.0,0.0,1.0
4,2003,0.0,1121,1121,1121,2,5,0,2,440,140000,11.84939770159144,2242,2.0,7.0,20,8968,7,0.0,5605,3363,1320.0,0.0,1.0,1.0,0.0,0.0,0.0,1.0,0.0,0.0,1.0,1.0,1.0,0.0,0.0,1.0,0.0
6,1977,0.0,1196,1279,1279,2,6,2,2,473,171500,12.052338545588132,2475,2.5,8.0,36,14850,31,0.0,3837,3837,1419.0,0.0,1.0,0.0,0.0,1.0,0.0,0.0,0.0,0.0,1.0,0.0,0.0,0.0,1.0,0.0,0.0
6,1924,0.0,617,865,1310,2,6,0,1,398,112000,11.626254150277232,1927,2.0,8.0,36,11562,82,0.0,5240,3930,1194.0,0.0,1.0,0.0,0.0,0.0,0.0,0.0,0.0,0.0,1.0,1.0,1.0,0.0,1.0,1.0,0.0
6,2004,205.0,848,848,848,1,3,1,2,420,149000,11.911701584927595,1696,2.0,4.0,30,10176,4,820.0,4240,3392,1260.0,1.0,0.0,1.0,0.0,0.0,1.0,1.0,0.0,1.0,0.0,0.0,1.0,0.0,0.0,0.0,0.0
5,1947,0.0,720,720,1284,1,5,0,1,240,110000,11.608235644774552,2004,1.5,6.5,35,10020,62,0.0,3852,3852,720.0,0.0,1.0,0.0,0.0,1.0,0.0,0.0,0.0,0.0,1.0,1.0,0.0,0.0,1.0,1.0,0.0
7,1990,0.0,1424,1442,1442,2,5,0,2,500,180500,12.103486056755072,2866,2.0,7.0,35,20062,19,0.0,7210,4326,1500.0,0.0,1.0,1.0,0.0,0.0,0.0,1.0,0.0,0.0,1.0,1.0,1.0,0.0,0.0,0.0,0.0
5,1962,0.0,1140,1696,1696,1,8,1,1,349,143900,11.87687389287546,2836,1.5,9.5,25,14180,45,0.0,5088,5088,1047.0,0.0,1.0,0.0,0.0,1.0,0.0,0.0,0.0,0.0,1.0,0.0,1.0,0.0,0.0,0.0,0.0
4,1960,0.0,1100,1100,1100,1,6,1,1,312,141000,11.856515169360303,2200,2.0,7.0,20,8800,48,0.0,3300,3300,936.0,0.0,1.0,1.0,0.0,1.0,0.0,0.0,0.0,0.0,1.0,0.0,1.0,0.0,0.0,0.0,0.0
7,1988,128.0,1157,1180,2062,2,7,1,2,454,277000,12.531772785169476,3219,3.5,9.5,35,22533,19,512.0,10310,6186,1362.0,1.0,0.0,0.0,0.0,0.0,1.0,1.0,0.0,0.0,1.0,0.0,1.0,1.0,0.0,0.0,0.0
6,1964,260.0,1092,1092,1092,1,6,0,2,504,145000,11.884489021402713,2184,2.0,7.0,42,13104,44,780.0,5460,3276,1512.0,0.0,1.0,0.0,0.0,0.0,0.0,1.0,0.0,0.0,1.0,1.0,1.0,0.0,0.0,0.0,0.0
5,1925,0.0,864,864,864,1,5,0,0,0,98000,11.49272275765271,1728,2.0,6.0,30,8640,83,0.0,2592,2592,1452.0,0.0,1.0,0.0,0.0,1.0,0.0,0.0,0.0,0.0,1.0,1.0,0.0,0.0,0.0,1.0,0.0
6,2009,0.0,1212,1212,1212,2,6,0,2,460,186000,12.133501952695338,2424,2.0,8.0,30,14544,1,0.0,6060,4848,1380.0,0.0,1.0,1.0,0.0,0.0,1.0,1.0,0.0,1.0,0.0,1.0,1.0,0.0,0.0,1.0,0.0
7,2009,0.0,900,932,1852,2,7,1,2,644,252678,12.439871229831716,2752,3.5,9.5,35,19264,0,0.0,9260,7408,1932.0,0.0,1.0,1.0,0.0,0.0,1.0,1.0,0.0,1.0,0.0,0.0,1.0,0.0,0.0,0.0,1.0
5,1995,0.0,990,990,990,1,5,0,2,576,156000,11.957611286231677,1980,1.5,6.0,25,9900,11,0.0,4950,2970,1728.0,0.0,1.0,1.0,0.0,0.0,0.0,1.0,0.0,0.0,1.0,1.0,1.0,0.0,1.0,0.0,0.0
6,1977,153.0,689,689,1392,1,6,0,1,299,161750,11.993807212363148,2081,1.5,7.5,42,12486,33,459.0,6960,4176,897.0,0.0,1.0,0.0,0.0,0.0,1.0,1.0,0.0,0.0,1.0,1.0,1.0,1.0,0.0,0.0,0.0
5,1957,64.0,1070,1236,1236,1,6,1,1,447,134450,11.80894766169701,2306,1.5,7.0,30,11530,49,192.0,3708,4944,1341.0,0.0,1.0,0.0,0.0,1.0,0.0,0.0,0.0,1.0,0.0,0.0,1.0,0.0,1.0,0.0,0.0
7,2004,266.0,1436,1436,1436,2,8,0,2,484,210000,12.254862809699606,2872,3.0,10.0,35,20104,4,1064.0,7180,5744,1452.0,1.0,0.0,1.0,0.0,0.0,1.0,1.0,0.0,1.0,0.0,1.0,1.0,0.0,1.0,0.0,0.0
4,1925,0.0,686,810,1328,1,8,0,1,210,107000,11.580584113444043,2014,1.0,9.0,16,8056,81,0.0,2656,3984,630.0,0.0,1.0,0.0,0.0,1.0,0.0,0.0,0.0,0.0,1.0,1.0,0.0,0.0,1.0,1.0,0.0
7,1939,312.0,798,1137,1954,1,8,2,2,431,311500,12.649154617209645,2752,2.0,9.5,63,19264,69,1248.0,9770,7816,1293.0,1.0,0.0,0.0,0.0,1.0,0.0,1.0,0.0,1.0,0.0,0.0,1.0,0.0,1.0,0.0,1.0
7,2005,16.0,1248,1248,1248,2,5,0,2,438,167240,12.0271851854705,2496,2.0,7.0,35,17472,1,64.0,6240,4992,1314.0,1.0,0.0,1.0,0.0,0.0,1.0,1.0,0.0,1.0,0.0,1.0,1.0,1.0,0.0,0.0,0.0
7,2006,0.0,1498,1498,1498,2,5,0,2,675,204900,12.230277334226992,2996,2.0,7.0,35,20972,0,0.0,7490,5992,2025.0,1.0,0.0,1.0,0.0,0.0,0.0,1.0,0.0,1.0,0.0,1.0,1.0,0.0,0.0,0.0,0.0
6,2002,0.0,1010,1010,2267,2,8,1,2,390,200000,12.206072645530174,3277,2.5,10.5,30,19662,7,0.0,11335,9068,1170.0,1.0,0.0,1.0,0.0,0.0,0.0,1.0,0.0,1.0,0.0,0.0,0.0,0.0,0.0,0.0,0.0
6,1975,0.0,713,811,1552,2,6,1,2,434,179900,12.100156419938624,2265,3.5,8.5,36,13590,31,0.0,4656,4656,1302.0,0.0,1.0,0.0,0.0,0.0,0.0,0.0,0.0,0.0,1.0,0.0,1.0,0.0,0.0,0.0,0.0
4,1971,0.0,864,864,864,1,4,0,2,576,97000,11.48246625748552,1728,1.0,5.0,24,6912,38,0.0,3456,2592,1728.0,0.0,1.0,0.0,0.0,1.0,0.0,0.0,0.0,0.0,1.0,1.0,0.0,0.0,1.0,0.0,0.0
10,2003,922.0,2392,2392,2392,2,8,1,3,968,386250,12.864240107194092,4784,2.0,10.0,50,47840,6,4610.0,11960,11960,2904.0,0.0,0.0,1.0,1.0,0.0,1.0,1.0,1.0,0.0,0.0,0.0,1.0,1.0,0.0,0.0,1.0
5,1971,142.0,630,630,1302,2,6,0,1,280,112000,11.626254150277232,1932,2.5,8.5,25,9660,38,426.0,3906,3906,840.0,0.0,1.0,0.0,0.0,1.0,0.0,0.0,0.0,0.0,1.0,1.0,0.0,0.0,1.0,1.0,0.0
7,1995,290.0,1203,1214,2520,2,9,1,3,721,290000,12.577636201962656,3723,2.5,11.5,35,26061,12,1160.0,12600,10080,2163.0,1.0,0.0,1.0,0.0,0.0,1.0,1.0,0.0,1.0,0.0,0.0,1.0,0.0,0.0,0.0,1.0
6,1970,127.0,483,483,987,1,5,0,1,280,106000,11.571194373094205,1470,1.5,6.5,36,8820,38,381.0,2961,2961,840.0,0.0,1.0,0.0,0.0,1.0,0.0,0.0,0.0,0.0,1.0,1.0,0.0,0.0,1.0,1.0,0.0
5,1967,0.0,912,912,912,1,5,1,1,336,125000,11.736069016284436,1824,1.0,6.0,25,9120,43,0.0,2736,2736,1008.0,0.0,1.0,0.0,0.0,1.0,0.0,0.0,0.0,0.0,1.0,0.0,0.0,0.0,1.0,0.0,0.0
7,2005,16.0,1373,1555,1555,2,7,1,2,430,192500,12.167851432709975,2928,2.0,9.0,35,20496,4,64.0,7775,6220,1290.0,1.0,0.0,1.0,0.0,0.0,1.0,1.0,0.0,1.0,0.0,0.0,1.0,1.0,0.0,0.0,0.0
6,1959,220.0,1194,1194,1194,1,6,0,1,312,148000,11.904967552746252,2388,2.0,7.0,36,14328,51,660.0,3582,3582,936.0,0.0,1.0,0.0,0.0,1.0,0.0,0.0,0.0,0.0,1.0,1.0,1.0,0.0,0.0,0.0,0.0
8,1995,506.0,1462,1490,2794,2,9,1,3,810,403000,12.90669184092882,4256,3.5,11.5,40,34048,14,2024.0,13970,13970,2430.0,1.0,0.0,1.0,0.0,0.0,1.0,1.0,1.0,0.0,0.0,0.0,1.0,1.0,0.0,0.0,1.0
6,1972,297.0,483,483,987,1,5,1,1,288,94500,11.456355113481834,1470,1.5,6.5,30,8820,34,891.0,2961,2961,864.0,0.0,1.0,0.0,0.0,1.0,0.0,0.0,0.0,0.0,1.0,0.0,1.0,0.0,1.0,1.0,0.0
5,1976,0.0,894,894,894,1,5,0,1,308,128200,11.761346823468706,1788,2.0,6.0,30,8940,34,0.0,2682,2682,924.0,0.0,1.0,0.0,0.0,1.0,0.0,0.0,0.0,0.0,1.0,1.0,1.0,0.0,1.0,0.0,0.0
6,2002,0.0,860,860,1960,2,8,2,2,440,216500,12.28534582642468,2820,3.5,10.5,30,16920,8,0.0,9800,7840,1320.0,1.0,0.0,1.0,0.0,0.0,1.0,1.0,0.0,1.0,0.0,0.0,0.0,1.0,0.0,0.0,0.0
6,1971,604.0,483,483,987,1,5,0,1,264,89500,11.401993904262946,1470,1.5,6.5,18,8820,37,1812.0,2961,2961,792.0,0.0,1.0,0.0,0.0,1.0,0.0,0.0,0.0,0.0,1.0,1.0,0.0,0.0,1.0,1.0,0.0
7,2004,98.0,1414,1414,1414,2,6,0,2,494,185500,12.130810161029627,2828,2.0,8.0,35,19796,6,392.0,7070,5656,1482.0,1.0,0.0,1.0,0.0,0.0,1.0,1.0,0.0,1.0,0.0,1.0,1.0,0.0,0.0,0.0,0.0
7,1993,0.0,996,1014,1744,2,7,0,2,457,194500,12.178187442040638,2740,2.5,9.5,49,19180,17,0.0,8720,6976,1371.0,1.0,0.0,1.0,0.0,0.0,0.0,1.0,0.0,1.0,0.0,1.0,1.0,0.0,0.0,0.0,0.0
8,2007,254.0,1694,1694,1694,2,7,0,3,818,318000,12.669806661762314,3388,2.0,9.0,40,27104,0,1270.0,8470,6776,2454.0,0.0,0.0,1.0,1.0,0.0,0.0,1.0,0.0,1.0,0.0,1.0,1.0,1.0,0.0,0.0,1.0
6,1945,0.0,735,798,1487,1,7,1,1,220,113000,11.635143097694478,2222,1.5,8.5,24,13332,65,0.0,4461,4461,660.0,0.0,1.0,0.0,0.0,1.0,0.0,0.0,0.0,0.0,1.0,0.0,0.0,0.0,1.0,1.0,0.0
8,2008,36.0,1566,1566,1566,2,7,0,2,750,262500,12.478006361013817,3132,3.0,9.0,40,25056,2,144.0,7830,6264,2250.0,1.0,0.0,1.0,0.0,0.0,1.0,1.0,0.0,1.0,0.0,1.0,1.0,0.0,0.0,0.0,1.0
5,1945,0.0,686,866,866,1,4,0,0,0,110500,11.612770799939945,1552,1.0,5.0,45,7760,62,0.0,3464,3464,1452.0,0.0,1.0,0.0,0.0,1.0,0.0,0.0,0.0,1.0,0.0,1.0,0.0,0.0,0.0,1.0,0.0
5,1900,0.0,540,889,1440,1,6,0,1,352,79000,11.27720313144916,1980,1.0,7.0,20,9900,106,0.0,5760,4320,704.0,0.0,1.0,0.0,0.0,1.0,0.0,0.0,0.0,0.0,1.0,1.0,1.0,0.0,1.0,1.0,0.0
6,1980,0.0,626,626,1217,1,6,1,1,288,120000,11.695247021764184,1843,1.5,7.5,36,11058,29,0.0,3651,3651,864.0,0.0,1.0,0.0,0.0,0.0,0.0,0.0,0.0,0.0,1.0,0.0,1.0,0.0,0.0,0.0,0.0
7,1994,0.0,948,1222,2110,2,8,2,2,463,205000,12.230765258120543,3058,3.5,10.5,35,21406,16,0.0,10550,8440,1389.0,1.0,0.0,1.0,0.0,0.0,1.0,1.0,0.0,1.0,0.0,0.0,1.0,0.0,0.0,0.0,0.0
7,1988,102.0,1845,1872,1872,2,6,1,2,604,241500,12.394624752074764,3717,2.5,8.0,35,26019,18,306.0,7488,5616,1812.0,0.0,1.0,0.0,0.0,0.0,1.0,0.0,0.0,0.0,1.0,0.0,1.0,1.0,0.0,0.0,0.0
6,1910,0.0,1020,908,1928,2,9,0,1,440,137000,11.827736204810265,2948,2.0,11.0,48,17688,96,0.0,7712,3856,440.0,0.0,1.0,0.0,0.0,0.0,0.0,0.0,0.0,0.0,0.0,1.0,0.0,0.0,1.0,1.0,0.0
6,1954,0.0,1367,1375,1375,1,5,1,2,451,140000,11.84939770159144,2742,1.0,6.0,30,16452,52,0.0,6875,4125,1353.0,0.0,1.0,0.0,0.0,1.0,0.0,1.0,0.0,0.0,1.0,0.0,1.0,0.0,1.0,0.0,0.0
7,2003,101.0,840,840,1668,2,8,0,2,500,180000,12.100712129872347,2508,2.5,10.5,35,17556,4,404.0,8340,6672,1500.0,1.0,0.0,1.0,0.0,0.0,0.0,1.0,0.0,1.0,0.0,1.0,1.0,0.0,0.0,0.0,0.0
6,1958,472.0,1444,1444,2144,2,7,2,2,389,277000,12.531772785169476,3588,2.5,9.0,42,21528,49,1888.0,8576,8576,1167.0,1.0,0.0,0.0,0.0,0.0,0.0,0.0,0.0,1.0,0.0,0.0,1.0,1.0,0.0,0.0,0.0
3,1940,0.0,728,1306,1306,1,6,0,0,0,76500,11.245046019814628,2034,1.0,7.0,6,6102,70,0.0,6530,2612,1452.0,0.0,1.0,0.0,0.0,1.0,0.0,1.0,0.0,0.0,0.0,1.0,0.0,0.0,0.0,1.0,0.0
8,2006,481.0,1573,1625,1625,2,5,1,2,538,235000,12.367340793126296,3198,3.5,7.0,40,25584,1,1924.0,8125,6500,1614.0,1.0,0.0,1.0,0.0,0.0,1.0,1.0,0.0,1.0,0.0,0.0,1.0,1.0,0.0,0.0,1.0
6,2004,0.0,798,798,1640,2,6,0,2,520,173000,12.061046873479915,2438,2.5,8.5,30,14628,4,0.0,8200,6560,1560.0,1.0,0.0,1.0,0.0,0.0,0.0,1.0,0.0,1.0,0.0,1.0,1.0,0.0,0.0,0.0,0.0
6,1964,108.0,1302,1302,1302,2,7,0,1,309,158000,11.970350312009105,2604,2.5,9.0,42,15624,43,324.0,6510,5208,927.0,0.0,1.0,0.0,0.0,0.0,0.0,1.0,0.0,1.0,0.0,1.0,1.0,0.0,0.0,0.0,0.0
5,1957,0.0,1314,1314,1314,1,5,0,1,294,145000,11.884489021402713,2628,2.0,6.0,30,13140,53,0.0,3942,3942,882.0,0.0,1.0,0.0,0.0,1.0,0.0,0.0,0.0,0.0,1.0,1.0,1.0,0.0,0.0,0.0,0.0
7,1999,302.0,975,1005,2291,2,8,1,2,429,230000,12.345834587905332,3266,2.5,10.5,35,22862,7,1208.0,11455,9164,1287.0,1.0,0.0,1.0,0.0,0.0,0.0,1.0,0.0,1.0,0.0,0.0,0.0,1.0,0.0,0.0,0.0
6,2003,0.0,864,864,1728,2,7,0,2,673,207500,12.24288661865289,2592,2.5,9.5,30,15552,5,0.0,8640,6912,2019.0,1.0,0.0,1.0,0.0,0.0,0.0,1.0,0.0,1.0,0.0,1.0,1.0,0.0,0.0,0.0,1.0
7,2006,180.0,1604,1604,1604,2,8,1,2,660,220000,12.301382825334498,3208,3.5,10.5,35,22456,3,720.0,8020,6416,1980.0,1.0,0.0,1.0,0.0,0.0,1.0,1.0,0.0,1.0,0.0,0.0,1.0,0.0,0.0,0.0,0.0
7,2001,172.0,963,963,1792,2,7,1,2,564,231500,12.352335152508426,2755,2.5,9.5,35,19285,7,688.0,8960,7168,1692.0,1.0,0.0,1.0,0.0,0.0,1.0,1.0,0.0,1.0,0.0,0.0,1.0,0.0,0.0,0.0,0.0
5,1956,0.0,0,882,882,1,4,0,1,308,97000,11.48246625748552,882,1.0,5.0,25,4410,52,0.0,3528,2646,924.0,0.0,1.0,1.0,0.0,0.0,0.0,0.0,0.0,0.0,1.0,1.0,0.0,0.0,1.0,1.0,0.0
6,1962,399.0,1362,1382,1382,1,6,1,2,884,176000,12.078239274020287,2744,2.0,7.0,30,16464,47,1197.0,4146,4146,2652.0,0.0,1.0,0.0,0.0,1.0,0.0,0.0,0.0,0.0,1.0,0.0,1.0,0.0,1.0,0.0,0.0
8,2007,270.0,1482,1482,2574,2,10,1,3,868,276000,12.528156144699286,4056,2.5,12.5,40,32448,0,1080.0,12870,12870,2604.0,1.0,0.0,1.0,1.0,0.0,0.0,1.0,1.0,0.0,0.0,0.0,0.0,1.0,0.0,0.0,0.0
6,1977,46.0,506,1212,1212,1,6,1,2,492,151000,11.925035115797062,1718,2.0,7.0,42,10308,29,138.0,3636,3636,1476.0,0.0,1.0,0.0,0.0,0.0,0.0,0.0,0.0,0.0,1.0,0.0,1.0,0.0,1.0,0.0,0.0
5,1929,0.0,926,926,1316,1,6,0,2,484,130000,11.77528972943772,1852,2.0,7.0,35,9260,81,0.0,3948,3948,1452.0,0.0,1.0,0.0,0.0,1.0,0.0,0.0,0.0,0.0,1.0,1.0,0.0,0.0,1.0,1.0,0.0
5,1925,0.0,680,764,764,1,4,0,2,504,73000,11.198214720130528,1444,1.0,5.0,25,7220,83,0.0,3056,2292,1512.0,0.0,1.0,0.0,0.0,0.0,0.0,0.0,0.0,0.0,1.0,1.0,0.0,0.0,1.0,1.0,0.0
6,1981,210.0,1422,1422,1422,2,7,1,2,576,175500,12.075394321888057,2844,2.0,9.0,36,17064,27,630.0,4266,5688,1728.0,0.0,1.0,0.0,0.0,0.0,1.0,0.0,0.0,1.0,0.0,0.0,1.0,1.0,0.0,0.0,0.0
6,1997,0.0,802,802,1511,2,8,1,2,413,185000,12.128111104060462,2313,3.5,10.5,30,13878,9,0.0,6044,4533,1239.0,0.0,1.0,1.0,0.0,0.0,1.0,0.0,0.0,0.0,1.0,0.0,1.0,1.0,0.0,0.0,0.0
5,1939,0.0,720,1052,2192,2,8,1,1,240,179500,12.097930486910473,2492,2.5,10.5,40,12460,69,0.0,10960,8768,720.0,0.0,1.0,1.0,0.0,1.0,0.0,1.0,0.0,1.0,0.0,0.0,0.0,0.0,1.0,0.0,0.0
5,1940,0.0,740,778,778,1,4,1,1,924,120500,11.699405031912846,1518,1.0,5.0,30,7590,68,0.0,3890,2334,4620.0,0.0,1.0,0.0,0.0,1.0,0.0,1.0,0.0,0.0,1.0,0.0,0.0,1.0,0.0,1.0,0.0
6,1976,174.0,1143,1113,1113,1,6,1,1,504,148000,11.904967552746252,2256,2.5,7.5,42,13536,31,522.0,3339,3339,1512.0,0.0,1.0,0.0,0.0,1.0,0.0,0.0,0.0,0.0,1.0,0.0,1.0,0.0,0.0,1.0,0.0
8,2006,0.0,1095,1095,1939,2,8,1,3,1053,266000,12.491251587763836,3034,2.5,10.5,40,24272,0,0.0,7756,7756,3159.0,1.0,0.0,1.0,0.0,0.0,0.0,0.0,0.0,1.0,0.0,0.0,1.0,0.0,0.0,0.0,1.0
7,1954,0.0,1385,1363,1363,1,5,2,2,439,241500,12.394624752074764,2748,2.0,6.0,49,19236,54,0.0,6815,4089,1317.0,0.0,1.0,0.0,0.0,0.0,0.0,1.0,0.0,0.0,1.0,0.0,1.0,0.0,1.0,0.0,0.0
8,1999,348.0,1152,1164,2270,2,9,1,3,671,290000,12.577636201962656,3422,2.5,11.5,56,27376,11,1392.0,11350,9080,2013.0,1.0,0.0,1.0,0.0,0.0,1.0,1.0,0.0,1.0,0.0,0.0,1.0,1.0,0.0,0.0,1.0
6,1958,183.0,1240,1632,1632,2,6,1,1,338,139000,11.842229212112828,2872,3.0,8.0,36,17232,51,549.0,6528,4896,1014.0,0.0,1.0,0.0,0.0,1.0,0.0,0.0,0.0,0.0,1.0,0.0,1.0,0.0,0.0,0.0,0.0
5,1982,0.0,816,816,816,1,5,0,1,264,124500,11.7320609948869,1632,1.0,6.0,35,8160,25,0.0,2448,2448,792.0,0.0,1.0,0.0,0.0,1.0,0.0,0.0,0.0,0.0,1.0,1.0,1.0,0.0,1.0,0.0,0.0
7,1925,0.0,952,952,1548,2,5,0,2,672,205000,12.230765258120543,2500,2.5,7.5,49,17500,84,0.0,6192,7740,2016.0,1.0,0.0,0.0,0.0,1.0,0.0,0.0,1.0,0.0,0.0,1.0,0.0,0.0,1.0,1.0,0.0
7,2003,0.0,1560,1560,1560,2,7,0,2,573,201000,12.211060187041213,3120,2.0,9.0,35,21840,7,0.0,7800,6240,1719.0,1.0,0.0,1.0,1.0,0.0,0.0,1.0,0.0,1.0,0.0,1.0,1.0,1.0,0.0,0.0,0.0
4,1951,0.0,864,864,864,1,4,0,2,400,141000,11.856515169360303,1728,1.0,5.0,20,6912,59,0.0,4320,2592,1200.0,0.0,1.0,0.0,0.0,1.0,0.0,1.0,0.0,0.0,1.0,1.0,0.0,0.0,1.0,0.0,0.0
9,2006,315.0,2121,2121,2121,2,8,1,3,732,415298,12.936751613811438,4242,2.5,10.5,45,38178,1,1575.0,10605,10605,2196.0,0.0,0.0,1.0,1.0,0.0,0.0,1.0,1.0,0.0,0.0,0.0,1.0,1.0,0.0,0.0,1.0
7,1977,299.0,1160,1156,2022,2,8,1,2,505,192000,12.165250651009918,3182,2.5,10.5,35,22274,31,897.0,10110,6066,1515.0,0.0,1.0,0.0,0.0,0.0,0.0,1.0,0.0,0.0,1.0,0.0,1.0,1.0,0.0,0.0,0.0
7,1989,340.0,807,1175,1982,2,7,1,2,575,228500,12.339291489316397,2789,2.5,9.5,42,19523,18,1360.0,7928,7928,1725.0,1.0,0.0,0.0,0.0,0.0,1.0,0.0,0.0,1.0,0.0,0.0,1.0,1.0,0.0,0.0,0.0
6,2006,68.0,1262,1262,1262,2,5,0,2,572,185000,12.128111104060462,2524,2.0,7.0,30,15144,0,272.0,5048,5048,1716.0,1.0,0.0,1.0,0.0,0.0,1.0,0.0,0.0,1.0,0.0,1.0,1.0,1.0,0.0,0.0,1.0
7,2007,166.0,1314,1314,1314,2,6,1,2,626,207500,12.24288661865289,2628,3.0,8.0,35,18396,2,664.0,6570,5256,1878.0,1.0,0.0,1.0,0.0,0.0,1.0,1.0,0.0,1.0,0.0,0.0,1.0,0.0,0.0,0.0,1.0
8,2008,72.0,1468,1468,1468,2,6,1,3,898,244600,12.407379502235209,2936,2.0,8.0,40,23488,1,288.0,7340,5872,2694.0,1.0,0.0,1.0,0.0,0.0,0.0,1.0,0.0,1.0,0.0,0.0,1.0,1.0,0.0,0.0,1.0
6,1992,0.0,1575,1575,1575,2,5,0,2,529,179200,12.096257779522968,3150,3.0,7.0,30,18900,15,0.0,6300,6300,1587.0,1.0,0.0,1.0,0.0,0.0,1.0,0.0,0.0,1.0,0.0,1.0,1.0,0.0,0.0,0.0,0.0
7,2006,0.0,625,625,1250,2,5,0,2,528,164700,12.011880916165731,1875,2.5,7.5,35,13125,1,0.0,6250,5000,1584.0,1.0,0.0,1.0,0.0,0.0,0.0,1.0,0.0,1.0,0.0,1.0,0.0,0.0,0.0,0.0,1.0
6,1962,0.0,912,1085,1734,1,7,1,2,440,159000,11.976659481202368,2646,1.5,8.5,42,15876,44,0.0,5202,6936,1320.0,0.0,1.0,0.0,0.0,1.0,0.0,0.0,0.0,1.0,0.0,0.0,1.0,0.0,0.0,0.0,0.0
4,1971,0.0,858,858,858,1,5,0,0,0,88000,11.385092093460344,1716,1.0,6.0,16,6864,35,0.0,2574,2574,1452.0,0.0,1.0,0.0,0.0,1.0,0.0,0.0,0.0,0.0,1.0,1.0,0.0,0.0,0.0,0.0,0.0
5,1967,31.0,882,900,900,1,5,0,1,280,122000,11.711776323715394,1782,1.0,6.0,25,8910,43,93.0,2700,2700,840.0,0.0,1.0,0.0,0.0,1.0,0.0,0.0,0.0,0.0,1.0,1.0,0.0,0.0,1.0,0.0,0.0
6,1915,0.0,698,698,1396,1,7,0,1,384,153575,11.941944326032129,2094,1.0,8.0,42,12564,92,0.0,6980,4188,1152.0,0.0,1.0,0.0,0.0,1.0,0.0,1.0,0.0,0.0,1.0,1.0,0.0,0.0,1.0,1.0,0.0
8,2006,0.0,1079,1079,1919,2,8,1,2,685,233230,12.359780370124389,2998,2.5,10.5,40,23984,0,0.0,9595,7676,2740.0,1.0,0.0,1.0,0.0,0.0,0.0,1.0,0.0,1.0,0.0,0.0,1.0,0.0,0.0,0.0,0.0
5,1912,0.0,780,936,1716,2,9,0,0,0,135900,11.819674600139235,2496,3.0,11.0,30,12480,96,0.0,8580,3432,1452.0,0.0,1.0,1.0,0.0,1.0,0.0,1.0,0.0,0.0,0.0,1.0,0.0,0.0,0.0,0.0,0.0
5,1949,0.0,768,1148,1716,1,8,1,1,281,131000,11.782952602183288,2484,1.5,9.5,20,12420,60,0.0,6864,5148,843.0,0.0,1.0,0.0,0.0,1.0,0.0,0.0,0.0,0.0,1.0,0.0,1.0,0.0,1.0,1.0,0.0
7,1977,34.0,795,1468,2263,2,9,1,2,539,235000,12.367340793126296,3058,3.5,11.5,49,21406,29,102.0,4526,9052,1617.0,0.0,1.0,0.0,0.0,1.0,0.0,0.0,0.0,1.0,0.0,0.0,1.0,1.0,0.0,0.0,0.0
6,1953,238.0,1416,1644,1644,1,7,2,2,418,167000,12.025749091398891,3060,2.0,8.0,30,18360,56,714.0,4932,4932,1254.0,0.0,1.0,0.0,0.0,1.0,1.0,0.0,0.0,0.0,1.0,0.0,1.0,1.0,0.0,0.0,0.0
6,1984,0.0,1003,1003,1003,1,6,0,2,588,142500,11.867097278690842,2006,2.0,7.0,36,12036,22,0.0,3009,3009,1764.0,0.0,1.0,0.0,0.0,1.0,1.0,0.0,0.0,0.0,1.0,1.0,0.0,0.0,1.0,0.0,0.0
5,1950,0.0,910,910,1558,1,6,0,1,282,152000,11.931635799828411,2468,1.5,7.5,25,12340,57,0.0,4674,4674,846.0,0.0,1.0,0.0,0.0,1.0,0.0,0.0,0.0,0.0,1.0,1.0,1.0,0.0,1.0,1.0,0.0
7,1997,1600.0,975,975,1950,2,7,1,2,576,239000,12.384218830913648,2925,2.5,9.5,35,20475,10,6400.0,9750,7800,1728.0,1.0,0.0,1.0,0.0,0.0,0.0,1.0,0.0,1.0,0.0,0.0,0.0,0.0,0.0,0.0,1.0
6,1968,365.0,702,1041,1743,1,7,1,2,539,175000,12.072541252905651,2445,2.5,9.0,36,14670,39,1460.0,6972,5229,1617.0,1.0,0.0,0.0,0.0,1.0,0.0,0.0,0.0,0.0,1.0,0.0,1.0,0.0,1.0,0.0,0.0
6,1950,0.0,1092,1152,1152,1,6,1,1,300,158500,11.973509872299472,2244,1.5,7.0,48,13464,59,0.0,5760,4608,900.0,0.0,1.0,0.0,0.0,1.0,0.0,1.0,0.0,1.0,0.0,0.0,1.0,0.0,1.0,0.0,1.0
5,1953,56.0,1165,1336,1336,1,5,2,1,375,157000,11.964001084330445,2501,2.0,6.0,25,12505,53,168.0,4008,4008,1125.0,0.0,1.0,0.0,0.0,1.0,0.0,0.0,0.0,0.0,1.0,0.0,1.0,0.0,1.0,0.0,1.0
8,1998,0.0,1028,1210,2452,2,9,1,2,683,267000,12.495003937382387,3480,2.5,11.5,40,27840,9,0.0,12260,9808,2049.0,1.0,0.0,1.0,0.0,0.0,1.0,1.0,0.0,1.0,0.0,0.0,0.0,1.0,0.0,0.0,0.0
7,2001,150.0,1541,1541,1541,2,6,1,3,843,205000,12.230765258120543,3082,2.0,8.0,35,21574,5,600.0,7705,6164,2529.0,1.0,0.0,1.0,0.0,0.0,0.0,1.0,0.0,1.0,0.0,0.0,1.0,0.0,0.0,0.0,0.0
5,1972,0.0,894,894,894,1,5,0,2,552,149900,11.917723684090689,1788,2.0,6.0,35,8940,34,0.0,2682,2682,1656.0,0.0,1.0,1.0,0.0,1.0,0.0,0.0,0.0,0.0,1.0,1.0,1.0,0.0,1.0,0.0,0.0
7,1880,0.0,1470,1675,3493,3,10,1,3,870,295000,12.594730635321955,4963,3.0,13.0,63,34741,128,0.0,17465,13972,2610.0,0.0,1.0,0.0,0.0,1.0,0.0,1.0,0.0,1.0,0.0,0.0,1.0,0.0,1.0,1.0,0.0
8,2004,246.0,2000,2000,2000,2,8,0,3,888,305900,12.631013530138995,4000,3.0,10.0,40,32000,3,984.0,10000,8000,2664.0,1.0,0.0,1.0,0.0,0.0,1.0,1.0,0.0,1.0,0.0,1.0,1.0,1.0,0.0,0.0,0.0
7,1990,246.0,700,1122,2243,2,8,1,3,746,225000,12.323855681186558,2943,3.5,10.5,35,20601,17,984.0,8972,8972,2238.0,1.0,0.0,0.0,0.0,0.0,0.0,0.0,0.0,1.0,0.0,0.0,1.0,0.0,0.0,0.0,0.0
6,1920,0.0,319,1035,1406,1,6,0,0,0,89500,11.401993904262946,1725,1.0,7.0,42,10350,88,0.0,4218,2812,1452.0,0.0,1.0,0.0,0.0,1.0,0.0,0.0,0.0,0.0,0.0,1.0,0.0,0.0,0.0,1.0,0.0
4,1940,0.0,861,861,861,1,4,0,2,539,82500,11.320553572322773,1722,1.0,5.0,20,6888,69,0.0,4305,2583,1617.0,0.0,1.0,0.0,0.0,1.0,0.0,1.0,0.0,0.0,1.0,1.0,0.0,0.0,1.0,1.0,0.0
9,2003,0.0,1896,1944,1944,2,8,3,3,708,360000,12.793859310432293,3840,3.0,10.0,45,34560,3,0.0,9720,9720,2124.0,1.0,0.0,1.0,1.0,0.0,1.0,1.0,1.0,0.0,0.0,0.0,1.0,1.0,0.0,0.0,1.0
6,1993,112.0,697,697,1501,2,6,1,2,420,165600,12.017330520933296,2198,2.5,8.5,30,13188,13,336.0,6004,6004,1260.0,0.0,1.0,1.0,0.0,0.0,0.0,0.0,0.0,1.0,0.0,0.0,1.0,1.0,0.0,0.0,0.0
6,1948,0.0,972,972,972,1,5,1,1,240,132000,11.790557201568507,1944,2.0,6.0,36,11664,61,0.0,4860,2916,720.0,0.0,1.0,0.0,0.0,1.0,0.0,1.0,0.0,0.0,1.0,0.0,0.0,0.0,1.0,0.0,0.0
5,1939,0.0,793,793,1118,1,5,1,2,410,119900,11.694413341015606,1911,2.0,6.0,35,9555,67,0.0,3354,3354,1230.0,0.0,1.0,0.0,0.0,0.0,0.0,0.0,0.0,0.0,1.0,0.0,0.0,0.0,1.0,1.0,0.0
7,1965,0.0,2136,2036,2036,2,8,2,2,513,375000,12.834681304952548,4172,4.0,10.0,35,29204,44,0.0,6108,6108,1539.0,0.0,1.0,0.0,0.0,0.0,0.0,0.0,0.0,0.0,1.0,0.0,1.0,0.0,0.0,0.0,1.0
7,1925,0.0,728,832,1641,1,6,1,2,546,178000,12.089538829274222,2369,2.0,7.5,49,16583,81,0.0,8205,8205,1092.0,0.0,1.0,0.0,0.0,1.0,0.0,1.0,1.0,0.0,0.0,0.0,0.0,0.0,1.0,1.0,0.0
7,2004,0.0,716,716,1432,2,6,1,2,432,188500,12.146853285870202,2148,3.5,8.5,35,15036,5,0.0,7160,5728,1296.0,1.0,0.0,1.0,0.0,0.0,1.0,1.0,0.0,1.0,0.0,0.0,1.0,1.0,0.0,0.0,0.0
7,1980,278.0,845,1153,2353,2,10,1,2,484,260000,12.468436909997664,3198,3.5,12.5,49,22386,29,1112.0,7059,11765,1452.0,1.0,0.0,0.0,0.0,0.0,1.0,0.0,1.0,0.0,0.0,0.0,1.0,0.0,0.0,0.0,0.0
8,2006,0.0,1088,1088,1959,2,8,1,3,1025,270000,12.506177237980513,3047,2.5,10.5,40,24376,1,0.0,9795,7836,3075.0,1.0,0.0,1.0,0.0,0.0,0.0,1.0,0.0,1.0,0.0,0.0,1.0,0.0,0.0,0.0,1.0
7,1993,256.0,1347,1372,2646,2,9,1,3,656,260000,12.468436909997664,3993,3.5,11.5,35,27951,16,1024.0,13230,10584,1968.0,1.0,0.0,1.0,0.0,0.0,1.0,1.0,0.0,1.0,0.0,0.0,1.0,0.0,0.0,0.0,1.0
7,1980,225.0,1372,1472,1472,2,6,2,2,588,187500,12.141534124392605,2844,3.0,8.0,35,19908,29,675.0,4416,4416,1764.0,0.0,1.0,0.0,0.0,0.0,1.0,0.0,0.0,0.0,1.0,0.0,1.0,0.0,1.0,0.0,0.0
9,2006,370.0,1249,1249,2596,3,9,0,3,840,342643,12.7444443677961,3845,3.5,12.5,45,34605,0,1110.0,12980,10384,2520.0,0.0,1.0,1.0,1.0,0.0,0.0,1.0,0.0,1.0,0.0,1.0,1.0,0.0,0.0,0.0,1.0
8,2004,388.0,1136,1136,2468,2,10,1,3,872,354000,12.777052192115912,3604,3.5,12.5,40,28832,3,1552.0,12340,9872,2616.0,1.0,0.0,1.0,1.0,0.0,1.0,1.0,0.0,1.0,0.0,0.0,0.0,1.0,0.0,0.0,1.0
7,1986,172.0,1502,1553,2730,2,8,1,2,576,301000,12.614865543731012,4232,3.5,10.5,35,29624,21,688.0,13650,10920,1728.0,1.0,0.0,0.0,0.0,1.0,0.0,1.0,0.0,1.0,0.0,0.0,1.0,1.0,0.0,0.0,0.0
3,1955,0.0,1162,1163,1163,1,6,0,1,220,126175,11.745425111208464,2325,2.0,7.0,24,6975,51,0.0,5815,3489,440.0,0.0,1.0,0.0,0.0,1.0,0.0,1.0,0.0,0.0,1.0,1.0,1.0,0.0,1.0,1.0,0.0
7,1967,300.0,710,1898,2978,2,11,1,2,564,242000,12.396693005138824,3688,2.5,13.5,49,25816,43,1200.0,14890,11912,1692.0,1.0,0.0,0.0,0.0,0.0,0.0,1.0,0.0,1.0,0.0,0.0,0.0,1.0,0.0,0.0,0.0
5,1941,0.0,720,803,803,1,5,0,2,360,87000,11.37366339763672,1523,1.0,6.0,30,7615,66,0.0,803,2409,1080.0,0.0,1.0,0.0,0.0,1.0,0.0,0.0,0.0,0.0,1.0,1.0,0.0,0.0,1.0,1.0,0.0
8,1993,0.0,1719,1719,1719,1,6,2,2,473,324000,12.688498794774466,3438,3.5,7.5,40,27504,15,0.0,8595,6876,1419.0,1.0,0.0,1.0,0.0,0.0,1.0,1.0,0.0,1.0,0.0,0.0,1.0,1.0,0.0,0.0,1.0
6,1960,175.0,1383,1383,1383,1,7,0,1,292,145250,11.886211674714158,2766,1.5,8.5,30,16596,46,525.0,4149,4149,876.0,0.0,1.0,0.0,0.0,1.0,0.0,0.0,0.0,0.0,1.0,1.0,1.0,0.0,0.0,0.0,0.0
6,1916,0.0,844,1445,2134,2,10,0,2,441,214500,12.27606501735021,2978,2.0,12.0,36,17868,93,0.0,8536,8536,1323.0,0.0,1.0,0.0,0.0,1.0,0.0,0.0,0.0,1.0,0.0,1.0,0.0,0.0,1.0,1.0,0.0
5,1920,0.0,596,596,1192,1,6,0,1,189,78000,11.26446410567173,1788,1.0,7.0,25,8940,89,0.0,3576,3576,378.0,0.0,1.0,1.0,0.0,1.0,0.0,0.0,0.0,0.0,1.0,1.0,0.0,0.0,1.0,1.0,0.0
5,1964,84.0,1728,1728,1728,2,10,0,1,352,119000,11.686878772093667,3456,2.5,12.0,20,17280,43,252.0,5184,5184,1056.0,0.0,1.0,0.0,0.0,1.0,1.0,0.0,0.0,0.0,1.0,1.0,0.0,0.0,1.0,0.0,0.0
5,1958,0.0,1056,1056,1056,1,6,0,1,308,139000,11.842229212112828,2112,2.0,7.0,30,10560,49,0.0,2112,3168,924.0,0.0,1.0,0.0,0.0,1.0,0.0,0.0,0.0,0.0,1.0,1.0,1.0,0.0,0.0,0.0,0.0
8,2003,296.0,3206,1629,1629,2,7,1,3,880,284000,12.556729517143344,4835,3.0,9.0,40,38680,6,1184.0,8145,6516,2640.0,1.0,0.0,1.0,0.0,0.0,1.0,1.0,0.0,1.0,0.0,0.0,1.0,0.0,0.0,0.0,1.0
7,2004,146.0,1358,1358,1358,2,6,1,2,484,207000,12.240474072247506,2716,3.0,8.0,35,19012,4,584.0,6790,5432,1452.0,1.0,0.0,1.0,0.0,0.0,1.0,1.0,0.0,1.0,0.0,0.0,1.0,0.0,0.0,0.0,1.0
6,1998,0.0,943,943,1638,2,7,2,2,472,192000,12.165250651009918,2581,3.5,9.5,30,15486,10,0.0,6552,4914,1416.0,0.0,1.0,1.0,0.0,0.0,1.0,0.0,0.0,0.0,1.0,0.0,1.0,1.0,0.0,0.0,0.0
5,1965,0.0,1499,1619,1786,2,7,2,2,529,228950,12.34125891808524,3285,4.0,9.0,30,16425,43,0.0,8930,5358,1587.0,0.0,1.0,0.0,0.0,1.0,0.0,1.0,0.0,0.0,1.0,0.0,1.0,1.0,0.0,0.0,1.0
9,2005,200.0,1922,1922,1922,2,8,1,3,676,377426,12.841129801965447,3844,3.0,10.0,45,34596,2,800.0,9610,7688,2028.0,1.0,0.0,1.0,1.0,0.0,1.0,1.0,0.0,1.0,0.0,0.0,1.0,1.0,0.0,0.0,1.0
7,2002,113.0,1536,1536,1536,2,7,0,2,532,214000,12.273731294003989,3072,3.0,9.0,35,21504,6,452.0,7680,6144,1596.0,1.0,0.0,1.0,0.0,0.0,1.0,1.0,0.0,1.0,0.0,1.0,1.0,0.0,0.0,0.0,0.0
7,1984,0.0,1208,1621,1621,2,8,0,2,440,202500,12.218495165528733,2829,3.0,10.0,49,19803,22,0.0,8105,6484,1320.0,1.0,0.0,0.0,0.0,0.0,0.0,1.0,0.0,1.0,0.0,1.0,1.0,0.0,0.0,0.0,0.0
6,1958,176.0,1215,1215,1215,1,6,0,1,297,155000,11.951180395901384,2430,1.0,7.0,42,14580,51,528.0,3645,3645,891.0,0.0,1.0,0.0,0.0,1.0,0.0,0.0,0.0,0.0,1.0,1.0,1.0,0.0,1.0,0.0,0.0
8,2002,0.0,967,993,1908,2,9,0,2,431,202900,12.220468525813908,2875,2.5,11.5,40,23000,8,0.0,9540,7632,1293.0,1.0,0.0,1.0,0.0,0.0,0.0,1.0,0.0,1.0,0.0,1.0,1.0,1.0,0.0,0.0,1.0
4,1950,0.0,721,841,841,1,4,0,1,294,82000,11.314474526246393,1562,1.0,5.0,16,6248,59,0.0,3364,2523,882.0,0.0,0.0,0.0,0.0,1.0,0.0,0.0,0.0,0.0,1.0,1.0,0.0,0.0,1.0,0.0,0.0
3,1949,340.0,0,1040,1040,2,6,0,2,400,87500,11.379394072345706,1040,2.0,8.0,12,3120,57,1020.0,2080,3120,1200.0,0.0,1.0,0.0,0.0,0.0,0.0,0.0,0.0,0.0,1.0,1.0,0.0,0.0,1.0,0.0,0.0
9,2005,616.0,1684,1684,1684,2,6,1,2,564,266000,12.491251587763836,3368,2.0,8.0,45,30312,3,3080.0,8420,8420,1692.0,0.0,0.0,1.0,1.0,0.0,1.0,1.0,1.0,0.0,0.0,0.0,1.0,0.0,0.0,0.0,1.0
5,1976,0.0,536,536,1112,1,4,0,1,336,85000,11.350406535472452,1648,1.5,5.5,15,8240,34,0.0,3336,3336,1008.0,0.0,1.0,0.0,0.0,0.0,0.0,0.0,0.0,0.0,1.0,1.0,1.0,0.0,1.0,1.0,0.0
6,1939,0.0,972,972,1577,1,6,1,1,312,140200,11.850825253582627,2549,1.0,7.0,30,15294,67,0.0,6308,3154,936.0,0.0,1.0,0.0,0.0,1.0,0.0,0.0,0.0,0.0,0.0,0.0,0.0,0.0,1.0,1.0,0.0
6,1960,0.0,958,958,958,1,5,0,1,301,151500,11.92834090393156,1916,1.0,6.0,48,11496,47,0.0,2874,2874,903.0,0.0,1.0,0.0,0.0,1.0,0.0,0.0,0.0,0.0,1.0,1.0,1.0,0.0,0.0,0.0,0.0
6,1960,30.0,1478,1478,1478,2,6,2,2,498,157500,11.967180737247824,2956,3.0,8.0,30,17736,49,90.0,7390,4434,1494.0,0.0,1.0,0.0,0.0,1.0,0.0,1.0,0.0,0.0,1.0,0.0,1.0,0.0,1.0,0.0,0.0
7,2003,106.0,764,764,1626,2,6,0,2,474,154000,11.944707881395766,2390,3.5,8.5,35,16730,5,424.0,8130,6504,1422.0,1.0,0.0,1.0,0.0,0.0,1.0,1.0,0.0,1.0,0.0,1.0,0.0,0.0,0.0,0.0,1.0
9,2005,870.0,1848,1848,2728,2,10,2,3,706,437154,12.988040814744458,4576,3.5,12.5,45,41184,1,4350.0,13640,13640,2118.0,0.0,0.0,1.0,1.0,0.0,1.0,1.0,1.0,0.0,0.0,0.0,1.0,1.0,0.0,0.0,1.0
9,2007,362.0,1869,1869,1869,2,6,1,2,617,318061,12.669998467265833,3738,2.0,8.0,45,33642,0,1810.0,9345,9345,1851.0,0.0,0.0,1.0,1.0,0.0,0.0,1.0,1.0,0.0,0.0,0.0,1.0,0.0,0.0,0.0,1.0
7,1986,0.0,1453,1453,1453,1,6,1,2,445,190000,12.154779351142624,2906,2.5,7.5,35,20342,20,0.0,5812,5812,1335.0,0.0,1.0,1.0,0.0,0.0,1.0,0.0,0.0,1.0,0.0,0.0,1.0,0.0,0.0,0.0,0.0
5,1941,0.0,616,616,1111,1,5,0,1,200,95000,11.461632170582678,1727,1.5,6.0,30,8635,67,0.0,3333,3333,600.0,0.0,1.0,0.0,0.0,1.0,0.0,0.0,0.0,0.0,1.0,1.0,0.0,0.0,1.0,1.0,0.0
6,1928,0.0,624,720,720,1,5,0,2,484,105900,11.570250531589496,1344,1.0,6.0,48,8064,82,0.0,2880,2160,1452.0,0.0,1.0,0.0,0.0,1.0,0.0,0.0,0.0,0.0,1.0,1.0,0.0,0.0,1.0,1.0,0.0
6,1940,0.0,940,1192,1595,1,6,2,1,240,140000,11.84939770159144,2535,1.0,7.0,30,15210,66,0.0,7975,4785,720.0,0.0,1.0,0.0,0.0,1.0,0.0,1.0,0.0,0.0,1.0,0.0,1.0,0.0,1.0,0.0,0.0
6,1995,0.0,1200,1200,1200,2,6,0,2,521,177500,12.086725887897607,2400,3.0,8.0,30,14400,12,0.0,6000,4800,1563.0,1.0,0.0,1.0,0.0,0.0,0.0,1.0,0.0,1.0,0.0,1.0,1.0,0.0,0.0,0.0,0.0
6,1992,106.0,1158,1167,1167,2,6,0,2,400,173000,12.061046873479915,2325,3.0,8.0,36,13950,17,318.0,4668,4668,1200.0,0.0,1.0,1.0,0.0,0.0,1.0,0.0,0.0,1.0,0.0,1.0,1.0,0.0,0.0,0.0,0.0
5,1976,0.0,1142,1142,1142,1,6,1,2,528,134000,11.805595078933049,2284,2.5,7.5,25,11420,31,0.0,3426,3426,1584.0,0.0,1.0,1.0,0.0,0.0,0.0,0.0,0.0,0.0,1.0,0.0,1.0,1.0,0.0,1.0,0.0
5,1958,120.0,1062,1352,1352,1,6,0,1,288,130000,11.77528972943772,2414,1.5,7.0,20,12070,48,360.0,6760,5408,864.0,0.0,1.0,0.0,0.0,1.0,0.0,1.0,0.0,1.0,0.0,1.0,0.0,0.0,1.0,0.0,0.0
8,1998,530.0,1086,1086,1924,2,7,1,2,592,280000,12.542544882151386,3010,3.5,9.5,40,24080,8,2120.0,9620,7696,1776.0,1.0,0.0,1.0,0.0,0.0,1.0,1.0,0.0,1.0,0.0,0.0,1.0,0.0,0.0,0.0,1.0
6,1978,0.0,888,912,912,1,5,1,2,470,156000,11.957611286231677,1800,2.0,6.0,36,10800,29,0.0,4560,2736,1410.0,0.0,1.0,0.0,0.0,0.0,1.0,1.0,0.0,0.0,1.0,0.0,1.0,0.0,0.0,0.0,0.0
5,1940,0.0,883,988,1505,1,8,0,1,240,145000,11.884489021402713,2388,2.0,9.0,25,11940,68,0.0,6020,4515,720.0,0.0,1.0,0.0,0.0,1.0,0.0,0.0,0.0,0.0,1.0,1.0,0.0,0.0,1.0,1.0,0.0
7,2003,500.0,0,495,1922,3,7,1,2,672,198500,12.198544379109382,1922,3.0,10.0,35,13454,6,2000.0,9610,7688,2016.0,1.0,0.0,0.0,0.0,0.0,0.0,1.0,0.0,1.0,0.0,0.0,0.0,0.0,0.0,1.0,0.0
6,1972,510.0,483,483,987,1,5,0,1,264,118000,11.6784399034478,1470,1.5,6.5,48,8820,37,1530.0,3948,3948,792.0,0.0,1.0,0.0,0.0,1.0,0.0,0.0,0.0,1.0,0.0,1.0,0.0,0.0,1.0,1.0,0.0
6,1976,120.0,796,790,1574,2,6,1,2,566,190000,12.154779351142624,2370,3.5,8.5,30,14220,30,360.0,4722,4722,1698.0,0.0,1.0,1.0,0.0,0.0,1.0,0.0,0.0,0.0,1.0,0.0,1.0,1.0,0.0,0.0,0.0
5,1920,0.0,672,672,1344,1,6,0,1,468,147000,11.898187865760873,2016,1.0,7.0,35,10080,89,0.0,5376,4032,1404.0,0.0,1.0,0.0,0.0,1.0,0.0,0.0,0.0,0.0,1.0,1.0,0.0,0.0,1.0,1.0,0.0
6,1963,247.0,1394,1394,1394,1,6,2,2,514,159000,11.976659481202368,2788,2.5,7.5,30,16728,46,741.0,5576,4182,1542.0,0.0,1.0,0.0,0.0,0.0,0.0,0.0,0.0,0.0,1.0,0.0,1.0,0.0,0.0,0.0,0.0
6,1962,305.0,1099,1431,1431,1,6,1,1,296,165000,12.013700752882718,2530,1.5,7.0,30,15180,46,915.0,5724,4293,888.0,0.0,1.0,0.0,0.0,0.0,1.0,0.0,0.0,0.0,1.0,0.0,0.0,0.0,0.0,0.0,0.0
5,1954,200.0,1268,1268,1268,1,7,1,1,244,132000,11.790557201568507,2536,1.0,8.0,30,12680,56,600.0,5072,3804,732.0,0.0,1.0,1.0,0.0,1.0,0.0,0.0,0.0,0.0,1.0,0.0,1.0,1.0,0.0,0.0,0.0
5,1959,0.0,1063,1287,1287,1,7,1,2,576,162000,11.99535161421452,2350,2.0,8.0,35,11750,51,0.0,6435,5148,1728.0,0.0,1.0,0.0,0.0,1.0,0.0,1.0,0.0,1.0,0.0,0.0,0.0,1.0,0.0,0.0,0.0
6,2000,0.0,953,953,1664,2,7,1,2,460,172400,12.05757263721173,2617,2.5,9.5,30,15702,6,0.0,8320,4992,1380.0,0.0,1.0,1.0,0.0,0.0,0.0,1.0,0.0,0.0,1.0,0.0,1.0,0.0,0.0,0.0,0.0
4,1959,0.0,0,1120,1588,2,7,1,2,680,134432,11.808813773969108,1588,2.0,9.0,16,6352,49,0.0,4764,4764,2040.0,0.0,1.0,0.0,0.0,0.0,0.0,0.0,0.0,0.0,1.0,0.0,0.0,1.0,0.0,0.0,0.0
6,1984,0.0,744,752,752,1,4,0,1,264,125000,11.736069016284436,1496,2.0,5.0,30,8976,26,0.0,2256,2256,792.0,0.0,1.0,0.0,0.0,0.0,0.0,0.0,0.0,0.0,1.0,1.0,1.0,0.0,1.0,0.0,0.0
5,1953,0.0,608,1319,1319,1,5,0,1,270,123000,11.719939634354557,1927,2.0,6.0,30,9635,56,0.0,3957,3957,810.0,0.0,1.0,1.0,0.0,1.0,0.0,0.0,0.0,0.0,1.0,1.0,1.0,0.0,1.0,0.0,0.0
7,2003,0.0,847,847,1928,2,8,1,2,434,219500,12.299107511497365,2775,2.5,10.5,35,19425,4,0.0,9640,7712,1302.0,1.0,0.0,1.0,0.0,0.0,0.0,1.0,0.0,1.0,0.0,0.0,0.0,1.0,0.0,0.0,0.0
1,1922,0.0,683,904,904,0,4,0,0,0,61000,11.018629143155447,1587,1.5,4.5,1,1587,87,0.0,3616,1808,1452.0,0.0,0.0,0.0,0.0,0.0,0.0,0.0,0.0,0.0,0.0,1.0,0.0,0.0,0.0,1.0,0.0
5,1996,0.0,870,914,914,1,5,0,2,576,148000,11.904967552746252,1784,1.0,6.0,25,8920,10,0.0,4570,2742,1728.0,1.0,0.0,1.0,0.0,0.0,1.0,1.0,0.0,0.0,1.0,1.0,0.0,0.0,1.0,0.0,0.0
8,2004,0.0,1580,1580,2466,3,8,1,2,610,340000,12.736700896592344,4046,3.0,11.0,40,32368,3,0.0,12330,9864,1830.0,1.0,0.0,1.0,0.0,0.0,0.0,1.0,0.0,1.0,0.0,0.0,1.0,0.0,0.0,0.0,1.0
9,2010,350.0,1856,1856,1856,1,8,1,3,834,394432,12.885202034321916,3712,2.5,9.5,18,33408,0,1400.0,9280,9280,2502.0,1.0,0.0,1.0,1.0,0.0,1.0,1.0,1.0,0.0,0.0,0.0,1.0,1.0,0.0,0.0,1.0
6,2000,16.0,982,1007,1800,2,7,1,2,463,179000,12.095141084822892,2782,2.5,9.5,30,16692,9,48.0,9000,5400,1389.0,0.0,1.0,1.0,0.0,0.0,0.0,1.0,0.0,0.0,1.0,0.0,1.0,1.0,0.0,0.0,0.0
5,1924,0.0,1026,1026,1691,2,6,1,1,308,127000,11.751942365440728,2717,2.0,8.0,30,13585,86,0.0,5073,6764,924.0,0.0,1.0,0.0,0.0,1.0,0.0,0.0,0.0,1.0,0.0,0.0,0.0,0.0,1.0,0.0,0.0
7,2006,0.0,1293,1301,1301,2,5,1,2,572,187750,12.14286656962638,2594,3.0,7.0,35,18158,0,0.0,6505,5204,1716.0,1.0,0.0,1.0,0.0,0.0,0.0,1.0,0.0,1.0,0.0,0.0,1.0,0.0,0.0,0.0,1.0
7,2006,0.0,939,939,1797,2,8,0,2,639,213500,12.271392111650815,2736,2.5,10.5,35,19152,1,0.0,8985,7188,1917.0,1.0,0.0,1.0,0.0,0.0,0.0,1.0,0.0,1.0,0.0,1.0,1.0,0.0,0.0,0.0,0.0
6,1928,0.0,784,784,784,1,5,0,2,360,76000,11.238488619268468,1568,1.0,6.0,18,9408,81,0.0,2352,2352,720.0,0.0,1.0,0.0,0.0,0.0,0.0,0.0,0.0,0.0,1.0,1.0,0.0,0.0,1.0,0.0,0.0
6,1992,0.0,1580,1079,1953,2,9,2,2,501,240000,12.388394202324127,3533,3.5,11.5,30,21198,15,0.0,9765,7812,1503.0,1.0,0.0,1.0,0.0,0.0,1.0,1.0,0.0,1.0,0.0,0.0,1.0,1.0,0.0,0.0,0.0
8,2004,16.0,1256,1269,1269,2,6,1,2,430,192000,12.165250651009918,2525,2.0,8.0,40,20200,6,64.0,6345,5076,1290.0,1.0,0.0,1.0,0.0,0.0,1.0,1.0,0.0,1.0,0.0,0.0,1.0,1.0,0.0,0.0,0.0
5,1910,0.0,658,658,1184,1,8,0,0,0,81000,11.302204433654577,1842,1.0,9.0,15,9210,96,0.0,3552,3552,1452.0,0.0,1.0,1.0,0.0,1.0,0.0,0.0,0.0,0.0,1.0,1.0,0.0,0.0,0.0,1.0,0.0
6,1976,255.0,1041,1125,1125,1,6,1,1,352,125000,11.736069016284436,2166,2.0,7.0,36,12996,33,765.0,5625,3375,1056.0,0.0,1.0,0.0,0.0,1.0,0.0,1.0,0.0,0.0,1.0,0.0,0.0,0.0,1.0,1.0,0.0
7,1999,125.0,1468,1479,1479,2,6,0,2,577,191000,12.160028707028768,2947,2.0,8.0,35,20629,9,500.0,7395,5916,1731.0,1.0,0.0,1.0,0.0,0.0,0.0,1.0,0.0,1.0,0.0,1.0,1.0,0.0,0.0,0.0,0.0
10,2007,272.0,1682,1742,2332,2,9,1,3,846,426000,12.962194625251508,4014,3.5,11.5,50,40140,1,1360.0,11660,11660,2538.0,0.0,0.0,1.0,1.0,0.0,1.0,1.0,1.0,0.0,0.0,0.0,0.0,1.0,0.0,0.0,1.0
5,1900,0.0,861,961,1367,1,7,0,1,384,119000,11.686878772093667,2228,2.0,8.0,40,11140,108,0.0,6835,4101,1152.0,0.0,1.0,0.0,0.0,1.0,0.0,1.0,0.0,0.0,1.0,1.0,0.0,0.0,1.0,1.0,0.0
6,2001,0.0,804,804,1961,2,7,1,2,560,215000,12.2783933071098,2765,3.5,9.5,30,16590,8,0.0,9805,7844,1680.0,0.0,1.0,1.0,1.0,0.0,0.0,1.0,0.0,1.0,0.0,0.0,0.0,1.0,0.0,0.0,0.0
5,1959,0.0,0,882,882,1,5,0,1,294,106500,11.575900264131617,882,1.0,6.0,35,4410,48,0.0,2646,2646,882.0,0.0,1.0,0.0,0.0,0.0,0.0,0.0,0.0,0.0,1.0,1.0,1.0,0.0,0.0,0.0,0.0
4,1941,0.0,788,788,788,1,4,2,0,0,100000,11.512925464970229,1576,1.0,5.0,20,6304,65,0.0,2364,2364,1452.0,0.0,1.0,0.0,0.0,1.0,0.0,0.0,0.0,0.0,1.0,0.0,0.0,0.0,0.0,1.0,0.0
5,1940,0.0,735,735,1034,1,5,0,1,240,109000,11.59910316121128,1769,1.0,6.0,30,8845,67,0.0,4136,3102,720.0,0.0,1.0,0.0,0.0,1.0,0.0,0.0,0.0,0.0,1.0,1.0,0.0,0.0,1.0,1.0,0.0
5,1956,0.0,1144,1144,1144,1,6,0,1,596,129000,11.76756768334381,2288,2.0,7.0,30,11440,54,0.0,3432,3432,1788.0,0.0,1.0,0.0,0.0,1.0,0.0,0.0,0.0,0.0,1.0,1.0,1.0,0.0,1.0,1.0,0.0
5,1972,0.0,894,894,894,1,6,0,2,600,123000,11.719939634354557,1788,1.0,7.0,25,8940,37,0.0,2682,2682,1800.0,0.0,1.0,0.0,0.0,1.0,0.0,0.0,0.0,0.0,1.0,1.0,0.0,0.0,0.0,0.0,0.0
5,1962,288.0,864,876,1812,2,8,1,1,264,169500,12.04060820580264,2676,2.0,10.0,25,13380,45,864.0,5436,5436,792.0,0.0,1.0,0.0,0.0,1.0,0.0,0.0,0.0,0.0,1.0,0.0,1.0,0.0,0.0,0.0,0.0
5,1920,0.0,961,1077,1077,1,6,0,1,338,67000,11.112447898373103,2038,1.0,7.0,10,10190,87,0.0,4308,3231,338.0,0.0,1.0,0.0,0.0,0.0,0.0,0.0,0.0,0.0,1.0,1.0,0.0,0.0,1.0,1.0,0.0
7,2006,100.0,1092,1112,1550,2,7,0,2,438,241000,12.392552212472792,2642,3.0,9.0,35,18494,3,400.0,7750,6200,1314.0,1.0,0.0,1.0,0.0,0.0,1.0,1.0,0.0,1.0,0.0,1.0,1.0,1.0,0.0,0.0,1.0
8,1996,0.0,1260,1288,1288,1,4,2,2,500,245500,12.411052226216713,2548,2.5,5.5,40,20384,12,0.0,6440,6440,1500.0,1.0,0.0,1.0,0.0,0.0,1.0,1.0,1.0,0.0,0.0,0.0,1.0,1.0,0.0,0.0,1.0
7,2005,0.0,1310,1310,1310,2,6,1,2,400,164990,12.01364014498549,2620,2.0,8.0,35,18340,1,0.0,6550,5240,1200.0,1.0,0.0,1.0,0.0,0.0,1.0,1.0,0.0,1.0,0.0,0.0,1.0,1.0,0.0,0.0,0.0
5,1940,0.0,672,672,672,1,4,0,1,240,108000,11.589886506106357,1344,1.0,5.0,40,6720,68,0.0,3360,2016,720.0,0.0,1.0,1.0,0.0,1.0,0.0,1.0,0.0,0.0,1.0,1.0,0.0,0.0,1.0,0.0,0.0
8,1998,650.0,1141,1165,2263,2,10,1,2,420,258000,12.460714863903757,3404,2.5,12.5,40,27232,8,2600.0,9052,9052,1260.0,1.0,0.0,1.0,0.0,0.0,0.0,0.0,0.0,1.0,0.0,0.0,0.0,1.0,0.0,0.0,1.0
6,1995,0.0,806,806,1572,2,7,1,2,373,168000,12.031719258385396,2378,2.5,9.5,30,14268,12,0.0,6288,4716,1119.0,0.0,1.0,1.0,0.0,0.0,0.0,0.0,0.0,0.0,1.0,0.0,0.0,1.0,0.0,0.0,0.0
4,1976,0.0,1281,1620,1620,2,8,1,2,490,150000,11.918390573078392,2901,3.0,10.0,16,11604,33,0.0,8100,4860,1470.0,0.0,1.0,0.0,0.0,1.0,0.0,1.0,0.0,0.0,1.0,0.0,1.0,0.0,1.0,0.0,0.0
6,1936,0.0,1064,1166,1639,1,6,0,1,240,115000,11.652687407345388,2230,1.0,7.0,30,13380,72,0.0,8195,4917,720.0,0.0,1.0,0.0,0.0,1.0,0.0,1.0,0.0,0.0,1.0,1.0,0.0,0.0,1.0,0.0,0.0
6,1915,0.0,840,840,1680,2,8,0,1,308,177000,12.083905011555968,2520,2.0,10.0,42,15120,93,0.0,8400,5040,924.0,0.0,1.0,0.0,0.0,0.0,0.0,1.0,0.0,0.0,1.0,1.0,1.0,0.0,1.0,0.0,1.0
7,2006,350.0,1063,1071,2172,2,9,1,3,947,280000,12.542544882151386,3235,2.5,11.5,35,22645,1,1400.0,10860,8688,2841.0,1.0,0.0,1.0,1.0,0.0,0.0,1.0,0.0,1.0,0.0,0.0,1.0,0.0,0.0,0.0,1.0
8,2007,100.0,1034,1050,2078,2,8,1,3,836,339750,12.73596533201339,3112,3.5,10.5,40,24896,1,400.0,10390,10390,2508.0,1.0,0.0,1.0,1.0,0.0,1.0,1.0,1.0,0.0,0.0,0.0,1.0,1.0,0.0,0.0,1.0
5,1958,0.0,1276,1276,1276,1,5,0,1,350,60000,11.002099841204238,2552,1.0,6.0,15,12760,51,0.0,3828,3828,1050.0,0.0,1.0,0.0,0.0,1.0,0.0,0.0,0.0,0.0,1.0,1.0,1.0,0.0,1.0,1.0,0.0
5,1955,0.0,1056,1056,1056,1,5,0,2,572,145000,11.884489021402713,2112,2.0,6.0,25,10560,51,0.0,3168,3168,1716.0,0.0,1.0,0.0,0.0,1.0,0.0,0.0,0.0,0.0,1.0,1.0,1.0,1.0,0.0,0.0,0.0
7,2009,432.0,1470,1478,1478,2,7,1,2,484,222000,12.310432660854415,2948,3.5,9.5,35,20636,1,2160.0,7390,5912,1452.0,0.0,0.0,1.0,1.0,0.0,1.0,1.0,0.0,1.0,0.0,0.0,1.0,1.0,0.0,0.0,1.0
5,1927,0.0,1008,1028,1028,1,5,1,2,360,115000,11.652687407345388,2036,1.0,6.0,30,10180,83,0.0,4112,3084,1080.0,0.0,1.0,0.0,0.0,1.0,0.0,0.0,0.0,0.0,1.0,0.0,0.0,0.0,1.0,1.0,0.0
7,1993,0.0,1080,1080,2097,2,9,1,3,678,228000,12.337100907936575,3177,3.0,11.5,35,22239,15,0.0,10485,8388,2034.0,1.0,0.0,1.0,0.0,0.0,0.0,1.0,0.0,1.0,0.0,0.0,1.0,0.0,1.0,0.0,0.0
7,2007,0.0,1340,1340,1340,2,6,0,2,396,181134,12.106992367829498,2680,2.0,8.0,35,18760,0,0.0,6700,5360,1188.0,1.0,0.0,1.0,0.0,0.0,1.0,1.0,0.0,1.0,0.0,1.0,1.0,1.0,0.0,0.0,0.0
6,1978,203.0,672,672,1400,1,6,1,2,440,149500,11.915051671812876,2072,1.5,7.5,42,12432,28,609.0,4200,4200,1320.0,0.0,1.0,0.0,0.0,1.0,0.0,0.0,0.0,0.0,1.0,0.0,1.0,1.0,0.0,0.0,0.0
6,1918,0.0,1370,1370,2624,2,10,1,3,864,239000,12.384218830913648,3994,3.5,12.5,36,23964,89,0.0,7872,7872,2592.0,0.0,1.0,0.0,0.0,0.0,0.0,0.0,0.0,0.0,1.0,0.0,0.0,0.0,1.0,0.0,1.0
5,1940,0.0,756,756,1134,1,7,0,1,240,126000,11.744037185933616,1890,2.5,8.5,30,9450,67,0.0,2268,3402,720.0,0.0,1.0,0.0,0.0,1.0,0.0,0.0,0.0,0.0,1.0,1.0,0.0,0.0,1.0,1.0,0.0
5,1968,0.0,1056,1056,1056,1,6,1,1,304,142000,11.8635823365834,2112,2.0,7.0,30,10560,42,0.0,5280,3168,912.0,0.0,1.0,0.0,0.0,1.0,0.0,1.0,0.0,0.0,1.0,0.0,1.0,0.0,1.0,0.0,0.0
7,1997,200.0,1344,1344,1344,2,8,0,4,784,206300,12.237086699059343,2688,4.0,10.0,35,18816,11,600.0,6720,4032,2352.0,0.0,1.0,1.0,0.0,0.0,1.0,1.0,0.0,0.0,1.0,1.0,1.0,1.0,0.0,0.0,0.0
6,1977,126.0,1602,1602,1602,2,8,1,2,529,215000,12.2783933071098,3204,2.5,10.0,42,19224,32,504.0,6408,6408,1587.0,1.0,0.0,0.0,0.0,0.0,0.0,0.0,0.0,1.0,0.0,0.0,1.0,1.0,0.0,0.0,0.0
5,1954,0.0,988,988,988,1,4,0,2,520,113000,11.635143097694478,1976,1.0,5.0,25,9880,54,0.0,4940,2964,1560.0,0.0,1.0,0.0,0.0,1.0,0.0,1.0,0.0,0.0,1.0,1.0,1.0,0.0,0.0,0.0,0.0
8,1998,473.0,1470,1470,2630,2,8,1,3,696,315000,12.66032791780777,4100,3.5,10.5,40,32800,10,1892.0,10520,10520,2088.0,1.0,0.0,1.0,0.0,0.0,1.0,0.0,0.0,1.0,0.0,0.0,1.0,1.0,0.0,0.0,1.0
6,1956,74.0,1196,1196,1196,1,6,1,1,297,139000,11.842229212112828,2392,2.0,7.0,30,14352,52,222.0,4784,3588,891.0,0.0,1.0,0.0,0.0,0.0,0.0,0.0,0.0,0.0,1.0,0.0,1.0,0.0,0.0,0.0,0.0
7,1946,0.0,651,707,1389,1,6,2,1,240,135000,11.813030057420567,2040,1.5,7.5,56,14280,63,0.0,5556,4167,720.0,0.0,1.0,0.0,0.0,1.0,0.0,0.0,0.0,0.0,1.0,0.0,0.0,0.0,1.0,1.0,0.0
7,1989,145.0,1518,1644,1644,2,5,1,2,569,275000,12.524526376648708,3162,3.5,7.0,35,22134,20,580.0,6576,6576,1707.0,1.0,0.0,1.0,0.0,0.0,1.0,0.0,0.0,1.0,0.0,0.0,1.0,1.0,0.0,0.0,0.0
4,1957,0.0,907,907,907,1,5,0,1,352,109008,11.59917655301345,1814,1.0,6.0,24,7256,51,0.0,4535,2721,1056.0,0.0,1.0,0.0,0.0,1.0,0.0,1.0,0.0,0.0,1.0,1.0,0.0,0.0,1.0,0.0,0.0
7,2007,108.0,1208,1208,1208,2,6,0,2,628,195400,12.18280401859082,2416,3.0,8.0,35,16912,0,432.0,6040,4832,1884.0,1.0,0.0,1.0,0.0,0.0,1.0,1.0,0.0,1.0,0.0,1.0,1.0,0.0,0.0,0.0,0.0
6,1988,0.0,1392,1412,1412,2,6,1,2,576,175000,12.072541252905651,2804,3.0,8.0,30,16824,21,0.0,4236,5648,1728.0,0.0,1.0,0.0,0.0,0.0,1.0,0.0,0.0,1.0,0.0,0.0,1.0,0.0,1.0,0.0,1.0
6,1971,232.0,483,483,987,1,4,0,1,264,85400,11.35510137977666,1470,1.5,5.5,30,8820,37,696.0,2961,2961,792.0,0.0,1.0,0.0,0.0,1.0,0.0,0.0,0.0,0.0,1.0,1.0,0.0,0.0,1.0,1.0,0.0
6,1920,0.0,901,1088,1198,1,7,0,0,0,79900,11.288531131754366,2099,1.0,8.0,42,12594,88,0.0,4792,3594,1452.0,0.0,1.0,0.0,0.0,1.0,0.0,0.0,0.0,0.0,1.0,1.0,0.0,0.0,0.0,1.0,0.0
5,1971,376.0,765,765,1365,1,6,0,2,440,122500,11.715866308966918,2130,2.5,7.5,25,10650,36,1128.0,6825,4095,1320.0,0.0,1.0,0.0,0.0,1.0,0.0,1.0,0.0,0.0,1.0,1.0,0.0,0.0,1.0,1.0,0.0
6,1997,0.0,926,926,1604,2,7,1,2,470,181000,12.106252310247962,2530,2.5,9.5,30,15180,11,0.0,8020,4812,1410.0,0.0,1.0,1.0,0.0,0.0,0.0,1.0,0.0,0.0,1.0,0.0,1.0,1.0,0.0,0.0,0.0
4,1972,0.0,630,630,630,1,3,0,0,0,81000,11.302204433654577,1260,2.0,4.0,28,5040,36,0.0,2520,1890,1452.0,0.0,1.0,0.0,0.0,0.0,0.0,0.0,0.0,0.0,1.0,1.0,0.0,0.0,0.0,1.0,0.0
7,1996,0.0,799,827,1661,2,6,1,2,550,212000,12.26434155365415,2460,3.5,8.5,42,17220,13,0.0,8305,6644,1650.0,1.0,0.0,1.0,0.0,0.0,1.0,1.0,0.0,1.0,0.0,0.0,1.0,0.0,0.0,0.0,0.0
6,1920,0.0,648,734,1118,1,6,0,2,440,116000,11.661345470088502,1766,1.0,7.0,48,10596,86,0.0,3354,3354,1320.0,0.0,1.0,0.0,0.0,0.0,0.0,0.0,0.0,0.0,1.0,1.0,0.0,0.0,1.0,1.0,0.0
6,1926,0.0,884,904,904,1,4,0,1,180,119000,11.686878772093667,1788,1.0,5.0,42,10728,83,0.0,3616,2712,540.0,1.0,0.0,1.0,0.0,1.0,0.0,0.0,0.0,0.0,1.0,1.0,0.0,0.0,1.0,1.0,0.0
5,1913,0.0,440,694,694,1,4,1,1,352,90350,11.411446296020374,1134,1.0,5.0,30,5670,94,0.0,2082,2776,1408.0,0.0,1.0,1.0,0.0,1.0,0.0,0.0,0.0,1.0,0.0,0.0,0.0,0.0,1.0,0.0,1.0
6,1920,0.0,684,684,1196,1,7,0,2,528,110000,11.608235644774552,1880,1.0,8.0,48,11280,89,0.0,4784,4784,1584.0,0.0,1.0,0.0,0.0,1.0,0.0,0.0,0.0,1.0,0.0,1.0,0.0,0.0,1.0,1.0,0.0
10,2008,200.0,3094,2402,2402,2,10,2,3,672,555000,13.226723392728571,5496,3.0,12.0,50,54960,1,1000.0,12010,12010,2016.0,0.0,0.0,1.0,1.0,0.0,1.0,1.0,1.0,0.0,0.0,0.0,1.0,1.0,0.0,0.0,1.0
4,1955,270.0,1440,1440,1440,2,8,0,0,0,118000,11.6784399034478,2880,2.0,10.0,16,11520,53,810.0,4320,2880,1452.0,0.0,1.0,0.0,0.0,1.0,0.0,0.0,0.0,0.0,0.0,1.0,0.0,0.0,0.0,1.0,0.0
5,1930,0.0,1078,1128,1573,2,8,1,2,360,162900,12.000891794590135,2651,2.0,10.0,35,13255,78,0.0,4719,4719,1080.0,0.0,1.0,1.0,0.0,1.0,0.0,0.0,0.0,0.0,1.0,0.0,0.0,0.0,1.0,1.0,0.0
7,2006,72.0,1258,1258,1258,2,6,1,3,648,172500,12.058152515453552,2516,2.0,8.0,35,17612,1,288.0,6290,5032,1944.0,1.0,0.0,1.0,1.0,0.0,0.0,1.0,0.0,1.0,0.0,0.0,1.0,1.0,0.0,0.0,0.0
7,1994,0.0,915,933,1908,2,8,1,2,493,210000,12.254862809699606,2823,3.5,10.5,35,19761,14,0.0,9540,7632,1479.0,1.0,0.0,1.0,0.0,0.0,1.0,1.0,0.0,1.0,0.0,0.0,1.0,0.0,1.0,0.0,0.0
6,1956,0.0,1436,1689,1689,1,7,1,2,480,127500,11.755871643580615,3125,1.0,8.0,30,18750,53,0.0,3378,5067,1440.0,0.0,1.0,0.0,0.0,1.0,0.0,0.0,0.0,0.0,1.0,0.0,1.0,0.0,1.0,1.0,0.0
6,1966,0.0,1517,1888,1888,2,6,1,2,578,190000,12.154779351142624,3405,2.5,8.5,36,20430,44,0.0,9440,7552,1734.0,1.0,0.0,0.0,0.0,1.0,0.0,1.0,0.0,1.0,0.0,0.0,1.0,1.0,0.0,0.0,0.0
7,1998,0.0,930,956,1886,2,10,1,2,431,199900,12.205572520488492,2816,2.5,12.5,35,19712,8,0.0,7544,7544,1293.0,1.0,0.0,1.0,0.0,0.0,0.0,0.0,0.0,1.0,0.0,0.0,1.0,1.0,0.0,0.0,0.0
6,1937,0.0,780,780,1376,2,7,1,1,198,119500,11.691071650353702,2156,2.0,9.0,36,12936,69,0.0,4128,4128,594.0,0.0,1.0,0.0,0.0,1.0,0.0,0.0,0.0,0.0,1.0,0.0,0.0,0.0,1.0,1.0,0.0
3,1948,0.0,649,679,1183,1,6,0,1,308,120000,11.695247021764184,1832,1.5,7.5,21,5496,59,0.0,5915,3549,924.0,0.0,1.0,0.0,0.0,1.0,0.0,1.0,0.0,0.0,1.0,1.0,0.0,0.0,1.0,1.0,0.0
6,1930,0.0,813,813,813,1,5,0,1,270,110000,11.608235644774552,1626,1.0,6.0,48,9756,76,0.0,4065,3252,540.0,0.0,1.0,0.0,0.0,1.0,0.0,1.0,0.0,1.0,0.0,1.0,0.0,0.0,1.0,1.0,0.0
7,1975,0.0,1533,1533,1533,2,5,2,2,576,280000,12.542544882151386,3066,3.0,7.0,35,21462,31,0.0,4599,6132,1728.0,0.0,1.0,0.0,0.0,0.0,0.0,0.0,0.0,1.0,0.0,0.0,1.0,0.0,1.0,0.0,0.0
6,1996,42.0,872,888,1756,2,7,0,2,422,204000,12.225875272826354,2628,3.5,9.5,30,15768,11,168.0,8780,5268,1266.0,1.0,0.0,1.0,1.0,0.0,0.0,1.0,0.0,0.0,1.0,1.0,1.0,1.0,0.0,0.0,1.0
8,2008,0.0,768,786,1590,2,6,0,2,676,210000,12.254862809699606,2358,2.5,8.5,40,18864,1,0.0,7950,6360,2028.0,1.0,0.0,1.0,0.0,0.0,0.0,1.0,0.0,1.0,0.0,1.0,1.0,0.0,0.0,0.0,1.0
5,1976,0.0,1728,1728,1728,2,8,0,2,560,188000,12.144197241812089,3456,4.0,10.0,25,17280,30,0.0,5184,5184,1680.0,0.0,1.0,0.0,0.0,1.0,0.0,0.0,0.0,0.0,1.0,1.0,0.0,0.0,1.0,0.0,0.0
7,1973,320.0,1242,1242,1242,1,6,1,2,528,175500,12.075394321888057,2484,1.5,7.5,42,17388,34,960.0,2484,3726,1584.0,0.0,1.0,0.0,0.0,1.0,0.0,0.0,0.0,0.0,1.0,0.0,1.0,0.0,1.0,0.0,0.0
5,1916,0.0,624,624,1344,1,7,0,3,513,98000,11.49272275765271,1968,1.0,8.0,25,9840,92,0.0,2688,4032,1026.0,0.0,1.0,0.0,0.0,1.0,0.0,0.0,0.0,0.0,1.0,1.0,0.0,0.0,1.0,1.0,0.0
4,1954,0.0,1364,1663,1663,1,6,2,2,529,256000,12.4529327234617,3027,2.0,7.0,24,12108,54,0.0,8315,6652,1587.0,0.0,1.0,0.0,0.0,0.0,0.0,1.0,0.0,1.0,0.0,0.0,1.0,1.0,0.0,0.0,0.0
8,1925,0.0,588,833,1666,1,7,1,1,228,161000,11.9891596439666,2254,1.0,8.0,56,18032,83,0.0,3332,6664,684.0,0.0,1.0,1.0,0.0,1.0,0.0,0.0,0.0,1.0,0.0,0.0,0.0,0.0,1.0,1.0,0.0
5,1950,161.0,709,979,1203,1,5,1,1,352,110000,11.608235644774552,1912,2.0,6.0,20,9560,59,483.0,3609,4812,1056.0,0.0,1.0,0.0,0.0,1.0,0.0,0.0,0.0,1.0,0.0,0.0,0.0,0.0,1.0,1.0,0.0
8,2009,110.0,832,832,1935,2,8,0,2,552,263435,12.481561937216318,2767,3.5,10.5,40,22136,0,440.0,9675,5805,1656.0,1.0,0.0,1.0,0.0,0.0,1.0,1.0,0.0,0.0,1.0,1.0,0.0,1.0,0.0,0.0,1.0
7,1936,0.0,560,575,1135,1,6,0,2,576,155000,11.951180395901384,1695,2.0,7.0,63,11865,73,0.0,5675,4540,1728.0,1.0,0.0,1.0,0.0,0.0,0.0,1.0,0.0,1.0,0.0,1.0,0.0,0.0,0.0,0.0,0.0
5,1965,0.0,864,864,864,1,5,1,1,360,62383,11.041048081342682,1728,1.0,6.0,25,8640,44,0.0,3456,2592,1080.0,0.0,1.0,0.0,0.0,1.0,0.0,0.0,0.0,0.0,1.0,0.0,0.0,0.0,1.0,0.0,0.0
6,1934,0.0,715,849,1660,1,6,1,1,240,188700,12.147913731356642,2375,1.5,7.5,42,14250,74,0.0,3320,4980,720.0,0.0,1.0,0.0,0.0,1.0,0.0,0.0,0.0,0.0,1.0,0.0,0.0,0.0,1.0,0.0,1.0
5,1978,136.0,1040,1040,1040,2,5,0,0,0,124000,11.728036844587177,2080,2.0,7.0,25,10400,31,408.0,3120,3120,1452.0,0.0,1.0,0.0,0.0,0.0,0.0,0.0,0.0,0.0,1.0,1.0,0.0,0.0,0.0,0.0,0.0
7,2004,18.0,1375,1414,1414,2,6,1,2,398,178740,12.093687514935382,2789,2.0,8.0,35,19523,2,72.0,7070,5656,1194.0,1.0,0.0,1.0,0.0,0.0,0.0,1.0,0.0,1.0,0.0,0.0,1.0,1.0,0.0,0.0,0.0
7,1970,0.0,1277,1277,1277,1,5,1,2,526,167000,12.025749091398891,2554,2.0,6.0,35,17878,37,0.0,3831,3831,1578.0,0.0,1.0,0.0,0.0,1.0,1.0,0.0,0.0,0.0,1.0,0.0,1.0,0.0,1.0,0.0,0.0
5,1942,224.0,728,888,1644,1,7,2,1,312,146500,11.894780707439258,2372,1.5,8.5,35,11860,65,672.0,8220,6576,936.0,0.0,1.0,0.0,0.0,1.0,0.0,1.0,0.0,1.0,0.0,0.0,1.0,0.0,1.0,0.0,0.0
8,2006,248.0,1626,1634,1634,2,7,1,3,866,250000,12.429216196844385,3260,2.0,9.0,40,26080,1,992.0,8170,6536,2598.0,1.0,0.0,1.0,0.0,0.0,0.0,1.0,0.0,1.0,0.0,0.0,1.0,0.0,0.0,0.0,1.0
6,1993,120.0,832,832,1710,2,7,0,2,506,187000,12.138863895836725,2542,2.5,9.5,30,15252,15,480.0,8550,6840,1518.0,1.0,0.0,1.0,0.0,0.0,1.0,1.0,0.0,1.0,0.0,1.0,1.0,0.0,0.0,0.0,0.0
8,1985,0.0,1488,1502,1502,1,4,0,2,528,212000,12.26434155365415,2990,2.5,5.5,40,23920,25,0.0,4506,6008,1584.0,1.0,0.0,1.0,0.0,0.0,1.0,0.0,0.0,1.0,0.0,1.0,1.0,0.0,0.0,0.0,1.0
7,1977,0.0,808,1161,1969,2,8,1,2,534,190000,12.154779351142624,2777,2.5,10.5,42,19439,30,0.0,5907,5907,1602.0,0.0,1.0,0.0,0.0,0.0,0.0,0.0,0.0,0.0,1.0,0.0,1.0,0.0,0.0,0.0,0.0
6,2005,80.0,547,1072,1072,1,5,0,2,525,148000,11.904967552746252,1619,2.0,6.0,30,9714,3,240.0,5360,3216,1575.0,0.0,1.0,1.0,0.0,0.0,1.0,1.0,0.0,0.0,1.0,1.0,0.0,0.0,0.0,1.0,0.0
8,2006,304.0,1976,1976,1976,2,7,1,3,908,440000,12.994530005894443,3952,3.0,9.0,40,31616,1,1216.0,9880,7904,2724.0,1.0,0.0,1.0,1.0,0.0,1.0,1.0,0.0,1.0,0.0,0.0,1.0,0.0,0.0,0.0,1.0
8,2000,0.0,1494,1652,1652,2,6,0,2,499,251000,12.43320821811392,3146,3.0,8.0,40,25168,7,0.0,8260,8260,1497.0,1.0,0.0,1.0,0.0,0.0,1.0,1.0,1.0,0.0,0.0,1.0,1.0,0.0,0.0,0.0,1.0
5,1963,0.0,970,970,970,1,5,0,2,624,132500,11.794337924408412,1940,2.0,6.0,30,9700,44,0.0,2910,2910,1872.0,0.0,1.0,0.0,0.0,1.0,1.0,0.0,0.0,0.0,1.0,1.0,0.0,0.0,1.0,0.0,0.0
6,1997,215.0,1478,1493,1493,2,7,1,2,508,208900,12.249610947544657,2971,3.0,9.0,30,17826,11,645.0,7465,5972,1524.0,0.0,1.0,1.0,0.0,0.0,1.0,1.0,0.0,1.0,0.0,0.0,1.0,1.0,0.0,0.0,0.0
9,2006,772.0,2153,2069,2643,2,9,1,3,694,380000,12.84792653170257,4796,2.5,11.5,45,43164,1,3860.0,13215,13215,2082.0,0.0,0.0,1.0,0.0,0.0,0.0,1.0,1.0,0.0,0.0,0.0,0.0,1.0,0.0,0.0,1.0
8,2007,336.0,1705,1718,1718,2,7,1,3,826,297000,12.601487417784837,3423,3.0,9.0,40,27384,2,1344.0,8590,6872,2478.0,1.0,0.0,1.0,1.0,0.0,1.0,1.0,0.0,1.0,0.0,0.0,1.0,0.0,0.0,0.0,0.0
4,1937,435.0,907,1131,1131,1,7,0,2,672,89471,11.401669829409997,2038,1.0,8.0,28,8152,70,1305.0,3393,3393,2016.0,0.0,1.0,0.0,0.0,0.0,0.0,0.0,0.0,0.0,1.0,1.0,0.0,0.0,1.0,1.0,0.0
9,2004,378.0,1833,1850,1850,2,8,1,3,772,326000,12.694652660348844,3683,3.0,10.0,45,33147,2,1512.0,9250,7400,2316.0,1.0,0.0,1.0,1.0,0.0,1.0,1.0,0.0,1.0,0.0,0.0,1.0,1.0,0.0,0.0,1.0
9,2003,562.0,1792,1792,1792,2,6,1,3,874,374000,12.832011076396668,3584,3.0,8.0,45,32256,3,2248.0,8960,8960,2622.0,1.0,0.0,1.0,1.0,0.0,1.0,1.0,1.0,0.0,0.0,0.0,1.0,1.0,0.0,0.0,1.0
7,1915,0.0,910,916,1826,1,7,1,1,164,155000,11.951180395901384,2736,2.5,8.5,56,19152,94,0.0,9130,9130,328.0,1.0,0.0,1.0,0.0,1.0,0.0,1.0,1.0,0.0,0.0,0.0,1.0,0.0,1.0,1.0,0.0
6,1998,116.0,1216,1216,1216,2,5,0,2,402,164000,12.007621706806336,2432,3.0,7.0,30,14592,8,348.0,6080,3648,1206.0,0.0,1.0,1.0,1.0,0.0,1.0,1.0,0.0,0.0,1.0,1.0,1.0,0.0,1.0,0.0,0.0
5,1962,0.0,999,999,999,1,6,0,1,264,132500,11.794337924408412,1998,2.0,7.0,35,9990,45,0.0,3996,3996,792.0,0.0,1.0,0.0,0.0,1.0,0.0,0.0,0.0,1.0,0.0,1.0,0.0,0.0,1.0,0.0,0.0
5,1950,0.0,1113,1113,1113,1,5,1,1,264,147000,11.898187865760873,2226,1.0,6.0,35,11130,59,0.0,4452,4452,792.0,1.0,0.0,0.0,0.0,1.0,0.0,0.0,0.0,1.0,0.0,0.0,1.0,0.0,1.0,0.0,0.0
5,1965,168.0,1073,1073,1073,1,6,0,2,515,156000,11.957611286231677,2146,2.5,7.5,35,10730,42,504.0,3219,3219,1545.0,0.0,1.0,0.0,0.0,1.0,0.0,0.0,0.0,0.0,1.0,1.0,1.0,0.0,0.0,0.0,0.0
5,1971,0.0,1484,1484,1484,2,7,1,2,487,175000,12.072541252905651,2968,2.0,9.0,30,14840,36,0.0,5936,4452,1461.0,0.0,1.0,0.0,0.0,0.0,0.0,0.0,0.0,0.0,1.0,0.0,1.0,0.0,1.0,0.0,0.0
5,1900,0.0,954,1766,2414,2,10,1,2,520,160000,11.982929094215963,3368,2.0,12.0,20,16840,106,0.0,7242,7242,1560.0,0.0,1.0,0.0,0.0,1.0,0.0,0.0,0.0,0.0,1.0,0.0,1.0,0.0,1.0,1.0,0.0
4,1970,0.0,630,630,630,1,3,0,1,286,86000,11.362102575235644,1260,2.0,4.0,32,5040,39,0.0,1890,2520,858.0,0.0,1.0,0.0,0.0,0.0,1.0,0.0,0.0,1.0,0.0,1.0,1.0,0.0,1.0,1.0,0.0
5,1976,0.0,264,616,1304,1,4,1,1,336,115000,11.652687407345388,1568,1.5,5.5,30,7840,32,0.0,3912,3912,1008.0,0.0,1.0,1.0,0.0,0.0,0.0,0.0,0.0,0.0,1.0,0.0,0.0,1.0,0.0,1.0,0.0
6,1941,0.0,806,958,1578,1,5,2,1,240,133000,11.79810440720389,2384,2.0,6.0,42,14304,65,0.0,4734,3156,720.0,0.0,1.0,0.0,0.0,1.0,0.0,0.0,0.0,0.0,0.0,0.0,1.0,0.0,1.0,0.0,0.0
6,2006,0.0,728,728,1456,2,8,0,2,429,172785,12.059803326028716,2184,2.5,10.5,30,13104,0,0.0,5824,4368,1287.0,1.0,0.0,1.0,0.0,0.0,0.0,0.0,0.0,0.0,1.0,1.0,1.0,0.0,0.0,0.0,0.0
5,1960,0.0,1269,1269,1269,1,6,1,1,308,155000,11.951180395901384,2538,1.5,7.5,30,12690,48,0.0,3807,3807,924.0,0.0,1.0,0.0,0.0,1.0,0.0,0.0,0.0,0.0,1.0,0.0,0.0,0.0,1.0,0.0,0.0
5,1938,0.0,190,886,886,1,4,0,1,273,91300,11.42190606658306,1076,1.0,5.0,40,5380,71,0.0,3544,2658,819.0,0.0,1.0,0.0,0.0,0.0,0.0,0.0,0.0,0.0,1.0,1.0,1.0,0.0,1.0,1.0,0.0
4,1920,0.0,720,720,720,1,4,0,0,0,34900,10.46024210819052,1440,1.0,5.0,20,5760,89,0.0,2160,2160,1452.0,0.0,1.0,0.0,0.0,1.0,0.0,0.0,0.0,0.0,1.0,1.0,0.0,0.0,0.0,1.0,0.0
8,1992,0.0,3200,3228,3228,3,10,1,2,546,430000,12.971540487669746,6428,4.0,13.0,40,51424,15,0.0,16140,12912,1638.0,1.0,0.0,1.0,0.0,0.0,1.0,1.0,0.0,1.0,0.0,0.0,1.0,0.0,0.0,0.0,1.0
7,1925,0.0,1026,1133,1820,2,8,0,1,240,184000,12.122691036591124,2846,3.0,10.0,42,19922,83,0.0,9100,5460,720.0,0.0,1.0,1.0,0.0,1.0,0.0,1.0,0.0,0.0,1.0,1.0,0.0,0.0,1.0,1.0,0.0
5,1967,89.0,864,899,899,1,5,0,1,288,130000,11.77528972943772,1763,1.0,6.0,35,8815,42,267.0,4495,3596,864.0,0.0,1.0,1.0,0.0,1.0,0.0,1.0,0.0,1.0,0.0,1.0,1.0,1.0,0.0,0.0,0.0
5,1958,0.0,912,912,912,1,5,0,1,297,120000,11.695247021764184,1824,1.5,6.0,35,9120,49,0.0,1824,2736,891.0,0.0,1.0,0.0,0.0,1.0,0.0,0.0,0.0,0.0,1.0,1.0,1.0,1.0,0.0,0.0,0.0
6,1973,285.0,672,672,1218,1,7,0,1,264,113000,11.635143097694478,1890,1.5,8.5,30,11340,34,855.0,3654,3654,792.0,0.0,1.0,0.0,0.0,1.0,0.0,0.0,0.0,0.0,1.0,1.0,0.0,0.0,1.0,1.0,0.0
7,2005,0.0,866,866,1768,2,7,0,2,603,226700,12.33138283649562,2634,2.5,9.5,35,18438,3,0.0,7072,7072,1809.0,1.0,0.0,1.0,0.0,0.0,1.0,0.0,0.0,1.0,0.0,1.0,1.0,0.0,0.0,0.0,1.0
5,1965,0.0,1214,1214,1214,1,6,0,2,461,140000,11.84939770159144,2428,2.0,7.0,35,12140,42,0.0,6070,3642,922.0,0.0,1.0,0.0,0.0,1.0,0.0,1.0,0.0,0.0,1.0,1.0,0.0,0.0,1.0,1.0,0.0
7,1959,0.0,1501,1801,1801,2,6,2,2,484,289000,12.57418196709457,3302,3.0,8.0,56,23114,51,0.0,5403,5403,1452.0,0.0,1.0,0.0,0.0,1.0,0.0,0.0,0.0,0.0,1.0,0.0,1.0,1.0,0.0,0.0,1.0
6,1974,0.0,855,855,1322,2,6,1,2,440,147000,11.898187865760873,2177,3.0,8.5,30,13062,35,0.0,3966,3966,1320.0,0.0,1.0,0.0,0.0,1.0,0.0,0.0,0.0,0.0,1.0,0.0,1.0,0.0,1.0,0.0,0.0
5,1952,360.0,960,960,1960,2,10,0,2,400,124500,11.7320609948869,2920,2.0,12.0,25,14600,57,1080.0,7840,5880,1200.0,0.0,1.0,0.0,0.0,1.0,0.0,0.0,0.0,0.0,1.0,1.0,0.0,0.0,1.0,1.0,0.0
8,1993,125.0,777,1065,1911,2,8,1,2,471,215000,12.2783933071098,2688,2.5,10.5,40,21504,13,500.0,9555,7644,1413.0,1.0,0.0,1.0,0.0,0.0,1.0,1.0,0.0,1.0,0.0,0.0,1.0,0.0,0.0,0.0,0.0
6,2009,0.0,1218,1218,1218,2,4,0,2,676,208300,12.246734627249063,2436,2.0,6.0,30,14616,0,0.0,6090,4872,2028.0,1.0,0.0,1.0,0.0,0.0,1.0,1.0,0.0,1.0,0.0,1.0,1.0,1.0,0.0,0.0,1.0
7,1928,0.0,689,689,1378,2,7,1,2,360,161000,11.9891596439666,2067,2.0,9.0,63,14469,80,0.0,6890,5512,1080.0,0.0,1.0,0.0,0.0,1.0,0.0,1.0,0.0,1.0,0.0,0.0,0.0,0.0,1.0,1.0,0.0
5,1959,132.0,1041,1041,1041,1,6,0,1,270,124500,11.7320609948869,2082,2.0,7.0,30,10410,50,396.0,5205,3123,810.0,0.0,1.0,0.0,0.0,1.0,0.0,1.0,0.0,0.0,1.0,1.0,1.0,0.0,0.0,0.0,0.0
5,1951,70.0,1008,1363,1363,1,6,2,1,288,164900,12.01309450854769,2371,2.0,7.0,35,11855,58,280.0,6815,4089,864.0,1.0,0.0,0.0,0.0,1.0,0.0,1.0,0.0,0.0,1.0,0.0,0.0,0.0,1.0,0.0,0.0
7,2005,94.0,1368,1368,1368,2,6,1,2,474,202665,12.219309648562168,2736,2.0,8.0,35,19152,1,376.0,6840,5472,1422.0,1.0,0.0,1.0,0.0,0.0,0.0,1.0,0.0,1.0,0.0,0.0,1.0,0.0,0.0,0.0,1.0
5,1958,0.0,864,864,864,1,5,0,2,624,129900,11.77452020265869,1728,2.0,6.0,25,8640,48,0.0,2592,2592,1872.0,0.0,1.0,0.0,0.0,1.0,0.0,0.0,0.0,0.0,1.0,1.0,0.0,0.0,1.0,0.0,0.0
6,1983,0.0,1084,1080,1080,1,5,0,2,484,134000,11.805595078933049,2164,1.5,6.5,30,12984,24,0.0,3240,3240,1452.0,0.0,1.0,1.0,0.0,1.0,0.0,0.0,0.0,0.0,1.0,1.0,1.0,0.0,1.0,0.0,0.0
5,1926,0.0,768,789,789,1,5,0,1,200,96500,11.477298287327075,1557,1.0,6.0,25,7785,81,0.0,1578,2367,200.0,0.0,1.0,0.0,0.0,1.0,0.0,0.0,0.0,0.0,1.0,1.0,0.0,0.0,1.0,0.0,1.0
10,2009,305.0,2006,2020,2020,2,9,1,3,900,402861,12.906346868281233,4026,3.5,11.5,50,40260,0,1525.0,10100,10100,2700.0,0.0,0.0,0.0,1.0,0.0,1.0,1.0,1.0,0.0,0.0,0.0,1.0,1.0,0.0,0.0,1.0
6,1972,333.0,689,1378,2119,2,7,1,2,583,158000,11.970350312009105,2808,2.5,9.5,36,16848,37,999.0,6357,6357,1749.0,0.0,1.0,0.0,0.0,1.0,0.0,0.0,0.0,0.0,1.0,0.0,1.0,0.0,0.0,0.0,0.0
7,1996,921.0,1264,1277,2344,2,7,1,3,889,265000,12.48748510496836,3608,2.5,9.5,35,25256,13,3684.0,11720,9376,2667.0,1.0,0.0,1.0,0.0,0.0,0.0,1.0,0.0,1.0,0.0,0.0,1.0,0.0,0.0,0.0,1.0
6,1998,0.0,794,882,1796,2,7,0,2,546,211000,12.259613412458204,2590,3.5,9.5,30,15540,9,0.0,8980,5388,1638.0,0.0,1.0,1.0,0.0,0.0,1.0,1.0,0.0,0.0,1.0,1.0,1.0,0.0,0.0,0.0,0.0
7,1926,0.0,1276,1276,2080,1,9,2,1,282,234000,12.36307639433984,3356,1.5,10.5,63,23492,83,0.0,10400,8320,846.0,1.0,0.0,0.0,0.0,0.0,0.0,1.0,0.0,1.0,0.0,0.0,0.0,0.0,1.0,0.0,1.0
4,1900,0.0,0,694,1294,2,7,0,0,0,106250,11.573550086786664,1294,2.0,9.0,28,5176,108,0.0,3882,3882,1452.0,0.0,1.0,0.0,0.0,0.0,0.0,0.0,0.0,0.0,1.0,1.0,0.0,0.0,0.0,1.0,0.0
6,1957,0.0,1244,1244,1244,1,6,2,1,336,150000,11.918390573078392,2488,1.5,7.5,36,14928,50,0.0,6220,3732,1008.0,0.0,1.0,0.0,0.0,1.0,0.0,1.0,0.0,0.0,1.0,0.0,1.0,0.0,1.0,0.0,0.0
6,1947,0.0,1004,1004,1664,2,7,2,2,420,159000,11.976659481202368,2668,2.0,9.0,42,16008,59,0.0,8320,4992,1260.0,0.0,1.0,0.0,0.0,1.0,0.0,1.0,0.0,0.0,1.0,0.0,0.0,0.0,1.0,1.0,0.0
10,2007,762.0,3138,3138,4676,3,11,1,3,884,184750,12.126758838810447,7814,4.5,14.5,50,78140,0,3810.0,23380,23380,2652.0,0.0,0.0,1.0,1.0,0.0,1.0,1.0,1.0,0.0,0.0,0.0,0.0,1.0,0.0,1.0,0.0
7,1996,594.0,1379,1383,2398,2,8,1,3,834,315750,12.662706040212738,3777,3.5,10.5,35,26439,11,2376.0,11990,9592,2502.0,1.0,0.0,1.0,0.0,0.0,1.0,1.0,0.0,1.0,0.0,0.0,1.0,1.0,0.0,0.0,1.0
7,2005,0.0,1257,1266,1266,2,6,1,2,453,176000,12.078239274020287,2523,2.0,8.0,35,17661,1,0.0,6330,5064,1359.0,1.0,0.0,1.0,0.0,0.0,0.0,1.0,0.0,1.0,0.0,0.0,1.0,0.0,1.0,0.0,1.0
5,1956,0.0,928,928,928,1,4,0,1,252,132000,11.790557201568507,1856,1.0,5.0,35,9280,51,0.0,2784,2784,756.0,0.0,1.0,0.0,0.0,0.0,0.0,0.0,0.0,0.0,1.0,1.0,1.0,0.0,1.0,0.0,0.0
9,2008,268.0,1452,1476,2713,2,11,1,3,858,446261,13.008659261632127,4165,3.5,13.5,45,37485,0,1340.0,13565,13565,2574.0,0.0,0.0,1.0,1.0,0.0,1.0,1.0,1.0,0.0,0.0,0.0,1.0,1.0,0.0,0.0,1.0
4,1920,0.0,528,605,605,1,5,0,0,0,86000,11.362102575235644,1133,2.0,6.0,28,4532,87,0.0,3025,1815,1452.0,0.0,1.0,0.0,0.0,1.0,0.0,1.0,0.0,0.0,1.0,1.0,0.0,0.0,0.0,1.0,0.0
6,1957,0.0,2035,2515,2515,3,9,2,2,484,200624,12.209187788430318,4550,4.0,12.0,18,27300,50,0.0,7545,7545,1452.0,1.0,0.0,1.0,0.0,1.0,0.0,0.0,0.0,0.0,1.0,0.0,1.0,0.0,0.0,0.0,1.0
6,1988,219.0,1461,1509,1509,2,5,1,2,600,175000,12.072541252905651,2970,3.0,7.0,30,17820,20,876.0,7545,6036,1800.0,1.0,0.0,0.0,0.0,0.0,1.0,1.0,0.0,1.0,0.0,0.0,1.0,0.0,0.0,0.0,1.0
6,1920,0.0,611,751,1362,2,6,0,2,502,128000,11.759785542901756,1973,2.0,8.0,48,11838,88,0.0,6810,4086,1506.0,0.0,1.0,0.0,0.0,0.0,0.0,1.0,0.0,0.0,1.0,1.0,0.0,1.0,0.0,1.0,0.0
5,1955,0.0,0,827,827,1,5,1,1,392,107500,11.585246126549857,827,1.0,6.0,35,4135,55,0.0,4135,2481,1176.0,0.0,1.0,0.0,0.0,0.0,0.0,1.0,0.0,0.0,1.0,0.0,0.0,0.0,1.0,0.0,0.0
1,1946,0.0,0,334,334,1,2,0,0,0,39300,10.578979797857352,334,1.0,3.0,3,334,61,0.0,668,668,1452.0,0.0,0.0,0.0,0.0,0.0,0.0,0.0,0.0,0.0,0.0,1.0,0.0,0.0,0.0,1.0,0.0
8,2004,0.0,707,707,1414,2,6,1,2,403,178000,12.089538829274222,2121,2.5,8.5,40,16968,2,0.0,7070,5656,1209.0,1.0,0.0,1.0,1.0,0.0,0.0,1.0,0.0,1.0,0.0,0.0,1.0,1.0,0.0,0.0,0.0
5,1910,0.0,1117,820,1347,1,5,0,0,0,107500,11.585246126549857,2464,2.0,6.0,35,12320,98,0.0,4041,4041,1452.0,0.0,1.0,0.0,0.0,0.0,1.0,0.0,0.0,0.0,1.0,1.0,0.0,0.0,0.0,1.0,0.0
7,1998,0.0,880,880,1724,2,8,0,2,527,188000,12.144197241812089,2604,2.5,10.5,35,18228,10,0.0,8620,6896,1581.0,0.0,1.0,1.0,0.0,0.0,0.0,1.0,0.0,1.0,0.0,1.0,1.0,1.0,0.0,0.0,0.0
4,1972,0.0,864,864,864,1,5,0,2,576,111250,11.619535200028489,1728,1.0,6.0,20,6912,36,0.0,2592,2592,1728.0,0.0,1.0,0.0,0.0,1.0,0.0,0.0,0.0,0.0,1.0,1.0,0.0,0.0,1.0,0.0,0.0
5,1968,188.0,1051,1159,1159,1,7,1,1,336,158000,11.970350312009105,2210,1.5,8.5,25,11050,38,564.0,3477,3477,1008.0,0.0,1.0,0.0,0.0,1.0,0.0,0.0,0.0,0.0,1.0,0.0,1.0,0.0,1.0,0.0,0.0
8,2001,479.0,1581,1601,1601,2,6,1,2,670,272000,12.513557345278134,3182,3.0,8.0,40,25456,9,1916.0,8005,6404,2010.0,1.0,0.0,1.0,0.0,0.0,1.0,1.0,0.0,1.0,0.0,0.0,1.0,0.0,0.0,0.0,0.0
9,2006,584.0,1838,1838,1838,2,8,1,3,765,315000,12.66032791780777,3676,3.0,10.0,45,33084,3,2920.0,9190,9190,2295.0,0.0,0.0,1.0,1.0,0.0,1.0,1.0,1.0,0.0,0.0,0.0,1.0,1.0,0.0,0.0,1.0
8,2000,72.0,969,997,2285,2,8,1,3,648,248000,12.421184025147118,3254,2.5,10.5,40,26032,7,288.0,11425,9140,1944.0,1.0,0.0,1.0,0.0,0.0,0.0,1.0,0.0,1.0,0.0,0.0,0.0,1.0,0.0,0.0,1.0
7,1998,0.0,1650,1680,1680,2,7,1,2,583,213250,12.270220465353926,3330,3.0,9.0,35,23310,11,0.0,8400,6720,1749.0,1.0,0.0,1.0,1.0,0.0,0.0,1.0,0.0,1.0,0.0,0.0,1.0,1.0,0.0,0.0,0.0
7,1998,182.0,723,767,767,1,4,0,1,367,133000,11.79810440720389,1490,2.0,5.0,35,10430,9,546.0,3835,2301,1101.0,0.0,1.0,1.0,0.0,0.0,1.0,1.0,0.0,0.0,1.0,1.0,1.0,1.0,0.0,0.0,0.0
7,2006,0.0,654,664,1496,2,7,1,2,426,179665,12.09884928474215,2150,3.5,9.5,35,15050,0,0.0,7480,5984,1278.0,1.0,0.0,1.0,0.0,0.0,1.0,1.0,0.0,1.0,0.0,0.0,1.0,0.0,0.0,0.0,0.0
7,1988,178.0,1204,1377,2183,2,9,0,3,786,229000,12.341477282536376,3387,2.5,11.5,35,23709,18,712.0,8732,8732,2358.0,1.0,0.0,1.0,0.0,0.0,1.0,0.0,0.0,1.0,0.0,1.0,1.0,0.0,1.0,0.0,0.0
6,1923,0.0,1065,915,1635,1,6,1,2,440,210000,12.254862809699606,2700,1.5,7.5,42,16200,84,0.0,8175,4905,1320.0,0.0,1.0,0.0,0.0,0.0,0.0,1.0,0.0,0.0,1.0,0.0,0.0,0.0,1.0,1.0,0.0
5,1970,0.0,768,768,768,1,5,0,2,624,129500,11.771436160121729,1536,2.0,6.0,35,7680,37,0.0,3840,2304,1872.0,0.0,1.0,0.0,0.0,0.0,0.0,1.0,0.0,0.0,1.0,1.0,0.0,0.0,1.0,0.0,0.0
5,1955,0.0,825,825,825,1,4,0,2,720,125000,11.736069016284436,1650,2.0,5.0,35,8250,53,0.0,2475,2475,2160.0,0.0,1.0,0.0,0.0,1.0,0.0,0.0,0.0,0.0,1.0,1.0,0.0,0.0,0.0,1.0,0.0
7,2003,0.0,912,912,2094,2,8,1,2,615,263000,12.479909311159902,3006,2.5,10.5,35,21042,6,0.0,10470,8376,1845.0,1.0,0.0,1.0,0.0,0.0,0.0,1.0,0.0,1.0,0.0,0.0,0.0,1.0,0.0,0.0,1.0
6,1977,0.0,1069,1069,1069,2,4,0,2,440,140000,11.84939770159144,2138,2.0,6.0,36,12828,31,0.0,3207,3207,1320.0,0.0,1.0,0.0,0.0,0.0,0.0,0.0,0.0,0.0,1.0,1.0,1.0,0.0,0.0,0.0,0.0
5,1957,0.0,928,928,928,1,5,0,1,288,112500,11.630708500626612,1856,1.0,6.0,30,9280,51,0.0,3712,2784,864.0,0.0,1.0,0.0,0.0,1.0,0.0,0.0,0.0,0.0,1.0,1.0,1.0,1.0,0.0,1.0,0.0
8,2006,250.0,1709,1717,1717,2,7,1,3,908,255500,12.450977688625896,3426,2.0,9.0,40,27408,3,1000.0,8585,6868,2724.0,1.0,0.0,1.0,1.0,0.0,0.0,1.0,0.0,1.0,0.0,0.0,1.0,0.0,0.0,0.0,1.0
4,1949,0.0,0,1126,1126,2,5,0,2,520,108000,11.589886506106357,1126,2.0,7.0,20,4504,60,0.0,5630,4504,1560.0,0.0,1.0,0.0,0.0,0.0,0.0,1.0,0.0,1.0,0.0,1.0,0.0,1.0,0.0,1.0,0.0
7,2003,292.0,998,1006,2046,2,8,1,3,871,284000,12.556729517143344,3044,3.5,10.5,35,21308,5,1168.0,10230,8184,2613.0,1.0,0.0,1.0,0.0,0.0,1.0,1.0,0.0,1.0,0.0,0.0,0.0,0.0,0.0,0.0,1.0
5,1922,0.0,993,1048,1048,1,5,1,1,280,113000,11.635143097694478,2041,1.0,6.0,30,10205,84,0.0,3144,3144,840.0,0.0,1.0,0.0,0.0,1.0,0.0,0.0,0.0,0.0,1.0,0.0,0.0,0.0,1.0,1.0,0.0
5,1957,0.0,1092,1092,1092,1,6,1,1,299,141000,11.856515169360303,2184,2.0,7.0,25,10920,49,0.0,3276,3276,897.0,0.0,1.0,0.0,0.0,1.0,0.0,0.0,0.0,0.0,1.0,0.0,1.0,1.0,0.0,0.0,0.0
4,1920,0.0,637,897,1336,1,7,0,1,570,108000,11.589886506106357,1973,1.5,8.5,24,7892,86,0.0,5344,4008,1710.0,0.0,1.0,0.0,0.0,1.0,0.0,0.0,0.0,0.0,1.0,1.0,0.0,0.0,1.0,1.0,0.0
7,1996,0.0,729,729,1446,2,6,1,2,406,175000,12.072541252905651,2175,3.0,8.5,35,15225,12,0.0,7230,4338,1218.0,0.0,1.0,1.0,0.0,0.0,1.0,1.0,0.0,0.0,1.0,0.0,1.0,0.0,1.0,0.0,0.0
7,2003,18.0,1374,1557,1557,2,7,1,2,420,234000,12.36307639433984,2931,2.0,9.0,35,20517,3,72.0,7785,6228,1260.0,1.0,0.0,1.0,0.0,0.0,0.0,1.0,0.0,1.0,0.0,0.0,1.0,1.0,0.0,0.0,0.0
5,1957,180.0,1392,1392,1392,1,5,1,2,528,121500,11.70766954176274,2784,2.5,6.5,30,13920,53,540.0,4176,4176,1584.0,0.0,1.0,0.0,0.0,0.0,0.0,0.0,0.0,0.0,1.0,0.0,0.0,0.0,1.0,0.0,0.0
5,1974,0.0,1389,1389,1389,1,6,1,2,418,170000,12.0435537160324,2778,2.0,7.0,25,13890,32,0.0,5556,4167,1254.0,0.0,1.0,0.0,0.0,0.0,0.0,0.0,0.0,0.0,1.0,0.0,1.0,0.0,0.0,0.0,0.0
5,1940,0.0,996,996,996,1,6,1,0,0,108000,11.589886506106357,1992,2.0,7.0,30,9960,68,0.0,4980,2988,1452.0,0.0,1.0,0.0,0.0,1.0,0.0,1.0,0.0,0.0,1.0,0.0,0.0,0.0,0.0,1.0,0.0
6,1918,0.0,1163,1163,1674,2,8,1,2,396,185000,12.128111104060462,2837,2.0,10.0,42,17022,90,0.0,8370,5022,1188.0,0.0,1.0,0.0,0.0,0.0,0.0,1.0,0.0,0.0,1.0,0.0,0.0,1.0,0.0,1.0,0.0
7,1992,0.0,1095,1166,2295,2,9,1,2,590,268000,12.498742259492994,3390,3.5,11.5,35,23730,14,0.0,11475,9180,1770.0,1.0,0.0,1.0,0.0,0.0,1.0,1.0,0.0,1.0,0.0,0.0,1.0,0.0,0.0,0.0,1.0
6,1915,0.0,806,841,1647,1,6,0,1,216,128000,11.759785542901756,2453,2.5,7.5,24,14718,95,0.0,4941,3294,648.0,0.0,1.0,1.0,0.0,0.0,0.0,0.0,0.0,0.0,0.0,1.0,0.0,0.0,1.0,0.0,0.0
9,2005,245.0,1122,1134,2504,2,11,1,3,656,325000,12.691580461311874,3626,2.5,13.5,45,32634,3,980.0,12520,12520,1968.0,1.0,0.0,1.0,0.0,0.0,0.0,1.0,1.0,0.0,0.0,0.0,0.0,1.0,0.0,0.0,1.0
7,2004,168.0,1517,1535,1535,2,7,0,2,532,214000,12.273731294003989,3052,2.0,9.0,35,21364,6,672.0,7675,6140,1596.0,1.0,0.0,1.0,0.0,0.0,1.0,1.0,0.0,1.0,0.0,1.0,1.0,0.0,0.0,0.0,1.0
8,1983,0.0,1496,1496,2132,1,5,1,2,612,316600,12.66539442642905,3628,2.5,6.5,64,29024,26,0.0,10660,8528,2448.0,1.0,0.0,0.0,0.0,0.0,1.0,1.0,0.0,1.0,0.0,0.0,0.0,1.0,0.0,0.0,0.0
5,1979,0.0,943,943,943,1,4,2,2,600,135960,11.820116003810051,1886,2.0,5.0,25,9430,27,0.0,2829,2829,1800.0,0.0,1.0,0.0,0.0,0.0,1.0,0.0,0.0,0.0,1.0,0.0,0.0,0.0,1.0,0.0,0.0
5,1965,108.0,1728,1728,1728,2,10,0,2,576,142600,11.867798786962332,3456,2.0,12.0,25,17280,43,324.0,5184,5184,1728.0,0.0,1.0,0.0,0.0,1.0,0.0,0.0,0.0,0.0,1.0,1.0,0.0,0.0,1.0,0.0,0.0
6,1959,207.0,864,864,864,1,4,0,1,288,120000,11.695247021764184,1728,2.0,5.0,36,10368,47,621.0,4320,3456,864.0,0.0,1.0,0.0,0.0,1.0,0.0,1.0,0.0,1.0,0.0,1.0,1.0,0.0,1.0,0.0,0.0
7,2009,0.0,846,846,1692,2,6,0,2,650,224500,12.321630986164449,2538,2.5,8.5,35,17766,0,0.0,6768,6768,1950.0,0.0,1.0,1.0,1.0,0.0,0.0,0.0,0.0,1.0,0.0,1.0,1.0,0.0,0.0,0.0,1.0
7,2000,0.0,384,774,1430,2,8,1,2,400,170000,12.0435537160324,1814,2.5,10.5,35,12698,7,0.0,7150,4290,1200.0,0.0,1.0,1.0,0.0,0.0,0.0,1.0,0.0,0.0,1.0,0.0,0.0,0.0,0.0,0.0,0.0
5,1971,82.0,372,576,1109,1,5,0,1,288,139000,11.842229212112828,1481,1.5,6.0,35,7405,36,246.0,3327,3327,864.0,0.0,1.0,0.0,0.0,1.0,0.0,0.0,0.0,0.0,1.0,1.0,0.0,0.0,1.0,0.0,0.0
5,1947,0.0,832,832,1216,1,6,0,1,336,118500,11.682668239557325,2048,1.0,7.0,25,10240,61,0.0,3648,3648,1008.0,0.0,1.0,0.0,0.0,1.0,0.0,0.0,0.0,0.0,1.0,1.0,0.0,0.0,1.0,0.0,0.0
7,1928,0.0,861,877,1477,2,6,1,1,216,145000,11.884489021402713,2338,2.5,8.0,49,16366,81,0.0,5908,4431,648.0,0.0,1.0,0.0,0.0,1.0,0.0,0.0,0.0,0.0,1.0,0.0,0.0,0.0,1.0,0.0,0.0
5,1966,97.0,1164,1320,1320,1,6,2,2,564,164500,12.010665849187564,2484,2.0,7.0,30,12420,40,291.0,6600,3960,1692.0,0.0,1.0,0.0,0.0,1.0,0.0,1.0,0.0,0.0,1.0,0.0,1.0,0.0,0.0,0.0,0.0
7,2007,0.0,689,703,1392,2,5,0,2,540,146000,11.891361900690471,2081,2.0,7.0,35,14567,1,0.0,6960,5568,1620.0,1.0,0.0,1.0,0.0,0.0,0.0,1.0,0.0,1.0,0.0,1.0,0.0,0.0,1.0,0.0,1.0
5,1954,335.0,1050,1050,1795,2,7,0,1,352,131500,11.786762130599955,2845,2.0,9.0,25,14225,54,1005.0,8975,5385,704.0,0.0,1.0,0.0,0.0,1.0,0.0,1.0,0.0,0.0,1.0,1.0,1.0,0.0,1.0,1.0,0.0
6,1960,85.0,1144,1429,1429,1,7,2,2,572,181900,12.111212364506214,2573,1.5,8.0,36,15438,47,255.0,7145,5716,1716.0,0.0,1.0,0.0,0.0,1.0,0.0,1.0,0.0,1.0,0.0,0.0,1.0,0.0,1.0,0.0,0.0
8,2008,306.0,2042,2042,2042,2,8,1,3,1390,253293,12.442302200392747,4084,2.5,10.5,40,32672,1,1530.0,10210,10210,4170.0,0.0,0.0,1.0,1.0,0.0,0.0,1.0,1.0,0.0,0.0,0.0,1.0,0.0,0.0,0.0,1.0
6,1990,104.0,816,816,816,1,5,0,0,0,118500,11.682668239557325,1632,2.0,6.0,30,9792,17,312.0,2448,2448,1452.0,0.0,1.0,0.0,0.0,0.0,1.0,0.0,0.0,0.0,1.0,1.0,0.0,0.0,0.0,1.0,0.0
10,1893,0.0,1237,1521,2775,3,9,1,2,880,325000,12.691580461311874,4012,3.5,12.5,90,40120,115,0.0,11100,11100,3520.0,0.0,0.0,0.0,0.0,1.0,0.0,0.0,0.0,1.0,0.0,0.0,0.0,0.0,1.0,1.0,0.0
4,1935,0.0,884,989,1573,1,6,0,1,240,133000,11.79810440720389,2457,1.0,7.0,28,9828,74,0.0,7865,6292,720.0,0.0,1.0,0.0,0.0,1.0,0.0,1.0,0.0,1.0,0.0,1.0,0.0,0.0,1.0,1.0,0.0
8,2005,208.0,1868,2028,2028,2,7,2,3,880,369900,12.820987977820543,3896,3.0,9.0,40,31168,1,832.0,10140,8112,2640.0,1.0,0.0,1.0,1.0,0.0,1.0,1.0,0.0,1.0,0.0,0.0,1.0,0.0,0.0,0.0,1.0
6,1918,0.0,816,838,838,1,5,0,1,275,130000,11.77528972943772,1654,2.0,6.0,42,9924,90,0.0,4190,1676,825.0,0.0,1.0,0.0,0.0,1.0,0.0,1.0,0.0,0.0,0.0,1.0,0.0,1.0,0.0,1.0,0.0
5,1982,0.0,840,860,860,1,4,0,2,528,137000,11.827736204810265,1700,2.0,5.0,30,8500,27,0.0,2580,2580,1584.0,0.0,1.0,0.0,0.0,1.0,0.0,0.0,0.0,0.0,1.0,1.0,0.0,0.0,1.0,0.0,0.0
5,1968,0.0,1437,1473,1473,1,5,2,1,452,143000,11.870599909242044,2910,3.0,6.0,40,14550,41,0.0,7365,7365,1356.0,0.0,1.0,0.0,0.0,1.0,1.0,1.0,1.0,0.0,0.0,0.0,1.0,0.0,1.0,0.0,0.0
5,1930,0.0,742,779,935,1,4,0,1,308,79500,11.283512300642425,1521,1.0,5.0,30,7605,78,0.0,2805,2805,924.0,0.0,1.0,0.0,0.0,1.0,0.0,0.0,0.0,0.0,1.0,1.0,0.0,0.0,1.0,1.0,0.0
7,2004,0.0,770,770,1582,2,6,0,2,520,185900,12.132964173709537,2352,2.5,8.5,35,16464,4,0.0,7910,6328,1560.0,1.0,0.0,1.0,0.0,0.0,1.0,1.0,0.0,1.0,0.0,1.0,1.0,0.0,0.0,0.0,0.0
10,2008,420.0,1722,1728,2296,2,10,1,3,842,451950,13.021326833226556,4018,3.5,12.5,50,40180,1,2100.0,11480,11480,2526.0,0.0,0.0,1.0,1.0,0.0,1.0,1.0,1.0,0.0,0.0,0.0,0.0,0.0,0.0,0.0,1.0
5,1982,0.0,816,816,816,1,4,0,2,816,138000,11.83500896413934,1632,2.0,5.0,40,8160,26,0.0,4080,2448,2448.0,0.0,1.0,1.0,0.0,1.0,1.0,1.0,0.0,0.0,1.0,1.0,0.0,1.0,0.0,0.0,0.0
6,2003,170.0,848,848,848,1,4,0,2,420,140000,11.84939770159144,1696,2.0,5.0,30,10176,6,680.0,4240,3392,1260.0,1.0,0.0,1.0,0.0,0.0,1.0,1.0,0.0,1.0,0.0,1.0,1.0,1.0,0.0,0.0,0.0
5,1975,0.0,924,924,924,1,5,0,1,280,110000,11.608235644774552,1848,1.0,6.0,30,9240,33,0.0,2772,2772,840.0,0.0,1.0,0.0,0.0,0.0,0.0,0.0,0.0,0.0,1.0,1.0,0.0,0.0,1.0,0.0,0.0
8,2005,238.0,1814,1826,1826,2,7,1,3,758,319000,12.672946381766982,3640,3.0,9.0,40,29120,1,952.0,9130,7304,2274.0,1.0,0.0,1.0,0.0,0.0,1.0,1.0,0.0,1.0,0.0,0.0,1.0,1.0,0.0,0.0,1.0
6,1910,0.0,684,684,1368,1,7,0,1,216,114504,11.648365035864051,2052,1.0,8.0,42,12312,96,0.0,6840,4104,648.0,0.0,1.0,0.0,0.0,1.0,0.0,1.0,0.0,0.0,1.0,1.0,0.0,0.0,1.0,1.0,0.0
7,2006,72.0,1258,1402,1402,0,7,1,3,648,194201,12.17664898415669,2660,2.0,8.0,35,18620,1,288.0,7010,5608,1944.0,1.0,0.0,1.0,1.0,0.0,0.0,1.0,0.0,1.0,0.0,0.0,1.0,1.0,0.0,0.0,0.0
5,1977,459.0,1430,1647,1647,2,7,1,2,621,217500,12.289954129510877,3077,3.0,9.0,30,15385,29,1377.0,8235,6588,1863.0,0.0,1.0,0.0,0.0,0.0,0.0,1.0,0.0,1.0,0.0,0.0,1.0,1.0,0.0,0.0,1.0
6,1980,0.0,716,716,1556,2,6,1,2,452,151000,11.925035115797062,2272,3.5,8.5,36,13632,28,0.0,4668,4668,1356.0,0.0,1.0,0.0,0.0,0.0,0.0,0.0,0.0,0.0,1.0,0.0,1.0,1.0,0.0,0.0,0.0
8,2005,280.0,1058,1058,1904,2,8,1,2,736,275000,12.524526376648708,2962,3.5,10.5,40,23696,1,1120.0,9520,9520,2208.0,1.0,0.0,1.0,0.0,0.0,1.0,1.0,1.0,0.0,0.0,0.0,0.0,1.0,0.0,0.0,1.0
6,1937,0.0,780,780,1375,1,6,1,1,544,141000,11.856515169360303,2155,1.5,7.5,36,12930,70,0.0,4125,5500,1632.0,0.0,1.0,1.0,0.0,1.0,0.0,0.0,0.0,1.0,0.0,0.0,0.0,0.0,1.0,1.0,0.0
8,1992,0.0,908,927,1915,2,8,1,2,506,220000,12.301382825334498,2823,3.5,10.5,40,22584,14,0.0,9575,7660,1518.0,1.0,0.0,1.0,0.0,0.0,1.0,1.0,0.0,1.0,0.0,0.0,1.0,1.0,0.0,0.0,0.0
7,2004,0.0,600,600,1200,2,4,0,2,480,151000,11.925035115797062,1800,2.5,6.5,35,12600,6,0.0,6000,4800,1440.0,1.0,0.0,1.0,0.0,0.0,0.0,1.0,0.0,1.0,0.0,1.0,0.0,0.0,0.0,0.0,1.0
7,2002,99.0,1494,1494,1494,2,6,1,2,530,221000,12.30591798049989,2988,3.0,8.0,35,20916,6,396.0,7470,5976,1590.0,1.0,0.0,1.0,0.0,0.0,1.0,1.0,0.0,1.0,0.0,0.0,1.0,0.0,0.0,0.0,0.0
7,1965,176.0,768,1186,1986,2,7,3,2,486,205000,12.230765258120543,2754,2.5,9.5,42,19278,44,528.0,5958,5958,1458.0,0.0,1.0,0.0,0.0,1.0,0.0,0.0,0.0,0.0,1.0,0.0,1.0,0.0,1.0,0.0,0.0
5,1996,0.0,1040,1040,1040,1,6,0,2,576,152000,11.931635799828411,2080,2.0,7.0,25,10400,13,0.0,4160,4160,1728.0,0.0,1.0,1.0,0.0,0.0,1.0,0.0,0.0,1.0,0.0,1.0,0.0,0.0,1.0,0.0,0.0
5,1948,0.0,896,1112,2008,3,8,0,1,230,225000,12.323855681186558,2904,4.0,11.0,40,14520,58,0.0,10040,10040,690.0,0.0,1.0,0.0,0.0,1.0,1.0,1.0,1.0,0.0,0.0,1.0,1.0,0.0,1.0,1.0,0.0
8,1934,0.0,965,1940,3194,2,10,2,2,380,359100,12.791356180214176,4159,2.5,12.5,48,33272,73,0.0,9582,9582,1140.0,0.0,1.0,1.0,0.0,0.0,0.0,0.0,0.0,0.0,1.0,0.0,0.0,0.0,1.0,0.0,1.0
4,1961,192.0,1029,1029,1029,1,5,0,1,261,118500,11.682668239557325,2058,2.0,6.0,20,8232,46,576.0,4116,3087,783.0,0.0,1.0,0.0,0.0,1.0,0.0,0.0,0.0,0.0,1.0,1.0,1.0,0.0,1.0,0.0,0.0
9,2000,204.0,1440,1476,2153,2,8,2,3,736,313000,12.65395846952229,3593,3.5,10.5,45,32337,9,816.0,10765,10765,2208.0,1.0,0.0,1.0,1.0,0.0,1.0,1.0,1.0,0.0,0.0,0.0,1.0,1.0,0.0,0.0,0.0
6,1978,233.0,1032,1032,1032,2,6,1,2,564,148000,11.904967552746252,2064,2.5,8.0,36,12384,29,699.0,3096,3096,1692.0,0.0,1.0,0.0,0.0,0.0,0.0,0.0,0.0,0.0,1.0,0.0,1.0,0.0,1.0,0.0,0.0
8,2001,108.0,1299,1299,1872,2,7,1,2,531,261500,12.474189562487116,3171,3.5,9.5,40,25368,8,432.0,9360,9360,1593.0,1.0,0.0,1.0,0.0,0.0,1.0,1.0,1.0,0.0,0.0,0.0,0.0,0.0,0.0,0.0,0.0
5,2007,0.0,1120,1120,1120,1,6,0,0,0,147000,11.898187865760873,2240,1.0,7.0,25,11200,0,0.0,5600,3360,1452.0,0.0,1.0,1.0,0.0,0.0,0.0,1.0,0.0,0.0,1.0,1.0,0.0,0.0,0.0,0.0,0.0
4,1972,0.0,630,630,630,1,3,0,0,0,75500,11.231887935237117,1260,2.0,4.0,24,5040,38,0.0,3150,1890,1452.0,0.0,1.0,0.0,0.0,0.0,0.0,1.0,0.0,0.0,1.0,1.0,0.0,0.0,0.0,1.0,0.0
6,1963,156.0,936,1054,1054,1,6,0,2,480,137500,11.831379196088765,1990,2.0,7.0,42,11940,47,468.0,5270,4216,1440.0,0.0,1.0,1.0,0.0,1.0,1.0,1.0,0.0,1.0,0.0,1.0,1.0,0.0,0.0,0.0,0.0
6,2002,0.0,783,807,1509,2,7,1,2,393,183200,12.118333731222169,2292,3.5,9.5,30,13752,4,0.0,7545,6036,1179.0,1.0,0.0,1.0,0.0,0.0,1.0,1.0,0.0,1.0,0.0,0.0,1.0,1.0,0.0,0.0,0.0
6,1954,0.0,832,832,832,1,4,0,2,528,105500,11.56646623189826,1664,1.0,5.0,36,9984,54,0.0,3328,3328,1584.0,0.0,1.0,0.0,0.0,1.0,0.0,0.0,0.0,1.0,0.0,1.0,0.0,0.0,1.0,0.0,0.0
9,2007,452.0,1822,1828,1828,2,9,1,3,774,314813,12.659734090733718,3650,2.0,11.0,45,32850,0,2260.0,9140,7312,2322.0,0.0,0.0,1.0,1.0,0.0,1.0,1.0,0.0,1.0,0.0,0.0,1.0,0.0,1.0,0.0,1.0
8,2003,226.0,1482,1482,2262,2,10,2,3,749,305000,12.628067055589549,3744,3.5,12.5,40,29952,5,904.0,11310,9048,2247.0,1.0,0.0,1.0,0.0,0.0,1.0,1.0,0.0,1.0,0.0,0.0,1.0,1.0,0.0,0.0,1.0
3,1914,0.0,864,864,864,1,5,0,0,0,67000,11.112447898373103,1728,2.0,6.0,9,5184,94,0.0,2592,2592,1452.0,0.0,1.0,0.0,0.0,1.0,0.0,0.0,0.0,0.0,1.0,1.0,0.0,0.0,0.0,1.0,0.0
6,1974,0.0,1522,1548,2614,2,9,1,2,624,240000,12.388394202324127,4136,2.5,11.5,42,24816,34,0.0,7842,7842,1872.0,0.0,1.0,0.0,0.0,1.0,0.0,0.0,0.0,0.0,1.0,0.0,1.0,0.0,0.0,0.0,0.0
5,1977,153.0,980,980,980,1,6,0,2,484,135000,11.813030057420567,1960,1.0,7.0,30,9800,32,459.0,2940,2940,1452.0,0.0,1.0,0.0,0.0,1.0,0.0,0.0,0.0,0.0,1.0,1.0,0.0,0.0,1.0,0.0,0.0
6,2000,513.0,756,756,1512,2,4,1,2,440,168500,12.034691028774551,2268,2.5,6.5,30,13608,7,2052.0,7560,6048,1320.0,1.0,0.0,1.0,0.0,0.0,1.0,1.0,0.0,1.0,0.0,0.0,0.0,0.0,1.0,0.0,1.0
6,1972,288.0,732,1012,1790,1,8,1,2,484,165150,12.014609430818936,2522,3.0,10.0,30,15132,34,864.0,7160,5370,1452.0,0.0,1.0,0.0,0.0,1.0,0.0,0.0,0.0,0.0,1.0,0.0,1.0,0.0,0.0,0.0,0.0
6,1962,261.0,1116,1116,1116,1,5,0,2,440,160000,11.982929094215963,2232,1.5,6.5,36,13392,48,783.0,3348,3348,1320.0,0.0,1.0,0.0,0.0,1.0,0.0,0.0,0.0,0.0,1.0,1.0,1.0,0.0,1.0,0.0,0.0
5,1960,0.0,978,1422,1422,1,6,1,1,286,139900,11.848683160653572,2400,1.0,7.0,25,12000,47,0.0,4266,4266,858.0,0.0,1.0,0.0,0.0,1.0,0.0,0.0,0.0,0.0,1.0,0.0,1.0,0.0,0.0,0.0,0.0
6,1955,164.0,1156,1520,1520,1,7,2,1,364,153000,11.938193200374572,2676,2.0,8.0,36,16056,55,492.0,7600,4560,1092.0,0.0,1.0,0.0,0.0,1.0,0.0,1.0,0.0,0.0,1.0,0.0,0.0,0.0,0.0,0.0,0.0
5,1969,192.0,1040,1040,2080,1,9,2,2,504,135000,11.813030057420567,3120,2.5,11.0,25,15600,38,576.0,6240,4160,1512.0,0.0,1.0,1.0,0.0,0.0,0.0,0.0,0.0,0.0,0.0,0.0,1.0,0.0,1.0,0.0,0.0
6,1964,259.0,1248,1350,1350,1,6,0,2,520,168500,12.034691028774551,2598,2.5,7.5,30,15588,44,777.0,4050,4050,1560.0,0.0,1.0,0.0,0.0,1.0,1.0,0.0,0.0,0.0,1.0,1.0,1.0,0.0,0.0,0.0,0.0
5,1880,0.0,636,1089,1750,1,8,0,1,240,124000,11.728036844587177,2386,1.0,9.0,30,11930,126,0.0,5250,8750,480.0,0.0,1.0,0.0,0.0,0.0,0.0,0.0,1.0,0.0,0.0,1.0,0.0,0.0,1.0,1.0,0.0
8,2006,108.0,1554,1554,1554,2,6,1,2,627,209500,12.25247901834433,3108,2.0,8.0,40,24864,1,432.0,7770,6216,1881.0,1.0,0.0,1.0,0.0,0.0,1.0,1.0,0.0,1.0,0.0,0.0,1.0,0.0,0.0,0.0,1.0
7,1977,209.0,1386,1411,1411,2,6,1,2,544,82500,11.320553572322773,2797,2.0,8.0,35,19579,32,627.0,4233,4233,1632.0,0.0,1.0,0.0,0.0,1.0,0.0,0.0,0.0,0.0,1.0,0.0,1.0,1.0,0.0,0.0,0.0
5,1954,0.0,1056,1056,1056,1,6,0,1,260,139400,11.84510277730856,2112,1.5,7.0,35,10560,53,0.0,3168,3168,780.0,0.0,1.0,0.0,0.0,1.0,0.0,0.0,0.0,0.0,1.0,1.0,1.0,0.0,1.0,0.0,0.0
6,1980,0.0,1056,1056,1056,0,4,0,2,576,144000,11.877568578558138,2112,2.0,4.0,30,12672,30,0.0,4224,3168,1728.0,0.0,1.0,0.0,0.0,1.0,1.0,0.0,0.0,0.0,1.0,1.0,0.0,0.0,1.0,1.0,0.0
6,1914,0.0,1440,1440,3395,2,14,0,0,0,200000,12.206072645530174,4320,2.0,16.0,42,25920,93,0.0,16975,6790,1452.0,0.0,0.0,0.0,0.0,1.0,0.0,1.0,0.0,0.0,0.0,1.0,0.0,0.0,0.0,0.0,0.0
2,1936,0.0,264,800,800,1,4,1,0,0,60000,11.002099841204238,1064,1.0,5.0,6,2128,73,0.0,1600,1600,1452.0,0.0,0.0,0.0,0.0,1.0,0.0,0.0,0.0,0.0,0.0,0.0,0.0,0.0,0.0,1.0,0.0
5,1954,0.0,811,811,1387,2,7,0,1,256,93000,11.440354772135391,2198,2.0,9.0,20,10990,55,0.0,4161,5548,768.0,0.0,1.0,0.0,0.0,1.0,0.0,0.0,0.0,1.0,0.0,1.0,0.0,0.0,1.0,1.0,0.0
5,1910,0.0,796,796,796,1,4,0,0,0,85000,11.350406535472452,1592,1.0,5.0,35,7960,98,0.0,3184,2388,1452.0,0.0,1.0,0.0,0.0,0.0,0.0,0.0,0.0,0.0,1.0,1.0,0.0,0.0,0.0,1.0,0.0
8,2006,0.0,1520,1567,1567,2,7,1,3,648,264561,12.485827127509433,3087,3.0,9.0,40,24696,0,0.0,7835,7835,1944.0,1.0,0.0,1.0,0.0,0.0,1.0,1.0,1.0,0.0,0.0,0.0,1.0,1.0,0.0,0.0,0.0
8,2003,472.0,1518,1518,1518,1,6,1,2,588,274000,12.520883385370206,3036,1.5,7.5,40,24288,5,2360.0,7590,7590,1764.0,0.0,0.0,1.0,1.0,0.0,1.0,1.0,1.0,0.0,0.0,0.0,1.0,0.0,0.0,0.0,1.0
7,2001,0.0,1057,1057,1929,2,7,1,2,650,226000,12.328290278254425,2986,3.5,9.5,35,20902,6,0.0,9645,7716,1950.0,1.0,0.0,1.0,0.0,0.0,1.0,1.0,0.0,1.0,0.0,0.0,1.0,1.0,0.0,0.0,1.0
8,1972,0.0,1952,2000,2704,2,9,3,2,538,345000,12.751299696013495,4656,3.5,11.5,56,37248,37,0.0,10816,13520,1614.0,1.0,0.0,0.0,0.0,0.0,1.0,0.0,1.0,0.0,0.0,0.0,1.0,1.0,0.0,0.0,0.0
5,1969,263.0,780,780,1620,2,7,0,2,462,152000,11.931635799828411,2400,2.5,9.5,25,12000,38,789.0,8100,4860,1386.0,0.0,1.0,0.0,0.0,1.0,0.0,1.0,0.0,0.0,1.0,1.0,1.0,1.0,0.0,0.0,0.0
9,2009,162.0,1766,1766,1766,2,7,1,3,478,370878,12.823628446539171,3532,3.5,9.5,45,31788,0,810.0,8830,8830,1434.0,0.0,0.0,1.0,1.0,0.0,1.0,1.0,1.0,0.0,0.0,0.0,1.0,1.0,0.0,0.0,1.0
6,1971,0.0,981,981,981,1,5,0,2,576,143250,11.872346634576989,1962,2.5,6.5,30,11772,36,0.0,2943,2943,1728.0,0.0,1.0,0.0,0.0,1.0,0.0,0.0,0.0,0.0,1.0,1.0,0.0,0.0,1.0,0.0,0.0
5,1950,0.0,0,1048,1048,1,7,0,2,420,98300,11.495779306135258,1048,1.0,8.0,25,5240,58,0.0,4192,3144,1260.0,0.0,1.0,0.0,0.0,0.0,0.0,0.0,0.0,0.0,1.0,1.0,0.0,0.0,1.0,0.0,0.0
6,1953,216.0,1094,1094,1094,1,5,2,2,495,155000,11.951180395901384,2188,1.0,6.0,30,13128,55,648.0,5470,3282,1485.0,0.0,1.0,0.0,0.0,1.0,0.0,1.0,0.0,0.0,1.0,0.0,1.0,0.0,0.0,1.0,0.0
6,1966,351.0,756,1051,1839,1,7,1,2,442,155000,11.951180395901384,2595,1.5,8.5,30,15570,44,1053.0,5517,5517,1326.0,0.0,1.0,0.0,0.0,1.0,0.0,0.0,0.0,0.0,1.0,0.0,1.0,0.0,1.0,0.0,0.0
4,1970,0.0,630,630,630,1,3,0,0,0,84500,11.344506813345266,1260,2.0,4.0,24,5040,37,0.0,2520,1890,1452.0,0.0,1.0,0.0,0.0,0.0,0.0,0.0,0.0,0.0,1.0,1.0,0.0,0.0,0.0,1.0,0.0
7,2007,0.0,813,822,1665,2,7,0,2,562,205950,12.235388699864227,2478,2.5,9.5,42,17346,1,0.0,8325,6660,1686.0,1.0,0.0,1.0,0.0,0.0,0.0,1.0,0.0,1.0,0.0,1.0,1.0,0.0,0.0,0.0,1.0
4,1940,0.0,755,755,1510,1,7,1,1,296,108000,11.589886506106357,2265,2.0,8.0,20,9060,69,0.0,4530,4530,592.0,0.0,1.0,0.0,0.0,1.0,0.0,0.0,0.0,0.0,1.0,0.0,0.0,0.0,1.0,1.0,0.0
7,1996,0.0,880,909,1716,2,7,1,2,512,191000,12.160028707028768,2596,2.5,9.5,35,18172,13,0.0,8580,6864,1536.0,1.0,0.0,1.0,0.0,0.0,0.0,1.0,0.0,1.0,0.0,0.0,1.0,0.0,0.0,0.0,0.0
6,1906,0.0,756,756,1469,1,7,0,1,216,135000,11.813030057420567,2225,1.0,8.0,42,13350,102,0.0,7345,4407,648.0,0.0,1.0,0.0,0.0,1.0,0.0,1.0,0.0,0.0,1.0,1.0,0.0,0.0,1.0,1.0,0.0
8,1995,660.0,2109,2113,2113,2,7,1,3,839,350000,12.765688433465597,4222,3.5,9.5,48,33776,13,2640.0,10565,8452,2517.0,1.0,0.0,1.0,0.0,0.0,1.0,1.0,0.0,1.0,0.0,0.0,1.0,1.0,0.0,0.0,1.0
6,1971,381.0,525,525,1092,1,6,0,1,264,88000,11.385092093460344,1617,1.5,7.5,30,9702,39,1143.0,3276,3276,792.0,0.0,1.0,0.0,0.0,1.0,0.0,0.0,0.0,0.0,1.0,1.0,0.0,0.0,1.0,1.0,0.0
5,1959,54.0,1053,1053,1053,1,5,0,1,312,145500,11.887931365593683,2106,2.5,6.5,35,10530,49,216.0,5265,4212,936.0,1.0,0.0,0.0,0.0,1.0,0.0,1.0,0.0,1.0,0.0,1.0,1.0,0.0,0.0,0.0,0.0
7,1931,0.0,776,851,1502,1,6,1,1,270,149000,11.911701584927595,2278,1.5,7.5,42,15946,77,0.0,4506,4506,810.0,0.0,1.0,0.0,0.0,0.0,0.0,0.0,0.0,0.0,1.0,0.0,1.0,0.0,0.0,0.0,1.0
6,1948,0.0,912,912,1458,1,6,1,1,330,97500,11.487607656985938,2370,1.5,7.0,30,14220,62,0.0,4374,4374,990.0,0.0,1.0,0.0,0.0,1.0,0.0,0.0,0.0,0.0,1.0,0.0,1.0,0.0,1.0,0.0,0.0
5,1964,0.0,1486,1486,1486,1,7,0,2,480,167000,12.025749091398891,2972,2.0,8.0,35,14860,45,0.0,7430,4458,1440.0,0.0,1.0,1.0,0.0,1.0,0.0,1.0,0.0,0.0,1.0,1.0,0.0,1.0,0.0,1.0,0.0
7,1976,233.0,793,1142,1935,2,7,1,2,550,197900,12.195517131590655,2728,2.5,9.5,49,19096,31,699.0,5805,5805,1650.0,0.0,1.0,0.0,0.0,0.0,0.0,0.0,0.0,0.0,1.0,0.0,1.0,0.0,0.0,0.0,0.0
8,1994,528.0,1629,1686,2448,2,8,1,3,711,402000,12.904207367601158,4077,3.5,10.5,56,32616,15,2112.0,12240,9792,2133.0,1.0,0.0,1.0,0.0,0.0,1.0,1.0,0.0,1.0,0.0,0.0,1.0,0.0,0.0,0.0,1.0
6,1968,216.0,1392,1392,1392,1,5,2,2,576,110000,11.608235644774552,2784,2.0,6.0,18,16704,41,648.0,5568,4176,1728.0,0.0,1.0,0.0,0.0,0.0,0.0,0.0,0.0,0.0,1.0,0.0,1.0,0.0,0.0,0.0,0.0
4,1972,0.0,1138,1181,1181,2,6,0,2,588,137500,11.831379196088765,2319,3.0,8.0,20,9276,36,0.0,3543,3543,1764.0,0.0,1.0,0.0,0.0,0.0,0.0,0.0,0.0,0.0,1.0,1.0,0.0,0.0,0.0,1.0,0.0
8,2005,0.0,2077,2097,2097,1,8,1,3,1134,423000,12.955127458028414,4174,2.5,9.5,40,33392,1,0.0,10485,10485,3402.0,1.0,0.0,1.0,1.0,0.0,1.0,1.0,1.0,0.0,0.0,0.0,1.0,1.0,0.0,0.0,1.0
8,2000,40.0,1406,1454,1936,2,7,1,2,504,230500,12.34800614141884,3342,2.5,9.5,40,26736,6,160.0,9680,7744,1512.0,1.0,0.0,1.0,0.0,0.0,0.0,1.0,0.0,1.0,0.0,0.0,1.0,0.0,0.0,0.0,0.0
6,1965,113.0,1021,1465,2380,2,7,1,2,596,129000,11.76756768334381,3401,2.5,9.5,30,20406,42,339.0,7140,7140,1788.0,0.0,1.0,0.0,0.0,0.0,0.0,0.0,0.0,0.0,1.0,0.0,0.0,0.0,1.0,0.0,0.0
6,1994,258.0,1408,1679,1679,2,7,1,2,575,193500,12.173032791451972,3087,3.0,9.0,30,18522,14,774.0,8395,6716,1725.0,0.0,1.0,1.0,0.0,0.0,1.0,1.0,0.0,1.0,0.0,0.0,1.0,0.0,0.0,0.0,0.0
5,1956,0.0,1188,1437,1437,1,6,1,2,576,168000,12.031719258385396,2625,2.5,7.5,30,13125,50,0.0,5748,4311,1728.0,0.0,1.0,0.0,0.0,1.0,0.0,0.0,0.0,0.0,1.0,0.0,0.0,0.0,1.0,0.0,0.0
4,1922,0.0,700,1180,1180,1,5,1,1,252,137500,11.831379196088765,1880,1.0,6.0,20,7520,84,0.0,5900,2360,756.0,0.0,1.0,0.0,0.0,0.0,0.0,1.0,0.0,0.0,0.0,0.0,0.0,0.0,1.0,0.0,1.0
6,2005,0.0,738,738,1476,2,7,0,2,540,173500,12.063932878369052,2214,3.5,9.5,30,13284,4,0.0,7380,5904,1620.0,1.0,0.0,1.0,0.0,0.0,1.0,1.0,0.0,1.0,0.0,1.0,1.0,1.0,0.0,0.0,0.0
6,1925,0.0,672,697,1369,2,6,0,1,300,103600,11.54829260880752,2041,3.0,8.0,36,12246,84,0.0,4107,4107,900.0,0.0,1.0,0.0,0.0,1.0,0.0,0.0,0.0,0.0,1.0,1.0,0.0,0.0,1.0,1.0,0.0
6,1977,0.0,1208,1208,1208,1,6,1,2,546,165000,12.013700752882718,2416,2.5,7.5,36,14496,29,0.0,3624,3624,1638.0,1.0,0.0,0.0,0.0,0.0,0.0,0.0,0.0,0.0,1.0,0.0,1.0,0.0,0.0,0.0,1.0
6,1957,106.0,1477,1839,1839,2,7,2,2,416,257500,12.458774999085929,3316,3.0,9.0,42,19896,50,318.0,9195,7356,1248.0,0.0,1.0,1.0,0.0,1.0,1.0,1.0,0.0,1.0,0.0,0.0,1.0,1.0,0.0,0.0,1.0
6,1965,0.0,1136,1136,1136,1,5,1,1,384,140000,11.84939770159144,2272,2.0,6.0,36,13632,43,0.0,3408,3408,1152.0,0.0,1.0,0.0,0.0,1.0,0.0,0.0,0.0,0.0,1.0,0.0,1.0,0.0,0.0,0.0,0.0
6,1978,0.0,855,855,1441,2,7,1,2,440,148500,11.908340237224891,2296,2.5,9.5,36,13776,31,0.0,4323,4323,1320.0,0.0,1.0,0.0,0.0,1.0,0.0,0.0,0.0,0.0,1.0,0.0,1.0,0.0,1.0,0.0,0.0
4,1900,0.0,1095,1095,1774,2,8,0,3,779,87000,11.37366339763672,2869,3.0,10.0,8,11476,106,0.0,3548,5322,1558.0,0.0,1.0,0.0,0.0,1.0,0.0,0.0,0.0,0.0,1.0,1.0,0.0,0.0,1.0,1.0,0.0
5,1924,0.0,768,792,792,1,5,0,1,240,109500,11.603679828238691,1560,1.0,6.0,40,7800,85,0.0,3960,3168,480.0,1.0,0.0,0.0,0.0,1.0,0.0,1.0,0.0,1.0,0.0,1.0,0.0,0.0,1.0,1.0,0.0
8,2008,464.0,2046,2046,2046,2,7,1,3,834,372500,12.827992316801751,4092,2.5,9.5,40,32736,1,1856.0,10230,8184,2502.0,1.0,0.0,1.0,1.0,0.0,0.0,1.0,0.0,1.0,0.0,0.0,1.0,1.0,0.0,0.0,1.0
5,1961,57.0,988,988,988,1,5,0,2,572,128500,11.763684183317412,1976,2.0,6.0,25,9880,46,171.0,2964,2964,1716.0,0.0,1.0,0.0,0.0,1.0,0.0,0.0,0.0,0.0,1.0,1.0,0.0,0.0,1.0,0.0,0.0
6,1980,0.0,923,923,923,2,5,1,1,264,143000,11.870599909242044,1846,2.0,7.0,30,11076,30,0.0,2769,2769,792.0,0.0,1.0,0.0,0.0,0.0,0.0,0.0,0.0,0.0,1.0,0.0,1.0,0.0,0.0,0.0,0.0
5,1932,0.0,793,848,1520,1,6,0,1,281,159434,11.979385322467598,2313,1.0,7.0,25,11565,77,0.0,7600,4560,843.0,0.0,1.0,0.0,0.0,1.0,0.0,1.0,0.0,0.0,1.0,1.0,0.0,0.0,1.0,0.0,0.0
6,1996,0.0,1291,1291,1291,1,6,1,2,431,173000,12.061046873479915,2582,2.0,7.0,30,15492,12,0.0,6455,5164,1293.0,0.0,1.0,1.0,0.0,0.0,1.0,1.0,0.0,1.0,0.0,0.0,1.0,0.0,1.0,0.0,0.0
9,2002,215.0,1626,1668,1668,2,7,1,3,702,285000,12.560244459250788,3294,3.0,9.0,45,29646,5,860.0,8340,6672,2106.0,1.0,0.0,1.0,0.0,0.0,1.0,1.0,0.0,1.0,0.0,0.0,1.0,1.0,0.0,0.0,0.0
7,1998,30.0,1195,1195,1839,2,7,0,2,486,221000,12.30591798049989,3034,2.5,9.5,35,21238,12,120.0,7356,5517,1458.0,1.0,0.0,1.0,0.0,0.0,0.0,0.0,0.0,0.0,1.0,1.0,1.0,1.0,0.0,0.0,1.0
7,1984,0.0,1190,1190,2090,2,6,1,2,577,207500,12.24288661865289,3280,3.0,8.0,35,22960,23,0.0,8360,8360,1731.0,1.0,0.0,0.0,0.0,0.0,1.0,0.0,0.0,1.0,0.0,0.0,1.0,1.0,0.0,0.0,1.0
7,2007,0.0,874,874,1761,3,7,0,2,578,227875,12.336552511980964,2635,3.0,10.0,42,18445,0,0.0,8805,7044,1734.0,1.0,0.0,1.0,0.0,0.0,0.0,1.0,0.0,1.0,0.0,1.0,1.0,1.0,0.0,0.0,1.0
7,2004,0.0,551,551,1102,2,4,0,2,480,148800,11.910358401381128,1653,2.5,6.5,35,11571,3,0.0,5510,4408,1440.0,1.0,0.0,1.0,0.0,0.0,1.0,1.0,0.0,1.0,0.0,1.0,0.0,0.0,1.0,0.0,1.0
8,2007,0.0,1419,1419,1419,2,7,1,2,567,392000,12.8790171187726,2838,3.0,9.0,48,22704,0,0.0,7095,5676,1701.0,1.0,0.0,1.0,0.0,0.0,1.0,1.0,0.0,1.0,0.0,0.0,1.0,0.0,0.0,0.0,1.0
6,2005,256.0,1362,1362,1362,2,6,1,2,460,194700,12.17921519136029,2724,2.0,8.0,30,16344,2,1024.0,6810,5448,1380.0,1.0,0.0,1.0,0.0,0.0,0.0,1.0,0.0,1.0,0.0,0.0,1.0,0.0,0.0,0.0,1.0
6,2004,147.0,848,848,848,1,3,1,2,420,141000,11.856515169360303,1696,2.0,4.0,30,10176,4,588.0,4240,3392,1260.0,1.0,0.0,1.0,0.0,0.0,1.0,1.0,0.0,1.0,0.0,0.0,1.0,0.0,0.0,0.0,0.0
10,1994,1170.0,2444,2444,4316,3,10,2,3,832,755000,13.534473028231162,6760,4.0,13.5,60,67600,13,5850.0,21580,21580,2496.0,0.0,0.0,1.0,1.0,0.0,1.0,1.0,1.0,0.0,0.0,0.0,1.0,1.0,0.0,0.0,1.0
7,1989,293.0,1210,1238,2519,2,9,2,2,628,335000,12.721885810807205,3729,3.5,11.5,35,26103,17,1172.0,12595,10076,1884.0,1.0,0.0,1.0,0.0,0.0,1.0,1.0,0.0,1.0,0.0,0.0,1.0,0.0,0.0,0.0,1.0
5,1921,0.0,1073,1073,1073,1,4,0,1,326,108480,11.594321103174222,2146,1.0,5.0,30,10730,85,0.0,5365,3219,978.0,0.0,1.0,0.0,0.0,1.0,0.0,1.0,0.0,0.0,1.0,1.0,0.0,0.0,1.0,1.0,0.0
5,1936,0.0,927,1067,1539,1,5,0,2,576,141500,11.86005499606543,2466,1.5,6.5,30,12330,73,0.0,4617,4617,1728.0,0.0,1.0,0.0,0.0,1.0,0.0,0.0,0.0,0.0,1.0,1.0,0.0,0.0,1.0,1.0,0.0
6,1987,72.0,1112,1137,1137,2,5,1,2,551,176000,12.078239274020287,2249,3.0,7.0,36,13494,19,216.0,4548,4548,1653.0,0.0,1.0,0.0,0.0,0.0,1.0,0.0,0.0,1.0,0.0,0.0,1.0,0.0,1.0,0.0,1.0
5,1921,0.0,616,616,616,1,4,0,1,205,89000,11.396391648714276,1232,1.0,5.0,35,6160,85,0.0,2464,1848,615.0,0.0,1.0,0.0,0.0,1.0,0.0,0.0,0.0,0.0,1.0,1.0,0.0,0.0,1.0,1.0,0.0
5,1952,0.0,980,1148,1148,1,6,0,1,308,123500,11.72399643505017,2128,1.5,7.0,35,10640,54,0.0,2296,3444,924.0,0.0,1.0,1.0,1.0,0.0,0.0,0.0,0.0,0.0,1.0,1.0,0.0,0.0,1.0,1.0,0.0
5,1965,0.0,894,894,894,1,5,1,1,336,138500,11.83862560460953,1788,2.0,6.0,40,8940,45,0.0,4470,2682,1008.0,0.0,1.0,0.0,0.0,1.0,1.0,1.0,0.0,0.0,1.0,0.0,0.0,0.0,1.0,0.0,0.0
7,2004,0.0,1391,1391,1391,2,5,0,2,530,196000,12.185869938212656,2782,2.0,7.0,35,19474,4,0.0,6955,5564,1590.0,1.0,0.0,1.0,0.0,0.0,1.0,1.0,0.0,1.0,0.0,1.0,1.0,0.0,0.0,0.0,1.0
8,2002,630.0,1800,1800,1800,2,7,1,3,765,312500,12.652359748158592,3600,3.0,9.0,40,28800,4,2520.0,9000,7200,2295.0,1.0,0.0,1.0,1.0,0.0,1.0,1.0,0.0,1.0,0.0,0.0,1.0,1.0,0.0,0.0,1.0
7,1969,168.0,1164,1164,1164,1,6,0,2,528,140000,11.84939770159144,2328,1.5,7.5,35,16296,37,504.0,3492,3492,1584.0,0.0,1.0,0.0,0.0,1.0,0.0,0.0,0.0,0.0,1.0,1.0,1.0,0.0,1.0,0.0,0.0
8,2006,466.0,1234,1264,2576,2,10,1,3,666,361919,12.79917570886452,3810,2.5,12.5,40,30480,0,2330.0,12880,12880,1998.0,0.0,0.0,1.0,1.0,0.0,0.0,1.0,1.0,0.0,0.0,0.0,0.0,1.0,0.0,0.0,1.0
5,1900,0.0,360,1032,1812,2,8,1,2,672,140000,11.84939770159144,2172,2.0,10.0,45,10860,110,0.0,7248,7248,2016.0,0.0,1.0,0.0,0.0,0.0,0.0,0.0,0.0,1.0,0.0,0.0,0.0,0.0,1.0,1.0,0.0
7,2004,109.0,1473,1484,1484,2,7,0,2,606,213000,12.269047444691562,2957,3.0,9.0,35,20699,6,436.0,7420,5936,1818.0,1.0,0.0,1.0,0.0,0.0,1.0,1.0,0.0,1.0,0.0,1.0,1.0,0.0,0.0,0.0,0.0
4,1930,0.0,0,372,1092,2,7,0,0,0,55000,10.915088464214609,1092,2.0,9.0,20,4368,80,0.0,2184,2184,1452.0,0.0,0.0,0.0,0.0,0.0,0.0,0.0,0.0,0.0,0.0,1.0,0.0,0.0,0.0,1.0,0.0
7,1971,351.0,1643,1824,1824,2,5,2,2,739,302000,12.618182296357007,3467,3.0,7.0,35,24269,36,1053.0,5472,7296,2217.0,0.0,1.0,0.0,0.0,0.0,1.0,0.0,0.0,1.0,0.0,0.0,1.0,0.0,1.0,0.0,0.0
8,2006,176.0,1324,1324,1324,2,6,1,2,550,254000,12.445089546000672,2648,3.0,8.0,40,21184,3,704.0,6620,5296,1650.0,1.0,0.0,1.0,0.0,0.0,1.0,1.0,0.0,1.0,0.0,0.0,1.0,1.0,0.0,0.0,1.0
7,2007,0.0,728,728,1456,2,8,1,2,400,179540,12.09815330331068,2184,2.5,10.5,35,15288,0,0.0,7280,5824,1200.0,1.0,0.0,1.0,0.0,0.0,0.0,1.0,0.0,1.0,0.0,0.0,1.0,1.0,0.0,0.0,0.0
5,1966,41.0,876,904,904,1,6,0,1,408,109900,11.607326140391711,1780,1.0,7.0,35,8900,42,123.0,2712,2712,1224.0,0.0,1.0,1.0,0.0,1.0,0.0,0.0,0.0,0.0,1.0,1.0,1.0,0.0,1.0,0.0,0.0
3,1935,0.0,270,729,729,1,5,0,0,0,52000,10.858998997563564,999,1.0,6.0,18,2997,73,0.0,2916,2187,1452.0,1.0,0.0,0.0,0.0,1.0,0.0,0.0,0.0,0.0,1.0,1.0,0.0,0.0,0.0,1.0,0.0
4,1900,0.0,859,859,1178,1,7,0,1,384,102776,11.540307141711446,2037,1.0,8.0,28,8148,110,0.0,4712,3534,1152.0,0.0,1.0,0.0,0.0,1.0,0.0,0.0,0.0,0.0,1.0,1.0,0.0,0.0,0.0,1.0,0.0
8,1988,0.0,1228,1228,1228,2,5,1,2,472,189000,12.14950229404178,2456,3.0,7.0,40,19648,20,0.0,4912,4912,1416.0,1.0,0.0,1.0,0.0,0.0,1.0,0.0,0.0,1.0,0.0,0.0,1.0,1.0,0.0,0.0,1.0
4,1970,160.0,960,960,960,1,6,0,2,576,129000,11.76756768334381,1920,2.0,7.0,20,7680,36,480.0,2880,2880,1728.0,0.0,1.0,0.0,0.0,1.0,0.0,0.0,0.0,0.0,1.0,1.0,0.0,0.0,1.0,1.0,0.0
6,1976,289.0,725,725,1479,2,6,0,2,475,130500,11.779128505744886,2204,2.5,8.5,48,13224,34,1156.0,7395,5916,1425.0,1.0,0.0,0.0,0.0,1.0,1.0,1.0,0.0,1.0,0.0,1.0,1.0,0.0,0.0,0.0,0.0
6,1974,174.0,1064,1350,1350,2,7,1,2,478,165000,12.013700752882718,2414,2.0,9.0,30,14484,35,522.0,4050,4050,1434.0,0.0,1.0,0.0,0.0,0.0,0.0,0.0,0.0,0.0,1.0,0.0,1.0,0.0,0.0,0.0,0.0
7,1890,0.0,718,1576,2554,1,8,0,2,704,159500,11.979799201207037,3272,1.5,9.5,56,22904,117,0.0,12770,7662,2112.0,0.0,1.0,0.0,0.0,1.0,0.0,1.0,0.0,0.0,1.0,1.0,0.0,0.0,1.0,1.0,0.0
5,1973,0.0,1176,1178,1178,1,5,1,2,439,157000,11.964001084330445,2354,2.0,6.5,30,11770,35,0.0,4712,4712,1317.0,0.0,1.0,0.0,0.0,0.0,0.0,0.0,0.0,1.0,0.0,0.0,1.0,0.0,1.0,0.0,0.0
7,1993,651.0,1311,1325,2418,2,9,1,3,983,341000,12.739637756265656,3729,3.5,11.5,35,26103,15,2604.0,12090,9672,2949.0,1.0,0.0,1.0,0.0,0.0,1.0,1.0,0.0,1.0,0.0,0.0,1.0,0.0,0.0,0.0,1.0
5,1969,0.0,971,971,971,1,5,1,1,300,128500,11.763684183317412,1942,1.5,6.5,30,9710,37,0.0,2913,2913,900.0,0.0,1.0,0.0,0.0,0.0,0.0,0.0,0.0,0.0,1.0,0.0,1.0,0.0,1.0,0.0,0.0
8,1985,0.0,1742,1742,1742,2,5,1,2,564,275000,12.524526376648708,3484,3.0,7.0,40,27872,21,0.0,5226,6968,1692.0,1.0,0.0,1.0,0.0,0.0,1.0,0.0,0.0,1.0,0.0,0.0,1.0,0.0,0.0,0.0,1.0
6,2004,169.0,848,848,848,1,3,0,2,420,143000,11.870599909242044,1696,2.0,4.0,30,10176,6,676.0,4240,3392,1260.0,1.0,0.0,1.0,0.0,0.0,1.0,1.0,0.0,1.0,0.0,1.0,1.0,0.0,0.0,0.0,0.0
4,1970,0.0,864,864,864,1,5,0,2,463,124500,11.7320609948869,1728,1.0,6.0,28,6912,39,0.0,4320,2592,1389.0,0.0,1.0,0.0,0.0,1.0,0.0,1.0,0.0,0.0,1.0,1.0,0.0,0.0,1.0,0.0,0.0
4,1954,0.0,941,997,1470,2,7,0,1,548,135000,11.813030057420567,2411,2.0,9.0,24,9644,54,0.0,7350,4410,1644.0,0.0,1.0,1.0,0.0,1.0,0.0,1.0,0.0,0.0,1.0,1.0,0.0,0.0,1.0,1.0,0.0
9,2007,340.0,1698,1698,1698,2,8,1,3,768,320000,12.676076274775909,3396,3.0,10.0,45,30564,2,1700.0,8490,8490,2304.0,0.0,0.0,1.0,1.0,0.0,1.0,1.0,1.0,0.0,0.0,0.0,1.0,1.0,0.0,1.0,0.0
4,1970,0.0,864,864,864,1,5,0,2,660,120500,11.699405031912846,1728,1.0,6.0,24,6912,39,0.0,2592,3456,1980.0,0.0,1.0,0.0,0.0,1.0,0.0,0.0,0.0,1.0,0.0,1.0,0.0,0.0,1.0,0.0,0.0
6,1988,260.0,880,1680,1680,2,5,1,2,540,222000,12.310432660854415,2560,3.0,7.0,54,15360,21,1040.0,8400,6720,1620.0,1.0,0.0,0.0,0.0,0.0,1.0,1.0,0.0,1.0,0.0,0.0,1.0,1.0,0.0,0.0,1.0
7,2007,82.0,1232,1232,1232,2,6,0,2,632,194500,12.178187442040638,2464,3.0,8.0,35,17248,2,328.0,6160,4928,1896.0,1.0,0.0,1.0,0.0,0.0,1.0,1.0,0.0,1.0,0.0,1.0,1.0,0.0,0.0,0.0,0.0
5,1958,95.0,1584,1776,1776,2,9,0,3,888,110000,11.608235644774552,3360,3.0,11.0,25,16800,51,285.0,5328,5328,2664.0,0.0,1.0,0.0,0.0,1.0,0.0,0.0,0.0,0.0,1.0,1.0,0.0,0.0,1.0,0.0,0.0
4,1925,0.0,780,848,1208,1,5,0,2,539,103000,11.542484267211773,1628,1.0,6.0,20,6512,84,0.0,3624,3624,1617.0,0.0,1.0,0.0,0.0,1.0,0.0,0.0,0.0,0.0,1.0,1.0,0.0,0.0,1.0,1.0,0.0
8,1995,0.0,1595,1616,1616,2,5,1,2,608,236500,12.373703486914124,3211,3.0,7.0,40,25688,15,0.0,8080,6464,1824.0,1.0,0.0,1.0,0.0,0.0,1.0,1.0,0.0,1.0,0.0,0.0,1.0,0.0,0.0,0.0,1.0
7,2003,442.0,868,1146,1146,2,6,1,2,438,187500,12.141534124392605,2014,3.0,8.0,35,14098,4,1768.0,5730,4584,1314.0,1.0,0.0,1.0,1.0,0.0,1.0,1.0,0.0,1.0,0.0,0.0,1.0,1.0,0.0,0.0,1.0
7,1998,202.0,1153,1153,2031,2,8,1,2,541,222500,12.312682380588432,3184,2.5,10.5,35,22288,10,808.0,10155,8124,1623.0,1.0,0.0,1.0,0.0,0.0,0.0,1.0,0.0,1.0,0.0,0.0,1.0,1.0,0.0,0.0,0.0
5,1961,0.0,864,1144,1144,1,6,1,1,264,131400,11.786001385032646,2008,2.0,7.0,30,10040,48,0.0,5720,3432,792.0,0.0,1.0,0.0,0.0,1.0,0.0,1.0,0.0,0.0,1.0,0.0,1.0,0.0,0.0,0.0,0.0
5,1968,0.0,948,948,948,1,6,0,1,300,108000,11.589886506106357,1896,1.0,7.0,25,9480,39,0.0,2844,2844,900.0,0.0,1.0,1.0,0.0,1.0,0.0,0.0,0.0,0.0,1.0,1.0,1.0,0.0,1.0,0.0,0.0
7,1914,0.0,880,880,1768,1,6,2,2,320,163000,12.0015054797889,2648,1.5,7.5,49,18536,92,0.0,3536,5304,960.0,0.0,1.0,0.0,0.0,0.0,0.0,0.0,0.0,0.0,1.0,0.0,0.0,0.0,1.0,1.0,0.0
3,1950,0.0,0,1040,1040,2,6,0,2,400,93500,11.44571671527678,1040,2.0,8.0,12,3120,56,0.0,4160,3120,1200.0,0.0,1.0,0.0,0.0,0.0,0.0,0.0,0.0,0.0,1.0,1.0,0.0,0.0,1.0,0.0,0.0
8,2005,0.0,893,901,1801,2,8,1,3,800,239900,12.387977448827789,2694,2.5,10.5,40,21552,1,0.0,9005,7204,2400.0,1.0,0.0,1.0,0.0,0.0,0.0,1.0,0.0,1.0,0.0,0.0,1.0,1.0,0.0,0.0,0.0
5,1987,0.0,1200,1200,1200,3,5,0,0,0,179000,12.095141084822892,2400,6.0,8.0,25,12000,22,0.0,3600,3600,1452.0,0.0,1.0,0.0,0.0,0.0,1.0,0.0,0.0,0.0,1.0,1.0,0.0,0.0,0.0,1.0,0.0
7,2004,0.0,864,864,1728,2,7,0,2,572,190000,12.154779351142624,2592,2.5,9.5,35,18144,5,0.0,8640,6912,1716.0,1.0,0.0,1.0,0.0,0.0,0.0,1.0,0.0,1.0,0.0,1.0,1.0,0.0,0.0,0.0,0.0
5,1910,0.0,264,768,1432,2,7,0,2,360,132000,11.790557201568507,1696,2.0,9.0,35,8480,97,0.0,7160,4296,1080.0,0.0,1.0,0.0,0.0,0.0,0.0,1.0,0.0,0.0,1.0,1.0,0.0,0.0,1.0,1.0,0.0
6,1961,0.0,912,912,912,1,5,0,1,288,142000,11.8635823365834,1824,2.5,6.0,48,10944,47,0.0,3648,3648,864.0,0.0,1.0,0.0,0.0,1.0,1.0,0.0,0.0,1.0,0.0,1.0,0.0,0.0,1.0,0.0,0.0
7,2000,108.0,1349,1349,1349,2,6,0,2,539,179000,12.095141084822892,2698,2.0,8.0,35,18886,7,324.0,6745,4047,1617.0,0.0,1.0,1.0,0.0,0.0,0.0,1.0,0.0,0.0,1.0,1.0,1.0,0.0,1.0,0.0,0.0
5,1963,0.0,520,1464,1464,2,6,1,2,480,175000,12.072541252905651,1984,2.5,8.0,30,9920,46,0.0,7320,4392,1440.0,0.0,1.0,0.0,0.0,0.0,0.0,1.0,0.0,0.0,1.0,0.0,1.0,0.0,0.0,0.0,0.0
8,1993,0.0,1337,1337,1337,2,5,1,2,462,180000,12.100712129872347,2674,3.0,7.0,40,21392,15,0.0,5348,5348,1386.0,1.0,0.0,1.0,0.0,0.0,1.0,0.0,0.0,1.0,0.0,0.0,1.0,0.0,0.0,0.0,1.0
8,1976,289.0,1142,1175,2715,3,11,2,2,831,299800,12.610870864650634,3857,4.0,14.5,72,30856,32,1445.0,13575,10860,2493.0,0.0,0.0,0.0,0.0,1.0,1.0,1.0,0.0,1.0,0.0,0.0,0.0,1.0,0.0,0.0,0.0
7,2000,0.0,952,980,2256,2,8,1,2,554,236000,12.371587084007746,3208,2.5,10.5,35,22456,9,0.0,11280,9024,1662.0,1.0,0.0,1.0,0.0,0.0,1.0,1.0,0.0,1.0,0.0,0.0,0.0,1.0,0.0,0.0,0.0
7,1880,0.0,1240,1320,2640,1,8,1,4,864,265979,12.491172637278908,3880,1.5,9.5,49,27160,129,0.0,7920,10560,2592.0,1.0,0.0,0.0,0.0,1.0,0.0,0.0,0.0,1.0,0.0,0.0,0.0,0.0,1.0,1.0,0.0
7,1996,338.0,1720,1720,1720,2,7,1,2,527,260400,12.46997418931655,3440,3.0,9.0,35,24080,14,1352.0,8600,6880,1581.0,1.0,0.0,1.0,0.0,0.0,1.0,1.0,0.0,1.0,0.0,0.0,1.0,1.0,0.0,0.0,1.0
4,1945,0.0,0,1088,1529,2,9,0,1,240,98000,11.49272275765271,1529,2.0,11.0,12,6116,64,0.0,4587,4587,720.0,0.0,1.0,0.0,0.0,0.0,0.0,0.0,0.0,0.0,1.0,1.0,0.0,0.0,1.0,1.0,0.0
4,1910,0.0,576,792,1140,1,7,0,0,0,96500,11.477298287327075,1716,1.0,8.0,28,6864,100,0.0,4560,3420,1452.0,0.0,1.0,0.0,0.0,1.0,0.0,0.0,0.0,0.0,1.0,1.0,0.0,0.0,0.0,1.0,0.0
7,2003,0.0,660,660,1320,2,6,0,2,400,162000,11.99535161421452,1980,2.5,8.5,35,13860,4,0.0,6600,5280,1200.0,1.0,0.0,1.0,0.0,0.0,0.0,1.0,0.0,1.0,0.0,1.0,1.0,1.0,0.0,0.0,0.0
6,1997,0.0,1479,1494,1494,2,6,0,2,576,217000,12.287652632522596,2973,3.0,8.0,30,17838,9,0.0,7470,5976,1728.0,0.0,1.0,1.0,0.0,0.0,1.0,1.0,0.0,1.0,0.0,1.0,1.0,0.0,0.0,0.0,0.0
8,2005,178.0,1030,1038,2098,2,8,1,3,878,275500,12.526342907575106,3128,2.5,10.5,40,25024,1,712.0,8392,10490,2634.0,1.0,0.0,1.0,0.0,0.0,0.0,0.0,1.0,0.0,0.0,0.0,1.0,0.0,0.0,0.0,1.0
6,1969,0.0,1026,1026,1026,1,5,0,2,440,156000,11.957611286231677,2052,2.0,6.0,48,12312,40,0.0,4104,4104,1320.0,0.0,1.0,0.0,0.0,1.0,1.0,0.0,0.0,1.0,0.0,1.0,0.0,0.0,0.0,0.0,0.0
6,1999,894.0,729,742,1471,2,6,0,2,440,172500,12.058152515453552,2200,2.5,8.5,30,13200,10,2682.0,5884,4413,1320.0,0.0,1.0,1.0,0.0,0.0,1.0,0.0,0.0,0.0,1.0,1.0,0.0,0.0,1.0,0.0,1.0
8,2007,0.0,866,866,1768,2,7,0,2,578,212000,12.26434155365415,2634,2.5,9.5,40,21072,2,0.0,8840,7072,1734.0,1.0,0.0,1.0,0.0,0.0,1.0,1.0,0.0,1.0,0.0,1.0,1.0,0.0,0.0,0.0,0.0
6,1978,328.0,672,672,1386,2,6,1,2,440,158900,11.976030352524807,2058,2.5,8.5,30,12348,32,984.0,4158,4158,1320.0,0.0,1.0,0.0,0.0,1.0,0.0,0.0,0.0,0.0,1.0,0.0,1.0,1.0,0.0,0.0,0.0
7,1999,360.0,744,757,1501,2,6,0,2,440,179400,12.097373228606832,2245,2.5,8.5,35,15715,9,1080.0,6004,4503,1320.0,0.0,1.0,1.0,0.0,0.0,0.0,0.0,0.0,0.0,1.0,1.0,0.0,0.0,1.0,0.0,1.0
8,1995,513.0,1318,1328,2531,2,9,1,3,752,290000,12.577636201962656,3849,2.5,11.5,40,30792,12,2052.0,12655,10124,2256.0,1.0,0.0,1.0,0.0,0.0,0.0,1.0,0.0,1.0,0.0,0.0,1.0,0.0,0.0,0.0,1.0
6,1959,0.0,864,864,864,1,5,0,1,300,127500,11.755871643580615,1728,1.0,6.0,36,10368,50,0.0,4320,2592,1500.0,0.0,1.0,0.0,0.0,1.0,0.0,1.0,0.0,0.0,1.0,1.0,0.0,0.0,1.0,0.0,0.0
5,1924,0.0,1145,1301,1301,1,5,0,2,440,100000,11.512925464970229,2446,1.0,6.0,25,12230,85,0.0,3903,2602,1320.0,0.0,1.0,1.0,0.0,1.0,0.0,0.0,0.0,0.0,0.0,1.0,0.0,0.0,1.0,1.0,0.0
7,2009,0.0,756,764,1547,2,7,0,2,614,215200,12.279323107269766,2303,2.5,9.5,35,16121,1,0.0,7735,6188,1842.0,0.0,1.0,1.0,0.0,0.0,1.0,1.0,0.0,1.0,0.0,1.0,1.0,0.0,1.0,0.0,1.0
8,1999,673.0,1252,1268,2365,2,8,1,3,856,337000,12.727838209334498,3617,3.5,10.5,40,28936,10,2692.0,11825,9460,2568.0,1.0,0.0,1.0,0.0,0.0,1.0,1.0,0.0,1.0,0.0,0.0,1.0,0.0,0.0,0.0,1.0
8,1995,0.0,1494,1494,1494,1,6,1,2,481,270000,12.506177237980513,2988,2.5,7.5,40,23904,11,0.0,7470,7470,1443.0,1.0,0.0,1.0,0.0,0.0,0.0,1.0,1.0,0.0,0.0,0.0,1.0,1.0,0.0,0.0,1.0
9,2008,284.0,1498,1506,1506,2,6,1,2,592,264132,12.484204257170104,3004,2.0,8.0,45,27036,0,1136.0,7530,7530,1776.0,1.0,0.0,1.0,0.0,0.0,0.0,1.0,1.0,0.0,0.0,0.0,1.0,1.0,0.0,0.0,1.0
7,1988,42.0,980,980,1714,2,7,1,2,496,196500,12.188417710291452,2694,2.5,9.5,35,18858,22,126.0,5142,5142,1488.0,0.0,1.0,0.0,0.0,0.0,1.0,0.0,0.0,0.0,1.0,0.0,1.0,0.0,1.0,0.0,0.0
6,1940,0.0,983,983,1750,2,7,0,1,423,160000,11.982929094215963,2733,3.0,9.0,42,16398,68,0.0,8750,5250,1269.0,0.0,1.0,0.0,0.0,0.0,0.0,1.0,0.0,0.0,1.0,1.0,1.0,0.0,1.0,0.0,0.0
7,2004,0.0,1860,1836,1836,2,8,1,2,484,216837,12.28690119819279,3696,2.0,10.0,35,25872,2,0.0,9180,7344,1452.0,1.0,0.0,1.0,0.0,0.0,1.0,1.0,0.0,1.0,0.0,0.0,1.0,1.0,0.0,0.0,0.0
8,2003,603.0,1650,1690,3279,3,12,1,3,841,538000,13.195613839143922,4929,4.5,15.5,40,39432,7,3015.0,16395,16395,2523.0,0.0,0.0,1.0,0.0,0.0,0.0,1.0,1.0,0.0,0.0,0.0,0.0,1.0,0.0,0.0,1.0
5,1982,0.0,858,858,858,1,5,0,2,576,134900,11.812289042195848,1716,2.0,6.0,25,8580,27,0.0,2574,2574,1728.0,0.0,1.0,0.0,0.0,0.0,1.0,0.0,0.0,0.0,1.0,1.0,0.0,0.0,1.0,0.0,0.0
4,1951,0.0,836,1220,1220,1,6,0,2,396,102000,11.532728092266408,2056,1.0,7.0,20,8224,55,0.0,3660,3660,1188.0,0.0,1.0,0.0,0.0,0.0,0.0,0.0,0.0,0.0,1.0,1.0,0.0,0.0,1.0,1.0,0.0
6,1976,0.0,1029,1117,1117,1,6,1,2,672,107000,11.580584113444043,2146,2.0,7.0,30,12876,34,0.0,3351,3351,2016.0,0.0,1.0,0.0,0.0,1.0,0.0,0.0,0.0,0.0,1.0,0.0,0.0,0.0,1.0,1.0,0.0
5,1958,1.0,912,912,912,1,5,0,1,275,114500,11.648330101976432,1824,1.0,6.0,25,9120,49,3.0,4560,2736,825.0,0.0,1.0,0.0,0.0,1.0,0.0,1.0,0.0,0.0,1.0,1.0,1.0,0.0,0.0,0.0,0.0
8,2006,375.0,1935,1973,1973,2,9,1,3,895,395000,12.88664104388326,3908,2.0,11.0,40,31264,1,1500.0,7892,7892,2685.0,1.0,0.0,1.0,0.0,0.0,0.0,0.0,0.0,1.0,0.0,0.0,1.0,1.0,0.0,0.0,1.0
6,1998,320.0,1204,1204,1204,2,5,0,2,412,162000,11.99535161421452,2408,3.0,7.0,30,14448,11,960.0,6020,3612,1236.0,0.0,1.0,1.0,1.0,0.0,1.0,1.0,0.0,0.0,1.0,1.0,1.0,1.0,0.0,0.0,0.0
7,2005,240.0,1614,1614,1614,2,7,0,3,865,221500,12.308177868467329,3228,2.0,9.0,35,22596,1,960.0,8070,6456,2595.0,1.0,0.0,1.0,0.0,0.0,1.0,1.0,0.0,1.0,0.0,1.0,1.0,0.0,0.0,0.0,0.0
5,1974,0.0,864,894,894,1,5,1,2,440,142500,11.867097278690842,1758,2.0,6.0,25,8790,32,0.0,2682,2682,1320.0,0.0,1.0,0.0,0.0,1.0,0.0,0.0,0.0,0.0,1.0,0.0,1.0,0.0,1.0,0.0,0.0
5,1977,320.0,0,2020,2020,2,10,2,2,630,144000,11.877568578558138,2020,2.0,12.0,25,10100,30,960.0,6060,6060,1890.0,0.0,1.0,0.0,0.0,0.0,0.0,0.0,0.0,0.0,1.0,0.0,0.0,0.0,1.0,0.0,0.0
6,1977,90.0,975,1004,1004,1,4,0,2,504,135000,11.813030057420567,1979,2.0,5.0,30,11874,29,270.0,3012,3012,1512.0,0.0,1.0,0.0,0.0,0.0,1.0,0.0,0.0,0.0,1.0,1.0,1.0,0.0,1.0,0.0,0.0
7,1995,38.0,1237,1253,1253,2,6,1,2,402,176000,12.078239274020287,2490,2.0,8.0,35,17430,12,114.0,5012,3759,1206.0,0.0,1.0,1.0,0.0,0.0,0.0,0.0,0.0,0.0,1.0,0.0,1.0,1.0,0.0,0.0,0.0
6,1992,0.0,761,810,1603,2,7,0,2,484,175900,12.077670930725647,2364,2.5,9.5,30,14184,14,0.0,8015,6412,1452.0,1.0,0.0,1.0,0.0,0.0,0.0,1.0,0.0,1.0,0.0,1.0,1.0,0.0,0.0,0.0,0.0
7,2001,0.0,1413,1430,1430,2,6,0,2,605,187100,12.13939851226218,2843,2.0,8.0,35,19901,8,0.0,7150,5720,1815.0,1.0,0.0,1.0,0.0,0.0,0.0,1.0,0.0,1.0,0.0,1.0,1.0,0.0,0.0,0.0,0.0
5,1978,104.0,1097,1110,1110,1,4,1,2,602,165500,12.016726473799254,2207,2.0,5.0,30,11035,31,312.0,5550,4440,1806.0,0.0,1.0,1.0,0.0,0.0,1.0,1.0,0.0,1.0,0.0,0.0,1.0,1.0,0.0,0.0,0.0
6,1914,0.0,742,742,1484,2,9,1,0,0,128000,11.759785542901756,2226,2.0,11.0,36,13356,94,0.0,7420,4452,1452.0,0.0,1.0,0.0,0.0,1.0,0.0,1.0,0.0,0.0,1.0,0.0,0.0,0.0,0.0,1.0,0.0
6,1967,0.0,1372,1342,1342,2,7,1,2,457,161500,11.992260421644849,2714,2.0,9.0,30,16284,42,0.0,4026,4026,1371.0,0.0,1.0,0.0,0.0,1.0,0.0,0.0,0.0,0.0,1.0,0.0,1.0,0.0,1.0,0.0,0.0
5,1915,0.0,686,966,1652,2,7,0,1,416,139000,11.842229212112828,2338,3.0,9.0,30,11690,95,0.0,4956,4956,1248.0,0.0,1.0,1.0,0.0,0.0,0.0,0.0,0.0,0.0,1.0,1.0,0.0,0.0,1.0,1.0,0.0
7,2004,0.0,956,956,2084,2,8,0,2,618,233000,12.358793732547838,3040,3.5,10.5,35,21280,6,0.0,10420,8336,1854.0,1.0,0.0,1.0,0.0,0.0,1.0,1.0,0.0,1.0,0.0,1.0,0.0,0.0,0.0,0.0,0.0
4,1954,0.0,901,901,901,1,4,0,1,281,107900,11.588960151246226,1802,1.0,5.0,28,7208,54,0.0,4505,2703,562.0,0.0,1.0,0.0,0.0,1.0,0.0,1.0,0.0,0.0,1.0,1.0,0.0,0.0,1.0,1.0,0.0
6,1966,157.0,832,976,2087,2,9,0,2,444,187500,12.141534124392605,2919,2.5,11.5,48,17514,41,471.0,8348,8348,1332.0,0.0,1.0,0.0,0.0,1.0,0.0,0.0,0.0,1.0,0.0,1.0,1.0,1.0,0.0,0.0,0.0
7,2005,11.0,1145,1145,1145,2,5,1,2,397,160200,11.984178313616397,2290,2.0,7.0,35,16030,4,44.0,5725,4580,1191.0,1.0,0.0,1.0,0.0,0.0,1.0,1.0,0.0,1.0,0.0,0.0,1.0,1.0,0.0,0.0,0.0
6,1976,0.0,1029,1062,1062,1,5,2,2,539,146800,11.896826395162552,2091,2.0,6.0,30,12546,31,0.0,3186,3186,1617.0,0.0,1.0,1.0,0.0,0.0,0.0,0.0,0.0,0.0,1.0,0.0,1.0,0.0,0.0,0.0,0.0
7,1996,0.0,1117,1127,2013,2,8,1,2,455,269790,12.50539915757667,3130,3.5,10.5,35,21910,11,0.0,10065,6039,1365.0,1.0,0.0,1.0,0.0,0.0,1.0,1.0,0.0,0.0,1.0,0.0,1.0,0.0,1.0,0.0,1.0
8,2007,140.0,1496,1496,1496,2,7,0,2,474,225000,12.323855681186558,2992,2.0,9.0,40,23936,0,560.0,7480,5984,1422.0,1.0,0.0,1.0,0.0,0.0,0.0,1.0,0.0,1.0,0.0,1.0,1.0,1.0,0.0,0.0,1.0
7,1994,0.0,712,1086,1895,2,7,1,2,409,194500,12.178187442040638,2607,2.5,9.5,35,18249,14,0.0,9475,7580,1227.0,1.0,0.0,1.0,0.0,0.0,0.0,1.0,0.0,1.0,0.0,0.0,1.0,1.0,0.0,0.0,0.0
6,1980,130.0,650,888,1564,2,7,1,2,476,171000,12.049418835484795,2214,2.5,9.5,36,13284,30,390.0,4692,4692,1428.0,0.0,1.0,0.0,0.0,0.0,0.0,0.0,0.0,0.0,1.0,0.0,1.0,0.0,1.0,0.0,0.0
6,1977,148.0,660,1285,1285,1,7,1,2,528,143500,11.874090314181814,1945,1.5,8.5,30,11670,30,444.0,6425,3855,1584.0,0.0,1.0,0.0,0.0,1.0,0.0,1.0,0.0,0.0,1.0,0.0,1.0,0.0,0.0,0.0,0.0
5,1953,0.0,773,773,773,1,4,0,1,240,110000,11.608235644774552,1546,1.0,5.0,25,7730,55,0.0,3092,2319,720.0,0.0,1.0,0.0,0.0,1.0,0.0,0.0,0.0,0.0,1.0,1.0,1.0,0.0,1.0,0.0,0.0
9,2008,860.0,1926,1966,3140,3,11,2,3,820,485000,13.09190416991962,5066,3.5,14.5,45,45594,1,4300.0,15700,15700,2460.0,0.0,0.0,1.0,1.0,0.0,0.0,1.0,1.0,0.0,0.0,0.0,0.0,1.0,0.0,0.0,1.0
5,1937,252.0,731,981,1768,1,7,2,1,240,175000,12.072541252905651,2499,2.5,8.5,35,12495,70,756.0,8840,7072,720.0,0.0,1.0,0.0,0.0,0.0,0.0,1.0,0.0,1.0,0.0,0.0,0.0,0.0,1.0,0.0,0.0
6,1997,0.0,616,616,1688,2,8,0,2,603,200000,12.206072645530174,2304,3.5,10.5,30,13824,11,0.0,6752,6752,1809.0,0.0,1.0,1.0,0.0,0.0,1.0,0.0,0.0,1.0,0.0,1.0,1.0,0.0,0.0,0.0,0.0
4,1916,0.0,1196,1196,1196,1,5,0,2,440,109900,11.607326140391711,2392,2.0,6.0,28,9568,91,0.0,5980,3588,1320.0,0.0,1.0,0.0,0.0,1.0,0.0,1.0,0.0,0.0,1.0,1.0,0.0,0.0,1.0,1.0,0.0
7,2005,0.0,728,728,1456,2,7,1,2,410,189000,12.14950229404178,2184,3.5,9.5,35,15288,3,0.0,7280,5824,1230.0,1.0,0.0,1.0,0.0,0.0,1.0,1.0,0.0,1.0,0.0,0.0,1.0,1.0,0.0,0.0,0.0
9,2008,424.0,1734,1734,2822,3,12,1,3,1020,582933,13.27582753591546,4556,3.5,15.5,45,41004,1,2120.0,14110,14110,3060.0,0.0,0.0,1.0,1.0,0.0,0.0,1.0,1.0,0.0,0.0,0.0,0.0,0.0,0.0,0.0,1.0
5,1954,0.0,936,1128,1128,1,5,0,1,286,118000,11.6784399034478,2064,1.0,6.0,25,10320,52,0.0,3384,3384,858.0,0.0,1.0,0.0,0.0,1.0,0.0,0.0,0.0,0.0,1.0,1.0,1.0,0.0,1.0,0.0,0.0
7,2008,256.0,1417,1428,1428,2,6,0,2,554,227680,12.33569641332368,2845,2.0,8.0,35,19915,0,1024.0,7140,7140,1662.0,1.0,0.0,1.0,0.0,0.0,0.0,1.0,1.0,0.0,0.0,1.0,1.0,0.0,0.0,0.0,1.0
5,1967,0.0,980,980,980,2,6,0,1,384,135500,11.816726919301892,1960,2.0,8.0,25,9800,39,0.0,3920,2940,1152.0,0.0,1.0,1.0,0.0,1.0,0.0,0.0,0.0,0.0,1.0,1.0,1.0,1.0,0.0,0.0,0.0
5,1923,0.0,1324,1072,1576,1,6,1,2,528,223500,12.31716669303576,2900,3.5,7.5,30,14500,86,0.0,7880,6304,1584.0,0.0,1.0,0.0,0.0,1.0,1.0,1.0,0.0,1.0,0.0,0.0,1.0,0.0,0.0,1.0,0.0
5,1966,1047.0,1024,1086,1086,1,6,1,2,484,159950,11.982616545377663,2110,2.0,7.0,25,10550,40,3141.0,3258,3258,1452.0,0.0,1.0,0.0,0.0,1.0,0.0,0.0,0.0,0.0,1.0,0.0,1.0,0.0,0.0,0.0,0.0
5,1898,0.0,849,1075,2138,2,11,0,2,360,106000,11.571194373094205,2987,2.0,13.0,25,14935,111,0.0,6414,6414,720.0,0.0,1.0,1.0,0.0,1.0,0.0,0.0,0.0,0.0,1.0,1.0,0.0,0.0,1.0,1.0,0.0
6,1974,99.0,1040,1309,1309,1,5,1,2,484,181000,12.106252310247962,2349,2.5,6.5,36,14094,32,297.0,2618,5236,1452.0,0.0,1.0,0.0,0.0,1.0,0.0,0.0,0.0,1.0,0.0,0.0,1.0,0.0,0.0,0.0,0.0
6,2004,169.0,848,848,848,1,4,1,2,420,144500,11.881034786534624,1696,2.0,5.0,30,10176,4,676.0,4240,3392,1260.0,1.0,0.0,1.0,0.0,0.0,1.0,1.0,0.0,1.0,0.0,0.0,1.0,1.0,0.0,0.0,0.0
5,1952,0.0,540,1044,1044,1,4,0,2,504,55993,10.932981961904137,1584,1.0,5.0,25,7920,58,0.0,3132,2088,1512.0,0.0,0.0,0.0,0.0,1.0,0.0,0.0,0.0,0.0,0.0,1.0,0.0,0.0,1.0,1.0,0.0
6,1958,243.0,1442,1442,1442,1,7,0,1,301,157900,11.969717200243734,2884,1.5,8.5,36,17304,49,729.0,5768,4326,903.0,0.0,1.0,0.0,0.0,1.0,0.0,0.0,0.0,0.0,1.0,1.0,1.0,0.0,0.0,0.0,0.0
5,1918,0.0,686,686,1250,1,7,0,1,280,116000,11.661345470088502,1936,2.0,8.5,35,9680,88,0.0,5000,2500,840.0,0.0,1.0,0.0,0.0,1.0,0.0,0.0,0.0,0.0,0.0,1.0,0.0,0.0,1.0,1.0,0.0
7,1998,442.0,1649,1661,1661,2,6,0,2,598,224900,12.323411137947408,3310,2.0,8.0,35,23170,12,1326.0,8305,6644,1794.0,0.0,1.0,1.0,0.0,0.0,0.0,1.0,0.0,1.0,0.0,1.0,1.0,0.0,0.0,0.0,0.0
5,1954,0.0,1008,1008,1008,1,4,1,1,275,137000,11.827736204810265,2016,1.0,5.0,30,10080,52,0.0,4032,3024,825.0,0.0,1.0,0.0,0.0,1.0,0.0,0.0,0.0,0.0,1.0,0.0,1.0,0.0,0.0,0.0,0.0
8,2002,148.0,1568,1689,1689,2,7,2,3,857,271000,12.509874099861838,3257,3.0,9.0,40,26056,6,592.0,8445,6756,2571.0,1.0,0.0,1.0,0.0,0.0,1.0,1.0,0.0,1.0,0.0,0.0,1.0,0.0,0.0,0.0,0.0
6,1971,80.0,1010,1052,1052,1,6,0,2,440,155000,11.951180395901384,2062,2.0,7.0,42,12372,39,240.0,4208,3156,1320.0,0.0,1.0,0.0,0.0,1.0,1.0,0.0,0.0,0.0,1.0,1.0,1.0,0.0,1.0,0.0,0.0
7,2009,128.0,1358,1358,1358,2,6,1,2,484,224000,12.319401330837175,2716,3.0,8.0,35,19012,1,512.0,6790,5432,1452.0,1.0,0.0,1.0,0.0,0.0,1.0,1.0,0.0,1.0,0.0,0.0,1.0,0.0,0.0,0.0,1.0
7,2003,0.0,798,798,1640,2,6,0,2,595,183000,12.117241431823558,2438,2.5,8.5,35,17066,5,0.0,8200,6560,1785.0,1.0,0.0,1.0,0.0,0.0,0.0,1.0,0.0,1.0,0.0,1.0,1.0,0.0,0.0,0.0,0.0
4,1953,0.0,936,936,936,1,4,0,2,576,93000,11.440354772135391,1872,1.0,5.0,16,7488,56,0.0,2808,2808,1728.0,0.0,0.0,0.0,0.0,0.0,0.0,0.0,0.0,0.0,1.0,1.0,0.0,0.0,1.0,1.0,0.0
7,2003,0.0,847,847,1733,2,7,1,2,433,225000,12.323855681186558,2580,2.5,9.5,35,18060,4,0.0,8665,6932,1299.0,1.0,0.0,1.0,0.0,0.0,0.0,1.0,0.0,1.0,0.0,0.0,0.0,1.0,0.0,0.0,0.0
6,1940,0.0,778,944,1489,2,7,1,1,240,139500,11.845819880243557,2267,2.0,9.0,42,13602,69,0.0,4467,4467,720.0,0.0,1.0,0.0,0.0,1.0,0.0,0.0,0.0,0.0,1.0,0.0,0.0,0.0,1.0,0.0,0.0
8,2006,0.0,1489,1489,1489,2,7,1,2,776,232600,12.3570755190667,2978,2.0,9.0,40,23824,0,0.0,7445,5956,2328.0,1.0,0.0,1.0,0.0,0.0,0.0,1.0,0.0,1.0,0.0,0.0,1.0,0.0,0.0,0.0,1.0
10,2007,816.0,2078,2084,2084,2,7,1,3,1220,385000,12.86099861326992,4162,3.0,9.0,50,41620,1,4080.0,10420,10420,3660.0,0.0,0.0,1.0,1.0,0.0,1.0,1.0,1.0,0.0,0.0,0.0,1.0,1.0,0.0,0.0,1.0
5,1924,0.0,784,784,784,1,5,0,0,0,109500,11.603679828238691,1568,2.0,6.0,30,7840,84,0.0,3136,3136,1452.0,0.0,1.0,0.0,0.0,1.0,0.0,0.0,0.0,1.0,0.0,1.0,0.0,0.0,0.0,1.0,0.0
7,2001,0.0,1454,1434,1434,2,6,1,2,527,189000,12.14950229404178,2888,2.0,8.0,35,20216,8,0.0,7170,5736,1581.0,1.0,0.0,1.0,0.0,0.0,1.0,1.0,0.0,1.0,0.0,0.0,1.0,0.0,0.0,0.0,0.0
5,1967,0.0,1013,1160,2126,2,7,0,2,538,185000,12.128111104060462,3139,3.0,9.5,25,15695,42,0.0,6378,6378,1614.0,0.0,1.0,1.0,0.0,1.0,0.0,0.0,0.0,0.0,1.0,1.0,1.0,1.0,0.0,0.0,0.0
7,2005,0.0,600,520,1223,2,4,0,2,480,147400,11.900905258737373,1743,2.5,6.5,35,12201,1,0.0,6115,4892,1440.0,1.0,0.0,1.0,0.0,0.0,0.0,1.0,0.0,1.0,0.0,1.0,0.0,0.0,0.0,0.0,1.0
6,1957,387.0,1392,1392,1392,1,6,2,2,458,166000,12.01974306733868,2784,2.5,7.5,30,16704,51,1161.0,4176,4176,1374.0,0.0,1.0,0.0,0.0,1.0,0.0,0.0,0.0,0.0,1.0,0.0,1.0,0.0,0.0,0.0,0.0
7,2005,0.0,600,520,1200,2,4,0,2,480,151000,11.925035115797062,1720,2.5,6.5,35,12040,1,0.0,6000,4800,1440.0,0.0,1.0,1.0,0.0,0.0,0.0,1.0,0.0,1.0,0.0,1.0,0.0,0.0,0.0,0.0,1.0
7,2003,223.0,941,941,1829,2,7,1,2,613,237000,12.375815420117268,2770,3.5,9.5,42,19390,7,892.0,9145,7316,1839.0,1.0,0.0,1.0,0.0,0.0,1.0,1.0,0.0,1.0,0.0,0.0,1.0,0.0,0.0,0.0,0.0
6,1964,180.0,1516,1516,1516,1,6,0,2,472,167000,12.025749091398891,3032,1.5,7.5,36,18192,45,540.0,4548,4548,1416.0,0.0,1.0,0.0,0.0,1.0,0.0,0.0,0.0,0.0,1.0,1.0,1.0,0.0,0.0,0.0,0.0
5,1961,136.0,1144,1144,1144,1,6,0,2,456,139950,11.8490404949436,2288,2.0,7.0,30,11440,47,408.0,4576,3432,1368.0,0.0,1.0,0.0,0.0,1.0,0.0,0.0,0.0,0.0,1.0,1.0,1.0,0.0,1.0,0.0,0.0
4,1950,0.0,1067,1067,1067,2,4,0,2,436,128000,11.759785542901756,2134,2.0,6.0,28,8536,60,0.0,3201,4268,1308.0,0.0,1.0,0.0,0.0,0.0,0.0,0.0,0.0,1.0,0.0,1.0,1.0,0.0,1.0,0.0,0.0
5,1948,0.0,1559,1559,1559,1,5,0,2,812,153500,11.941455846009388,3118,2.0,6.0,30,15590,59,0.0,6236,4677,2436.0,0.0,1.0,0.0,0.0,1.0,0.0,0.0,0.0,0.0,1.0,1.0,0.0,0.0,1.0,1.0,0.0
6,1973,158.0,483,483,987,1,5,0,1,264,100000,11.512925464970229,1470,2.5,6.5,30,8820,35,474.0,2961,2961,792.0,0.0,1.0,0.0,0.0,1.0,0.0,0.0,0.0,0.0,1.0,1.0,0.0,0.0,1.0,1.0,0.0
5,1995,0.0,1099,1099,1099,1,6,0,1,352,144000,11.877568578558138,2198,1.5,7.5,30,10990,13,0.0,5495,4396,1056.0,0.0,1.0,1.0,0.0,0.0,0.0,1.0,0.0,1.0,0.0,1.0,1.0,0.0,1.0,0.0,0.0
5,1946,0.0,768,768,1200,1,6,0,1,240,130500,11.779128505744886,1968,1.0,7.0,30,9840,62,0.0,6000,3600,720.0,0.0,1.0,0.0,0.0,1.0,0.0,1.0,0.0,0.0,1.0,1.0,0.0,0.0,1.0,1.0,0.0
6,1925,0.0,672,810,1482,2,7,0,1,400,140000,11.84939770159144,2154,2.0,9.0,48,12924,83,0.0,4446,2964,1200.0,0.0,1.0,0.0,0.0,1.0,0.0,0.0,0.0,0.0,0.0,1.0,0.0,0.0,1.0,0.0,0.0
5,1904,0.0,650,958,1539,2,8,1,2,686,157500,11.967180737247824,2189,2.0,10.0,40,10945,104,0.0,6156,6156,2744.0,0.0,1.0,1.0,0.0,1.0,0.0,0.0,0.0,1.0,0.0,0.0,0.0,0.0,1.0,1.0,0.0
6,1966,183.0,1127,1165,1165,1,6,0,2,490,174900,12.071969661006694,2292,2.5,7.5,42,13752,42,549.0,3495,3495,1960.0,0.0,1.0,0.0,0.0,1.0,0.0,0.0,0.0,0.0,1.0,1.0,1.0,0.0,0.0,0.0,0.0
5,1961,0.0,1800,1800,1800,2,10,0,0,0,141000,11.856515169360303,3600,2.0,12.0,20,18000,46,0.0,9000,5400,1452.0,0.0,1.0,0.0,0.0,1.0,0.0,1.0,0.0,0.0,1.0,1.0,0.0,0.0,0.0,0.0,0.0
5,1915,0.0,876,876,1416,1,7,1,3,720,153900,11.94405831982697,2292,1.5,8.5,40,11460,93,0.0,5664,4248,2160.0,0.0,1.0,0.0,0.0,1.0,0.0,0.0,0.0,0.0,1.0,0.0,0.0,0.0,1.0,1.0,0.0
5,1975,0.0,1390,1701,1701,2,6,2,2,611,171000,12.049418835484795,3091,3.0,8.0,25,15455,32,0.0,5103,5103,1833.0,0.0,1.0,0.0,0.0,0.0,0.0,0.0,0.0,0.0,1.0,0.0,0.0,1.0,0.0,0.0,0.0
7,1993,137.0,740,1006,1775,2,7,1,2,425,213000,12.269047444691562,2515,3.5,9.5,35,17605,16,548.0,8875,7100,1275.0,1.0,0.0,1.0,0.0,0.0,0.0,1.0,0.0,1.0,0.0,0.0,1.0,0.0,1.0,0.0,0.0
5,1972,0.0,864,864,864,1,5,1,1,338,133500,11.801856756822442,1728,2.0,6.0,30,8640,37,0.0,4320,2592,1014.0,0.0,1.0,0.0,0.0,1.0,0.0,1.0,0.0,0.0,1.0,0.0,1.0,0.0,1.0,0.0,0.0
6,1908,0.0,907,1307,2358,3,10,1,2,360,240000,12.388394202324127,3265,3.0,13.0,48,19590,100,0.0,7074,7074,720.0,0.0,1.0,0.0,0.0,1.0,0.0,0.0,0.0,0.0,1.0,0.0,0.0,0.0,1.0,0.0,0.0
6,1976,360.0,528,1094,1855,2,7,1,2,512,187000,12.138863895836725,2383,2.5,9.5,42,14298,31,1440.0,9275,5565,1536.0,1.0,0.0,0.0,0.0,1.0,0.0,1.0,0.0,0.0,1.0,0.0,1.0,0.0,0.0,0.0,1.0
6,2003,170.0,848,848,848,1,3,0,2,420,131500,11.786762130599955,1696,2.0,4.0,30,10176,4,680.0,4240,3392,1260.0,1.0,0.0,1.0,0.0,0.0,1.0,1.0,0.0,1.0,0.0,1.0,1.0,1.0,0.0,0.0,0.0
8,2003,40.0,1273,1456,1456,2,7,1,2,400,215000,12.2783933071098,2729,2.0,9.0,40,21832,3,160.0,7280,5824,1200.0,1.0,0.0,1.0,0.0,0.0,0.0,1.0,0.0,1.0,0.0,0.0,1.0,1.0,0.0,0.0,0.0
7,1941,0.0,918,918,1646,2,7,2,1,240,164000,12.007621706806336,2564,2.0,9.0,35,17948,66,0.0,6584,4938,720.0,0.0,1.0,0.0,0.0,1.0,0.0,0.0,0.0,0.0,1.0,0.0,0.0,0.0,1.0,0.0,1.0
6,1964,115.0,1127,1445,1445,1,7,1,2,645,158000,11.970350312009105,2572,1.5,8.5,36,15432,45,345.0,4335,4335,1935.0,0.0,1.0,0.0,0.0,1.0,0.0,0.0,0.0,0.0,1.0,0.0,1.0,0.0,0.0,0.0,0.0
5,1955,0.0,1763,1779,1779,1,6,1,2,454,170000,12.0435537160324,3542,2.5,7.5,20,17710,51,0.0,5337,5337,1362.0,0.0,1.0,0.0,0.0,1.0,0.0,0.0,0.0,0.0,1.0,0.0,1.0,0.0,1.0,0.0,0.0
5,1962,0.0,1040,1040,1040,1,6,0,1,260,127000,11.751942365440728,2080,2.5,7.5,40,10400,48,0.0,5200,3120,780.0,0.0,1.0,0.0,0.0,1.0,0.0,1.0,0.0,0.0,1.0,1.0,0.0,0.0,1.0,0.0,0.0
6,1978,0.0,940,1026,1026,1,5,0,2,576,147000,11.898187865760873,1966,2.0,6.0,36,11796,30,0.0,3078,3078,1728.0,0.0,1.0,0.0,0.0,0.0,1.0,0.0,0.0,0.0,1.0,1.0,0.0,0.0,1.0,0.0,0.0
6,1994,0.0,702,702,1481,2,6,1,2,343,174000,12.066810578196666,2183,2.5,8.5,30,13098,15,0.0,5924,4443,1029.0,0.0,1.0,1.0,0.0,0.0,0.0,0.0,0.0,0.0,1.0,0.0,1.0,1.0,0.0,0.0,0.0
7,1976,189.0,1090,1370,1370,2,6,1,2,479,152000,11.931635799828411,2460,2.0,8.0,35,17220,33,567.0,4110,4110,1437.0,0.0,1.0,0.0,0.0,0.0,0.0,0.0,0.0,0.0,1.0,0.0,1.0,0.0,0.0,0.0,0.0
6,1968,220.0,1054,1512,2654,2,9,1,2,619,250000,12.429216196844385,3708,3.5,11.5,42,22248,38,660.0,7962,10616,1857.0,0.0,1.0,0.0,0.0,1.0,0.0,0.0,0.0,1.0,0.0,0.0,1.0,0.0,1.0,0.0,0.0
7,1918,0.0,912,912,1426,1,7,1,1,216,189950,12.154516158615772,2338,1.5,8.5,56,16366,89,0.0,5704,5704,648.0,1.0,0.0,0.0,0.0,1.0,0.0,0.0,0.0,1.0,0.0,0.0,0.0,0.0,1.0,0.0,1.0
5,1965,0.0,1039,1039,1039,1,6,0,2,504,131500,11.786762130599955,2078,2.5,7.5,20,10390,45,0.0,5195,3117,1512.0,0.0,1.0,1.0,0.0,1.0,0.0,1.0,0.0,0.0,1.0,1.0,1.0,0.0,1.0,0.0,0.0
6,1984,0.0,1040,1097,1097,2,6,0,2,480,152000,11.931635799828411,2137,2.0,8.0,30,12822,26,0.0,3291,3291,1440.0,0.0,1.0,1.0,0.0,0.0,1.0,0.0,0.0,0.0,1.0,1.0,1.0,0.0,1.0,0.0,0.0
5,1959,0.0,1148,1148,1148,1,6,0,1,672,132500,11.794337924408412,2296,2.0,7.0,25,11480,50,0.0,3444,3444,2016.0,0.0,1.0,0.0,0.0,1.0,0.0,0.0,0.0,0.0,1.0,1.0,1.0,0.0,1.0,0.0,0.0
7,2007,0.0,1372,1372,1372,2,6,0,2,529,250580,12.431533509799545,2744,2.0,8.0,35,19208,1,0.0,6860,5488,1587.0,1.0,0.0,1.0,1.0,0.0,0.0,1.0,0.0,1.0,0.0,1.0,1.0,1.0,0.0,0.0,1.0
5,1970,76.0,1002,1002,1002,1,5,0,2,902,148500,11.908340237224891,2004,2.0,6.0,30,10020,39,228.0,3006,3006,2706.0,0.0,1.0,0.0,0.0,1.0,0.0,0.0,0.0,0.0,1.0,1.0,0.0,0.0,1.0,0.0,0.0
8,2006,274.0,1638,1646,1646,2,6,1,3,870,248900,12.424806488355683,3284,2.0,8.0,40,26272,1,1096.0,8230,6584,2610.0,1.0,0.0,1.0,0.0,0.0,0.0,1.0,0.0,1.0,0.0,0.0,1.0,0.0,0.0,0.0,1.0
4,1961,0.0,1040,1120,1120,1,5,0,2,544,129000,11.76756768334381,2160,2.5,6.5,20,8640,46,0.0,3360,2240,1632.0,0.0,1.0,0.0,0.0,1.0,0.0,0.0,0.0,0.0,0.0,1.0,1.0,0.0,0.0,0.0,0.0
5,1948,0.0,0,1547,2320,2,7,1,2,672,169000,12.037653993905211,2267,2.0,9.0,30,11335,58,0.0,9280,6960,2016.0,0.0,1.0,0.0,0.0,0.0,0.0,0.0,0.0,0.0,1.0,0.0,1.0,0.0,1.0,0.0,0.0
7,1993,246.0,1050,1062,1949,2,8,1,2,574,236000,12.371587084007746,2999,3.5,10.5,35,20993,17,984.0,9745,7796,1722.0,1.0,0.0,1.0,0.0,0.0,1.0,1.0,0.0,1.0,0.0,0.0,1.0,1.0,0.0,0.0,0.0
5,1962,0.0,894,894,894,1,5,0,1,308,109500,11.603679828238691,1788,1.0,6.0,25,8940,47,0.0,3576,2682,924.0,0.0,1.0,0.0,0.0,1.0,0.0,0.0,0.0,0.0,1.0,1.0,0.0,0.0,1.0,0.0,0.0
6,1998,116.0,804,804,1682,2,7,0,2,523,200500,12.20856952572876,2486,2.5,9.5,30,14916,12,348.0,8410,6728,1569.0,0.0,1.0,1.0,0.0,0.0,1.0,1.0,0.0,1.0,0.0,1.0,1.0,0.0,0.0,0.0,0.0
5,1953,0.0,105,910,910,1,5,0,2,414,116000,11.661345470088502,1015,1.0,6.0,35,5075,55,0.0,3640,3640,1242.0,1.0,0.0,0.0,0.0,1.0,0.0,0.0,0.0,1.0,0.0,1.0,1.0,0.0,1.0,0.0,0.0
5,1949,0.0,832,1036,1268,1,6,1,1,288,133000,11.79810440720389,1868,1.0,7.0,35,9340,60,0.0,5072,3804,864.0,1.0,0.0,0.0,0.0,1.0,0.0,0.0,0.0,0.0,1.0,0.0,1.0,0.0,1.0,0.0,0.0
5,1941,0.0,676,676,1131,1,5,0,1,200,66500,11.104957226643943,1807,1.5,6.5,30,9035,68,0.0,5655,3393,600.0,0.0,1.0,0.0,0.0,1.0,0.0,1.0,0.0,0.0,1.0,1.0,0.0,0.0,1.0,1.0,0.0
8,2007,0.0,1184,1184,2610,2,11,1,2,550,303477,12.62306110407298,3794,2.5,13.5,40,30352,0,0.0,13050,13050,1650.0,1.0,0.0,1.0,0.0,0.0,1.0,1.0,1.0,0.0,0.0,0.0,0.0,1.0,0.0,0.0,1.0
4,1963,0.0,1064,1040,1040,1,5,0,2,648,132250,11.792449349720544,2104,2.0,6.0,20,8416,44,0.0,4160,3120,1944.0,0.0,1.0,1.0,0.0,1.0,0.0,0.0,0.0,0.0,1.0,1.0,1.0,0.0,1.0,0.0,0.0
9,2004,216.0,1462,1462,2224,2,10,1,3,738,350000,12.765688433465597,3686,3.5,12.5,45,33174,5,864.0,11120,11120,2214.0,1.0,0.0,1.0,1.0,0.0,1.0,1.0,1.0,0.0,0.0,0.0,1.0,1.0,0.0,0.0,1.0
5,1961,0.0,1109,1155,1155,1,6,0,2,576,148000,11.904967552746252,2264,2.0,7.0,35,11320,49,0.0,3465,4620,1728.0,0.0,1.0,0.0,0.0,1.0,0.0,0.0,0.0,1.0,0.0,1.0,0.0,0.0,1.0,0.0,0.0
5,1978,90.0,864,864,864,1,6,0,1,336,136500,11.824079893607152,1728,2.0,7.0,40,8640,31,360.0,4320,2592,1008.0,1.0,0.0,0.0,0.0,1.0,0.0,1.0,0.0,0.0,1.0,1.0,1.0,0.0,1.0,0.0,0.0
5,2005,0.0,1090,1090,1090,1,5,0,2,450,157000,11.964001084330445,2180,2.5,6.5,25,10900,2,0.0,4360,3270,1350.0,0.0,1.0,1.0,1.0,0.0,0.0,0.0,0.0,0.0,1.0,1.0,1.0,1.0,0.0,1.0,0.0
7,1990,117.0,1156,1187,1717,2,7,1,2,400,187500,12.141534124392605,2873,2.5,9.5,35,20111,17,468.0,8585,6868,1200.0,1.0,0.0,0.0,0.0,0.0,0.0,1.0,0.0,1.0,0.0,0.0,1.0,0.0,0.0,0.0,1.0
6,1992,0.0,808,808,1593,2,7,1,2,389,178000,12.089538829274222,2401,2.5,9.5,30,14406,17,0.0,6372,4779,1167.0,0.0,1.0,1.0,0.0,0.0,0.0,0.0,0.0,0.0,1.0,0.0,0.0,0.0,0.0,0.0,0.0
4,1912,0.0,795,954,2230,1,10,0,1,440,118500,11.682668239557325,2544,2.0,11.0,20,10176,94,0.0,6690,6690,1320.0,1.0,0.0,1.0,0.0,1.0,0.0,0.0,0.0,0.0,1.0,1.0,0.0,0.0,1.0,0.0,0.0
5,1967,60.0,892,892,892,1,5,0,1,288,100000,11.512925464970229,1784,1.0,6.0,25,8920,42,180.0,2676,2676,864.0,0.0,1.0,0.0,0.0,1.0,0.0,0.0,0.0,0.0,1.0,1.0,1.0,0.0,0.0,0.0,0.0
9,1999,60.0,1698,1709,1709,2,5,1,2,506,328900,12.703509032177148,3407,3.0,7.0,45,30663,9,240.0,8545,6836,1518.0,1.0,0.0,1.0,1.0,0.0,1.0,1.0,0.0,1.0,0.0,0.0,1.0,1.0,0.0,0.0,1.0
5,1959,122.0,1626,1712,1712,2,8,0,2,588,145000,11.884489021402713,3338,2.0,10.0,25,16690,47,366.0,8560,5136,1764.0,0.0,1.0,0.0,0.0,1.0,0.0,1.0,0.0,0.0,1.0,1.0,1.0,1.0,0.0,0.0,0.0
5,1955,0.0,816,872,1393,1,8,0,1,300,135500,11.816726919301892,2209,1.5,9.5,35,11045,53,0.0,4179,4179,900.0,0.0,1.0,1.0,0.0,1.0,0.0,0.0,0.0,0.0,1.0,1.0,1.0,0.0,1.0,1.0,0.0
8,1970,0.0,2217,2217,2217,2,8,1,2,621,268000,12.498742259492994,4434,3.0,10.0,48,35472,37,0.0,11085,8868,1863.0,1.0,0.0,1.0,0.0,1.0,0.0,1.0,0.0,1.0,0.0,0.0,1.0,0.0,1.0,0.0,0.0
6,1953,90.0,1505,1505,1505,1,6,1,2,505,149500,11.915051671812876,3010,2.0,7.0,24,18060,56,270.0,7525,4515,1515.0,0.0,1.0,0.0,0.0,1.0,0.0,1.0,0.0,0.0,1.0,0.0,1.0,0.0,0.0,0.0,0.0
5,1949,0.0,672,672,924,1,6,1,2,576,122900,11.719126295554126,1596,1.0,7.0,35,7980,58,0.0,4620,2772,1728.0,0.0,1.0,0.0,0.0,1.0,0.0,1.0,0.0,0.0,1.0,0.0,0.0,0.0,1.0,0.0,0.0
6,1978,92.0,918,918,1683,2,7,1,2,440,172500,12.058152515453552,2601,2.5,9.5,30,15606,31,276.0,6732,5049,1320.0,0.0,1.0,0.0,0.0,1.0,0.0,0.0,0.0,0.0,1.0,0.0,1.0,0.0,0.0,0.0,0.0
6,1963,0.0,1059,1068,1068,1,6,0,1,264,154500,11.947949375319936,2127,1.5,7.0,48,12762,43,0.0,3204,3204,792.0,0.0,1.0,0.0,0.0,1.0,1.0,0.0,0.0,0.0,1.0,1.0,1.0,0.0,0.0,0.0,0.0
5,1954,0.0,1383,1383,1383,1,6,1,1,354,165000,12.013700752882718,2766,2.0,7.0,25,13830,54,0.0,4149,4149,1062.0,0.0,1.0,1.0,0.0,0.0,0.0,0.0,0.0,0.0,1.0,0.0,1.0,0.0,1.0,0.0,0.0
5,1979,0.0,0,1535,1535,2,8,0,2,400,118858,11.685684782260491,1535,2.0,10.0,25,7675,30,0.0,4605,4605,1200.0,0.0,1.0,0.0,0.0,0.0,0.0,0.0,0.0,0.0,1.0,1.0,1.0,0.0,1.0,0.0,0.0
6,1963,415.0,780,983,1796,1,8,1,2,483,140000,11.84939770159144,2576,2.5,9.5,30,15456,45,1245.0,5388,5388,1449.0,0.0,1.0,0.0,0.0,1.0,0.0,0.0,0.0,0.0,1.0,0.0,1.0,0.0,0.0,0.0,0.0
4,1936,0.0,951,951,951,1,6,0,1,327,106500,11.575900264131617,1902,1.0,7.0,24,7608,70,0.0,4755,2853,981.0,0.0,1.0,0.0,0.0,1.0,0.0,1.0,0.0,0.0,1.0,1.0,0.0,0.0,1.0,1.0,0.0
5,1979,0.0,0,1120,2240,2,12,0,2,528,142953,11.870271183889114,2240,2.0,14.0,25,11200,30,0.0,6720,6720,1584.0,0.0,1.0,0.0,0.0,0.0,0.0,0.0,0.0,0.0,1.0,1.0,0.0,0.0,1.0,0.0,0.0
9,2009,760.0,2330,2364,2364,2,11,2,3,820,611657,13.323926946863102,4694,3.5,13.5,45,42246,1,3800.0,11820,11820,2460.0,0.0,0.0,1.0,1.0,0.0,1.0,1.0,1.0,0.0,0.0,0.0,1.0,1.0,0.0,0.0,1.0
5,1961,0.0,912,1236,1236,1,6,1,1,288,135000,11.813030057420567,2148,1.0,7.0,35,10740,45,0.0,3708,3708,864.0,0.0,1.0,0.0,0.0,1.0,0.0,0.0,0.0,0.0,1.0,0.0,1.0,0.0,1.0,0.0,0.0
4,1971,0.0,858,858,858,1,4,0,1,684,110000,11.608235644774552,1716,1.0,5.0,24,6864,36,0.0,2574,2574,2052.0,0.0,1.0,0.0,0.0,1.0,0.0,0.0,0.0,0.0,1.0,1.0,0.0,0.0,1.0,0.0,0.0
5,1957,0.0,992,1306,1306,1,5,0,1,756,153000,11.938193200374572,2298,2.0,6.0,35,11490,52,0.0,3918,3918,2268.0,0.0,1.0,0.0,0.0,1.0,0.0,0.0,0.0,0.0,1.0,1.0,0.0,0.0,1.0,0.0,0.0
7,2003,0.0,783,807,1509,2,8,1,2,393,180000,12.100712129872347,2292,2.5,10.5,35,16044,3,0.0,7545,6036,1179.0,1.0,0.0,1.0,0.0,0.0,0.0,1.0,0.0,1.0,0.0,0.0,1.0,1.0,0.0,0.0,0.0
7,2006,27.0,1670,1670,1670,2,7,1,3,690,240000,12.388394202324127,3340,2.0,9.0,35,23380,0,108.0,8350,6680,2070.0,1.0,0.0,1.0,0.0,0.0,0.0,1.0,0.0,1.0,0.0,0.0,1.0,0.0,0.0,0.0,0.0
5,1967,75.0,876,902,902,1,6,0,1,288,125500,11.740061037553977,1778,1.0,7.0,30,8890,40,225.0,2706,2706,864.0,0.0,1.0,0.0,0.0,1.0,1.0,0.0,0.0,0.0,1.0,1.0,1.0,0.0,1.0,0.0,0.0
5,1954,110.0,1056,1063,1063,1,6,0,1,280,128000,11.759785542901756,2119,2.0,7.0,25,10595,56,330.0,3189,3189,840.0,0.0,1.0,0.0,0.0,1.0,0.0,0.0,0.0,0.0,1.0,1.0,1.0,0.0,0.0,0.0,0.0
8,2006,208.0,1623,1636,1636,2,8,1,3,865,255000,12.449018824140564,3259,3.0,10.0,40,26072,1,832.0,8180,6544,2595.0,1.0,0.0,1.0,0.0,0.0,1.0,1.0,0.0,1.0,0.0,0.0,1.0,0.0,0.0,0.0,1.0
7,1936,0.0,1017,1020,2057,1,6,1,1,180,250000,12.429216196844385,3074,1.5,7.5,49,21518,70,0.0,8228,8228,360.0,1.0,0.0,0.0,0.0,0.0,0.0,0.0,0.0,1.0,0.0,0.0,1.0,1.0,0.0,0.0,1.0
5,1983,0.0,864,902,902,1,5,0,2,484,131000,11.782952602183288,1766,2.0,6.0,25,8830,23,0.0,2706,2706,1452.0,0.0,1.0,0.0,0.0,0.0,0.0,0.0,0.0,0.0,1.0,1.0,1.0,0.0,1.0,0.0,0.0
6,2005,0.0,742,742,1484,2,8,1,2,390,174000,12.066810578196666,2226,2.5,10.5,30,13356,4,0.0,7420,5936,1170.0,1.0,0.0,1.0,0.0,0.0,0.0,1.0,0.0,1.0,0.0,0.0,1.0,1.0,0.0,0.0,0.0
5,1960,361.0,1105,1105,2274,2,12,0,2,480,154300,11.946654038351252,3379,2.0,14.0,25,16895,50,1083.0,6822,6822,1440.0,0.0,1.0,0.0,0.0,1.0,0.0,0.0,0.0,0.0,1.0,1.0,0.0,0.0,1.0,0.0,0.0
5,1977,0.0,1268,1268,1268,1,5,0,1,252,143500,11.874090314181814,2536,1.5,6.5,35,12680,32,0.0,3804,5072,756.0,0.0,1.0,0.0,0.0,0.0,0.0,0.0,0.0,1.0,0.0,1.0,0.0,0.0,1.0,0.0,0.0
5,1925,0.0,768,1015,1015,1,6,0,1,450,88000,11.385092093460344,1783,1.0,7.0,35,8915,81,0.0,3045,3045,1350.0,0.0,1.0,0.0,0.0,1.0,0.0,0.0,0.0,0.0,1.0,1.0,0.0,0.0,1.0,1.0,0.0
5,1949,0.0,1001,1001,2002,2,8,0,3,871,145000,11.884489021402713,3003,2.0,10.0,30,15015,58,0.0,6006,6006,2613.0,0.0,1.0,0.0,0.0,1.0,0.0,0.0,0.0,0.0,1.0,1.0,0.0,0.0,1.0,0.0,1.0
6,2009,76.0,612,612,1224,2,4,0,2,528,173733,12.065274916913603,1836,2.5,6.5,30,11016,0,304.0,6120,4896,1584.0,1.0,0.0,1.0,0.0,0.0,1.0,1.0,0.0,1.0,0.0,1.0,0.0,0.0,0.0,0.0,1.0
4,1970,80.0,546,546,1092,1,6,0,1,286,75000,11.225243392518449,1638,1.5,7.5,20,6552,37,240.0,2184,3276,858.0,0.0,1.0,0.0,0.0,1.0,0.0,0.0,0.0,0.0,1.0,1.0,1.0,0.0,1.0,1.0,0.0
2,1949,0.0,480,480,480,0,4,0,1,308,35311,10.47194980911048,960,1.0,4.0,6,1920,57,0.0,1440,1440,924.0,0.0,1.0,0.0,0.0,1.0,0.0,0.0,0.0,0.0,1.0,1.0,0.0,0.0,1.0,1.0,0.0
4,1956,0.0,1134,1229,1229,1,6,0,1,284,135000,11.813030057420567,2363,1.0,7.0,24,9452,53,0.0,6145,3687,852.0,0.0,1.0,0.0,0.0,1.0,0.0,1.0,0.0,0.0,1.0,1.0,1.0,0.0,0.0,1.0,0.0
7,1991,0.0,1104,912,2127,2,8,1,3,833,238000,12.380025952653613,3231,3.5,10.5,35,22617,16,0.0,10635,8508,2499.0,1.0,0.0,1.0,1.0,0.0,0.0,1.0,0.0,1.0,0.0,0.0,1.0,0.0,0.0,0.0,0.0
6,1958,0.0,1184,1414,1414,1,6,1,2,601,176500,12.081076155355488,2598,2.0,7.0,48,15588,50,0.0,7070,4242,1803.0,0.0,0.0,0.0,0.0,0.0,0.0,1.0,0.0,0.0,1.0,0.0,1.0,0.0,1.0,0.0,0.0
6,1994,105.0,928,936,1721,2,7,0,2,471,201000,12.211060187041213,2649,3.0,9.5,30,15894,13,420.0,8605,6884,1413.0,1.0,0.0,1.0,0.0,0.0,1.0,1.0,0.0,1.0,0.0,1.0,1.0,0.0,0.0,0.0,0.0
5,1900,0.0,1272,1272,2200,2,9,0,0,0,145900,11.890676734510876,3472,5.0,12.0,35,17360,108,0.0,8800,6600,1452.0,0.0,1.0,0.0,0.0,1.0,0.0,0.0,0.0,0.0,1.0,1.0,0.0,0.0,0.0,1.0,0.0
6,2005,0.0,1316,1316,1316,2,6,1,2,397,169990,12.043494890772816,2632,2.0,8.0,30,15792,1,0.0,6580,5264,1191.0,1.0,0.0,1.0,0.0,0.0,1.0,1.0,0.0,1.0,0.0,0.0,1.0,1.0,0.0,0.0,0.0
6,1993,0.0,1604,1617,1617,2,5,1,2,533,193000,12.170445467887022,3221,3.0,7.0,30,19326,15,0.0,8085,6468,1599.0,1.0,0.0,1.0,0.0,0.0,0.0,1.0,0.0,1.0,0.0,0.0,1.0,0.0,0.0,0.0,0.0
6,1980,157.0,1686,1686,1686,2,7,1,2,612,207500,12.24288661865289,3372,3.0,9.0,36,20232,26,471.0,5058,5058,1836.0,0.0,1.0,0.0,0.0,0.0,0.0,0.0,0.0,0.0,1.0,0.0,1.0,0.0,1.0,0.0,0.0
5,1977,0.0,1126,1126,1126,2,6,0,2,540,175000,12.072541252905651,2252,2.5,8.0,30,11260,31,0.0,3378,5630,1620.0,0.0,1.0,1.0,0.0,0.0,0.0,0.0,1.0,0.0,0.0,1.0,1.0,0.0,0.0,0.0,0.0
8,2003,340.0,1181,1234,2374,2,10,1,3,656,285000,12.560244459250788,3555,2.5,12.5,40,28440,4,1360.0,11870,11870,1968.0,1.0,0.0,1.0,0.0,0.0,0.0,1.0,1.0,0.0,0.0,0.0,0.0,1.0,0.0,0.0,1.0
7,1968,342.0,832,1098,1978,2,9,1,2,486,176000,12.078239274020287,2810,2.5,11.5,35,19670,40,1026.0,7912,5934,1458.0,0.0,1.0,0.0,0.0,1.0,0.0,0.0,0.0,0.0,1.0,0.0,1.0,0.0,0.0,0.0,0.0
8,2001,0.0,1753,1788,1788,2,7,1,2,522,236500,12.373703486914124,3541,2.0,9.0,40,28328,8,0.0,8940,8940,1566.0,1.0,0.0,1.0,0.0,0.0,0.0,1.0,1.0,0.0,0.0,0.0,1.0,0.0,0.0,0.0,0.0
7,1997,285.0,964,993,2236,2,8,1,2,642,222000,12.310432660854415,3200,2.5,10.5,35,22400,9,855.0,8944,8944,1926.0,0.0,1.0,1.0,0.0,0.0,0.0,0.0,0.0,1.0,0.0,0.0,0.0,1.0,0.0,0.0,0.0
8,2007,0.0,1466,1466,1466,2,7,0,3,610,201000,12.211060187041213,2932,2.0,9.0,40,23456,2,0.0,7330,5864,1830.0,1.0,0.0,1.0,0.0,0.0,1.0,1.0,0.0,1.0,0.0,1.0,1.0,1.0,0.0,0.0,1.0
5,1965,0.0,925,925,925,1,5,0,1,429,117500,11.67419361256635,1850,1.5,6.0,30,9250,44,0.0,4625,2775,1287.0,0.0,1.0,0.0,0.0,1.0,0.0,1.0,0.0,0.0,1.0,1.0,0.0,0.0,1.0,0.0,0.0
9,2006,302.0,1905,1905,1905,2,8,1,3,788,320000,12.676076274775909,3810,2.0,10.0,45,34290,1,1510.0,9525,9525,2364.0,0.0,0.0,1.0,1.0,0.0,0.0,1.0,1.0,0.0,0.0,0.0,1.0,1.0,0.0,0.0,1.0
7,2004,210.0,1500,1500,1500,2,6,0,2,570,190000,12.154779351142624,3000,2.0,8.0,35,21000,5,840.0,7500,6000,1710.0,1.0,0.0,1.0,0.0,0.0,1.0,1.0,0.0,1.0,0.0,1.0,1.0,0.0,0.0,0.0,0.0
7,1960,0.0,585,2069,2069,2,9,1,2,505,242000,12.396693005138824,2654,3.0,11.0,49,18578,48,0.0,10345,8276,1515.0,0.0,1.0,0.0,0.0,0.0,1.0,1.0,0.0,1.0,0.0,0.0,1.0,0.0,0.0,0.0,0.0
4,1926,108.0,600,747,747,1,5,0,2,528,79900,11.288531131754366,1347,1.0,6.0,20,5388,80,324.0,2988,2241,1584.0,0.0,1.0,1.0,0.0,0.0,0.0,0.0,0.0,0.0,1.0,1.0,0.0,0.0,1.0,1.0,0.0
7,2003,0.0,1176,1200,1200,2,5,0,2,555,184900,12.127570417375216,2376,3.0,7.0,35,16632,6,0.0,6000,4800,1665.0,1.0,0.0,1.0,0.0,0.0,1.0,1.0,0.0,1.0,0.0,1.0,1.0,0.0,0.0,0.0,0.0
7,2005,0.0,1113,1113,1971,2,8,1,2,689,253000,12.441144767709655,3084,2.5,10.5,35,21588,4,0.0,9855,7884,2067.0,1.0,0.0,1.0,0.0,0.0,1.0,1.0,0.0,1.0,0.0,0.0,1.0,0.0,0.0,0.0,1.0
7,2006,0.0,1391,1391,1962,2,7,0,3,868,239799,12.38755635142507,3353,2.5,9.5,35,23471,0,0.0,9810,7848,2604.0,1.0,0.0,1.0,0.0,0.0,1.0,1.0,0.0,1.0,0.0,1.0,1.0,0.0,0.0,0.0,0.0
7,1940,0.0,1032,1207,2403,2,10,2,1,349,244400,12.406561506279576,3435,2.0,12.0,49,24045,70,0.0,12015,7209,1047.0,0.0,1.0,0.0,0.0,1.0,0.0,1.0,0.0,0.0,1.0,0.0,1.0,0.0,1.0,0.0,0.0
6,1976,0.0,1728,1728,1728,2,8,0,2,574,150900,11.92437264475594,3456,2.0,10.0,30,20736,30,0.0,5184,5184,1722.0,0.0,1.0,0.0,0.0,1.0,0.0,0.0,0.0,0.0,1.0,1.0,1.0,0.0,1.0,0.0,0.0
7,1999,298.0,992,1022,2060,2,8,1,2,390,214000,12.273731294003989,3052,3.5,10.5,35,21364,10,1192.0,10300,8240,1170.0,1.0,0.0,1.0,0.0,0.0,0.0,1.0,0.0,1.0,0.0,0.0,0.0,0.0,0.0,0.0,0.0
4,1977,0.0,1440,1440,1440,2,8,0,0,0,150000,11.918390573078392,2880,4.0,10.0,12,11520,30,0.0,4320,4320,1452.0,0.0,1.0,1.0,0.0,0.0,1.0,0.0,0.0,0.0,1.0,1.0,0.0,0.0,0.0,1.0,0.0
5,1967,0.0,1632,1632,1632,2,8,0,2,576,143000,11.870599909242044,3264,2.0,10.0,20,16320,40,0.0,4896,4896,1728.0,0.0,1.0,0.0,0.0,1.0,0.0,0.0,0.0,0.0,1.0,1.0,1.0,0.0,1.0,0.0,0.0
6,1958,541.0,819,1344,1344,1,7,1,2,525,137500,11.831379196088765,2163,1.5,8.0,36,12978,51,1623.0,5376,5376,1575.0,0.0,1.0,0.0,0.0,1.0,1.0,0.0,0.0,1.0,0.0,0.0,0.0,0.0,0.0,0.0,1.0
5,1890,0.0,1088,1188,1869,1,7,0,2,456,124900,11.73526869611367,2837,1.0,8.0,30,14185,119,0.0,5607,5607,1368.0,0.0,1.0,0.0,0.0,1.0,0.0,0.0,0.0,0.0,1.0,1.0,0.0,0.0,1.0,1.0,0.0
5,1959,128.0,1144,1144,1144,1,6,1,1,796,143000,11.870599909242044,2288,2.0,7.0,30,11440,47,384.0,3432,3432,2388.0,0.0,1.0,0.0,0.0,1.0,0.0,0.0,0.0,0.0,1.0,0.0,1.0,0.0,0.0,0.0,0.0
8,2002,236.0,1616,1629,1629,2,9,1,3,808,270000,12.506177237980513,3245,3.0,11.0,40,25960,5,944.0,8145,6516,2424.0,1.0,0.0,1.0,0.0,0.0,1.0,1.0,0.0,1.0,0.0,0.0,1.0,1.0,0.0,0.0,1.0
7,2002,144.0,936,936,1776,2,7,1,2,474,192500,12.167851432709975,2712,2.5,9.5,35,18984,4,576.0,8880,7104,1422.0,1.0,0.0,1.0,0.0,0.0,0.0,1.0,0.0,1.0,0.0,0.0,1.0,0.0,0.0,0.0,0.0
6,1972,0.0,1161,1381,1381,1,5,1,2,676,197500,12.193493863323312,2542,2.5,6.5,42,15252,38,0.0,4143,5524,2028.0,0.0,1.0,0.0,0.0,1.0,0.0,0.0,0.0,1.0,0.0,0.0,1.0,0.0,0.0,0.0,0.0
5,1950,0.0,864,864,864,1,5,0,2,720,129000,11.76756768334381,1728,2.0,6.0,40,8640,57,0.0,3456,3456,2160.0,0.0,1.0,0.0,0.0,1.0,0.0,0.0,0.0,1.0,0.0,1.0,0.0,0.0,0.0,0.0,0.0
5,1965,0.0,828,965,965,1,6,0,1,300,119900,11.694413341015606,1793,2.0,7.0,25,8965,41,0.0,3860,2895,900.0,0.0,1.0,0.0,0.0,1.0,0.0,0.0,0.0,0.0,1.0,1.0,0.0,0.0,1.0,0.0,0.0
5,1972,0.0,768,768,768,1,5,0,1,396,133900,11.804848531679264,1536,1.5,6.0,40,7680,37,0.0,3072,2304,1188.0,0.0,1.0,0.0,0.0,0.0,1.0,0.0,0.0,0.0,1.0,1.0,0.0,1.0,0.0,0.0,0.0
5,1969,232.0,784,1168,1968,2,7,1,2,530,172000,12.05524975579559,2752,3.0,9.5,20,13760,39,696.0,9840,5904,1590.0,0.0,1.0,0.0,0.0,1.0,0.0,1.0,0.0,0.0,1.0,0.0,1.0,0.0,0.0,0.0,0.0
6,1975,250.0,945,980,980,2,4,0,0,0,127500,11.755871643580615,1925,3.0,6.0,30,11550,31,750.0,2940,2940,1452.0,0.0,1.0,0.0,0.0,0.0,1.0,0.0,0.0,0.0,1.0,1.0,0.0,0.0,0.0,1.0,0.0
6,1946,423.0,979,979,1958,2,8,0,2,492,145000,11.884489021402713,2937,2.0,10.0,36,17622,61,1269.0,5874,5874,1476.0,0.0,1.0,0.0,0.0,0.0,0.0,0.0,0.0,0.0,1.0,1.0,1.0,0.0,1.0,0.0,1.0
6,1980,0.0,561,561,1229,1,5,1,2,462,124000,11.728036844587177,1790,1.5,6.5,36,10740,29,0.0,3687,3687,1386.0,0.0,1.0,0.0,0.0,0.0,0.0,0.0,0.0,0.0,1.0,0.0,1.0,1.0,0.0,0.0,0.0
5,1962,0.0,1057,1057,1057,1,6,0,2,576,132000,11.790557201568507,2114,1.0,7.0,25,10570,45,0.0,3171,3171,1728.0,0.0,1.0,0.0,0.0,1.0,0.0,0.0,0.0,0.0,1.0,1.0,0.0,1.0,0.0,0.0,0.0
7,2003,0.0,1337,1337,1337,2,6,0,2,531,185000,12.128111104060462,2674,3.0,8.0,35,18718,4,0.0,6685,5348,1593.0,1.0,0.0,1.0,0.0,0.0,1.0,1.0,0.0,1.0,0.0,1.0,1.0,0.0,0.0,0.0,0.0
7,1999,0.0,696,696,1416,2,6,0,2,484,155000,11.951180395901384,2112,3.5,8.5,35,14784,11,0.0,7080,5664,1452.0,1.0,0.0,1.0,0.0,0.0,0.0,1.0,0.0,1.0,0.0,1.0,0.0,0.0,1.0,0.0,1.0
5,1958,0.0,858,858,858,1,4,0,0,0,116500,11.665646551987892,1716,2.0,5.0,35,8580,52,0.0,3432,2574,1452.0,0.0,1.0,0.0,0.0,1.0,0.0,0.0,0.0,0.0,1.0,1.0,0.0,0.0,0.0,1.0,0.0
6,1977,424.0,1330,1542,2872,2,11,1,2,619,272000,12.513557345278134,4202,3.5,13.5,42,25212,31,1272.0,8616,8616,1857.0,0.0,1.0,0.0,0.0,0.0,0.0,0.0,0.0,0.0,1.0,0.0,1.0,1.0,0.0,0.0,0.0
6,1976,0.0,804,804,1548,2,7,1,2,440,155000,11.951180395901384,2352,3.5,9.5,36,14112,31,0.0,4644,6192,1320.0,0.0,1.0,0.0,0.0,0.0,0.0,0.0,0.0,1.0,0.0,0.0,0.0,0.0,1.0,0.0,0.0
9,2007,0.0,1800,1800,1800,2,7,0,2,702,239000,12.384218830913648,3600,2.0,9.0,45,32400,2,0.0,9000,9000,2106.0,1.0,0.0,1.0,1.0,0.0,0.0,1.0,1.0,0.0,0.0,1.0,1.0,1.0,0.0,0.0,0.0
7,2002,44.0,817,824,1894,2,8,1,2,510,214900,12.277928082630602,2711,3.5,10.5,35,18977,8,176.0,9470,7576,1530.0,1.0,0.0,1.0,0.0,0.0,1.0,1.0,0.0,1.0,0.0,0.0,0.0,1.0,0.0,0.0,1.0
6,2005,0.0,783,783,1484,2,8,1,2,393,178900,12.09458226949681,2267,2.5,10.5,30,13602,2,0.0,7420,5936,1179.0,1.0,0.0,1.0,0.0,0.0,0.0,1.0,0.0,1.0,0.0,0.0,1.0,1.0,0.0,0.0,0.0
5,1940,0.0,728,976,1308,1,7,2,1,256,160000,11.982929094215963,2036,2.5,8.5,35,10180,69,0.0,6540,3924,768.0,1.0,0.0,0.0,0.0,1.0,0.0,1.0,0.0,0.0,1.0,0.0,0.0,0.0,1.0,0.0,1.0
5,1955,151.0,1098,1098,1098,1,6,0,1,260,135000,11.813030057420567,2196,2.0,7.0,35,10980,53,453.0,3294,3294,780.0,0.0,1.0,0.0,0.0,1.0,0.0,0.0,0.0,0.0,1.0,1.0,1.0,0.0,1.0,0.0,0.0
3,1910,0.0,600,600,968,1,6,0,0,0,37900,10.542706391070515,1568,1.0,7.0,18,4704,99,0.0,1936,2904,1452.0,0.0,1.0,0.0,0.0,1.0,0.0,0.0,0.0,0.0,1.0,1.0,0.0,0.0,0.0,1.0,0.0
6,1958,105.0,588,1095,1095,1,6,0,1,264,140000,11.84939770159144,1683,2.0,7.0,30,10098,48,315.0,3285,3285,792.0,0.0,1.0,0.0,0.0,1.0,0.0,0.0,0.0,0.0,1.0,1.0,1.0,0.0,0.0,0.0,0.0
4,1949,0.0,720,720,1192,1,6,0,0,0,135000,11.813030057420567,1912,1.5,7.5,16,7648,57,0.0,3576,3576,1452.0,0.0,1.0,0.0,0.0,1.0,0.0,0.0,0.0,0.0,1.0,1.0,0.0,0.0,0.0,0.0,0.0
7,2003,106.0,764,764,1626,2,6,0,2,474,173000,12.061046873479915,2390,2.0,8.0,35,16730,6,424.0,8130,6504,1422.0,1.0,0.0,1.0,0.0,0.0,1.0,1.0,0.0,1.0,0.0,1.0,0.0,0.0,0.0,0.0,1.0
6,1979,0.0,918,918,918,2,5,1,1,264,99500,11.507912923146684,1836,2.0,7.0,30,11016,31,0.0,2754,2754,792.0,0.0,1.0,0.0,0.0,0.0,0.0,0.0,0.0,0.0,1.0,0.0,1.0,0.0,1.0,0.0,0.0
7,2007,0.0,1428,1428,1428,2,6,0,2,480,182000,12.111761966058932,2856,2.0,8.0,35,19992,1,0.0,7140,5712,1440.0,1.0,0.0,1.0,0.0,0.0,0.0,1.0,0.0,1.0,0.0,1.0,1.0,1.0,0.0,0.0,1.0
7,1910,0.0,728,1136,2019,1,8,0,2,532,167500,12.028738630247258,2747,1.0,9.0,56,19229,99,0.0,6057,8076,1596.0,0.0,1.0,0.0,0.0,0.0,0.0,0.0,0.0,1.0,0.0,1.0,0.0,0.0,1.0,1.0,0.0
7,2000,0.0,673,673,1382,2,6,0,2,490,165000,12.013700752882718,2055,3.5,8.5,35,14385,6,0.0,6910,5528,1470.0,1.0,0.0,1.0,0.0,0.0,1.0,1.0,0.0,1.0,0.0,1.0,0.0,0.0,1.0,0.0,1.0
4,1923,0.0,440,869,869,1,4,0,0,0,85500,11.356271654924852,1309,1.0,5.0,28,5236,83,0.0,2607,1738,1452.0,0.0,1.0,1.0,0.0,0.0,0.0,0.0,0.0,0.0,0.0,1.0,0.0,0.0,0.0,1.0,0.0
7,2006,0.0,1241,1241,1241,1,4,0,2,569,199900,12.205572520488492,2482,2.5,5.5,35,17374,1,0.0,6205,4964,1707.0,1.0,0.0,1.0,0.0,0.0,1.0,1.0,0.0,1.0,0.0,1.0,1.0,1.0,0.0,0.0,1.0
4,1954,0.0,894,894,894,1,5,0,2,400,110000,11.608235644774552,1788,1.0,6.0,20,7152,53,0.0,4470,2682,1200.0,0.0,1.0,0.0,0.0,1.0,0.0,1.0,0.0,0.0,1.0,1.0,0.0,0.0,1.0,1.0,0.0
5,1963,0.0,1121,1121,1121,1,5,0,2,480,139000,11.842229212112828,2242,2.0,6.0,30,11210,46,0.0,3363,3363,1440.0,0.0,1.0,1.0,0.0,1.0,0.0,0.0,0.0,0.0,1.0,1.0,0.0,0.0,1.0,0.0,0.0
7,1961,210.0,944,999,999,1,6,0,2,588,178400,12.091783499128049,1943,2.0,7.0,63,13601,47,1050.0,3996,4995,1764.0,0.0,0.0,0.0,0.0,1.0,0.0,0.0,1.0,0.0,0.0,1.0,1.0,0.0,0.0,0.0,0.0
8,1998,975.0,1225,1276,2612,2,8,1,3,676,336000,12.72486643894534,3837,3.5,10.5,40,30696,11,3900.0,13060,10448,2028.0,1.0,0.0,1.0,0.0,0.0,1.0,1.0,0.0,1.0,0.0,0.0,1.0,1.0,0.0,0.0,1.0
7,2007,16.0,1266,1266,1266,2,6,1,2,388,159895,11.982272628789678,2532,2.0,8.0,35,17724,1,64.0,6330,5064,1164.0,1.0,0.0,1.0,0.0,0.0,0.0,1.0,0.0,1.0,0.0,0.0,1.0,1.0,0.0,0.0,0.0
8,2002,0.0,1128,1149,2290,2,9,1,2,779,255900,12.45254202214788,3418,2.5,11.5,40,27344,6,0.0,11450,9160,2337.0,1.0,0.0,1.0,0.0,0.0,0.0,1.0,0.0,1.0,0.0,0.0,1.0,0.0,1.0,0.0,0.0
5,1977,0.0,0,1302,1734,2,8,0,2,539,126000,11.744037185933616,1734,2.0,10.0,25,8670,32,0.0,5202,6936,1617.0,0.0,1.0,0.0,0.0,0.0,0.0,0.0,0.0,1.0,0.0,1.0,1.0,0.0,1.0,0.0,0.0
5,1950,0.0,1164,1164,1164,1,5,0,1,240,125000,11.736069016284436,2328,2.0,6.0,25,11640,58,0.0,3492,3492,720.0,0.0,1.0,0.0,0.0,1.0,0.0,0.0,0.0,0.0,1.0,1.0,0.0,0.0,1.0,1.0,0.0
6,1910,0.0,485,1001,1635,1,5,0,1,255,117000,11.669929213779891,2120,1.0,6.0,48,12720,96,0.0,6540,6540,510.0,0.0,1.0,0.0,0.0,1.0,0.0,0.0,0.0,1.0,0.0,1.0,1.0,0.0,1.0,1.0,0.0
9,2009,450.0,1930,1940,1940,2,8,1,3,606,395192,12.88712700173598,3870,3.5,10.5,45,34830,1,2250.0,9700,9700,1818.0,0.0,0.0,1.0,1.0,0.0,1.0,1.0,1.0,0.0,0.0,0.0,1.0,1.0,0.0,0.0,1.0
6,1976,298.0,848,1118,2030,2,8,1,2,551,195000,12.180754837545884,2878,2.5,10.5,36,17268,31,894.0,6090,8120,1653.0,0.0,1.0,0.0,0.0,1.0,0.0,0.0,0.0,1.0,0.0,0.0,1.0,1.0,0.0,0.0,0.0
7,2006,0.0,770,778,1576,2,6,0,2,614,197000,12.190959007720126,2346,2.5,8.5,35,16422,0,0.0,7880,6304,1842.0,1.0,0.0,1.0,0.0,0.0,0.0,1.0,0.0,1.0,0.0,1.0,1.0,0.0,0.0,0.0,1.0
8,1997,423.0,1396,1407,2392,2,7,1,3,870,348000,12.759957758756611,3788,3.5,9.5,40,30304,9,1692.0,11960,9568,2610.0,1.0,0.0,1.0,0.0,0.0,1.0,1.0,0.0,1.0,0.0,0.0,1.0,1.0,0.0,0.0,1.0
8,1882,0.0,916,916,1742,1,8,1,2,424,168000,12.031719258385396,2658,1.5,9.5,72,21264,127,0.0,6968,6968,1272.0,1.0,0.0,0.0,0.0,1.0,0.0,0.0,0.0,1.0,0.0,0.0,1.0,0.0,1.0,1.0,0.0
6,1964,340.0,822,1020,1851,2,7,1,2,440,187000,12.138863895836725,2673,2.5,9.5,48,16038,43,1020.0,7404,7404,1320.0,0.0,1.0,0.0,0.0,1.0,0.0,0.0,0.0,1.0,0.0,0.0,1.0,0.0,0.0,0.0,0.0
6,2005,0.0,750,750,1500,2,6,0,2,564,173900,12.066235700342377,2250,2.5,8.5,30,13500,1,0.0,7500,6000,1692.0,0.0,1.0,1.0,0.0,0.0,0.0,1.0,0.0,1.0,0.0,1.0,1.0,0.0,0.0,0.0,0.0
10,2006,230.0,1700,1718,1718,2,7,1,3,786,337500,12.729320789294722,3418,3.0,9.0,50,34180,3,1150.0,8590,8590,2358.0,0.0,0.0,1.0,1.0,0.0,1.0,1.0,1.0,0.0,0.0,0.0,1.0,1.0,0.0,0.0,1.0
4,1946,0.0,747,774,1230,1,5,0,1,305,121600,11.708492248514204,1977,2.5,6.5,28,7908,60,0.0,3690,3690,915.0,0.0,1.0,0.0,0.0,1.0,0.0,0.0,0.0,0.0,1.0,1.0,0.0,0.0,1.0,1.0,0.0
5,1961,0.0,1050,1050,1050,1,6,0,1,368,136500,11.824079893607152,2100,2.0,7.0,30,10500,45,0.0,3150,3150,1104.0,0.0,1.0,0.0,0.0,1.0,0.0,0.0,0.0,0.0,1.0,1.0,1.0,0.0,1.0,0.0,0.0
6,1970,571.0,1442,1442,1442,2,6,1,2,615,185000,12.128111104060462,2884,2.0,8.0,36,17304,39,1713.0,4326,4326,1845.0,0.0,1.0,0.0,0.0,1.0,0.0,0.0,0.0,0.0,1.0,0.0,1.0,0.0,0.0,0.0,0.0
3,1922,0.0,1007,1077,1077,1,6,1,1,210,91000,11.418614785498988,2084,1.0,7.0,12,6252,84,0.0,2154,3231,630.0,0.0,1.0,0.0,0.0,1.0,0.0,0.0,0.0,0.0,1.0,0.0,0.0,0.0,1.0,1.0,0.0
7,2006,24.0,1187,1208,1208,2,6,0,2,632,206000,12.235631447771718,2395,3.0,8.0,35,16765,4,96.0,6040,4832,1896.0,1.0,0.0,1.0,0.0,0.0,1.0,1.0,0.0,1.0,0.0,1.0,1.0,0.0,0.0,0.0,0.0
3,1952,0.0,0,944,944,1,4,0,2,528,82000,11.314474526246393,944,1.0,5.0,9,2832,57,0.0,1888,1888,1584.0,0.0,1.0,0.0,0.0,0.0,0.0,0.0,0.0,0.0,0.0,1.0,0.0,0.0,1.0,1.0,0.0
5,1920,0.0,691,691,691,1,4,0,1,216,86000,11.362102575235644,1382,1.0,5.0,30,6910,87,0.0,3455,3455,432.0,0.0,1.0,0.0,0.0,0.0,0.0,1.0,1.0,0.0,0.0,1.0,0.0,0.0,1.0,1.0,0.0
8,2006,53.0,1574,1574,1574,2,7,1,3,824,232000,12.354492650648448,3148,2.0,9.0,40,25184,2,212.0,7870,6296,2472.0,1.0,0.0,1.0,0.0,0.0,1.0,1.0,0.0,1.0,0.0,0.0,1.0,0.0,0.0,0.0,1.0
5,1976,164.0,1680,1680,1680,2,8,0,2,528,136905,11.827042533619087,3360,2.0,10.0,30,16800,31,492.0,3360,5040,1584.0,0.0,1.0,0.0,0.0,1.0,0.0,0.0,0.0,0.0,1.0,1.0,0.0,0.0,1.0,0.0,0.0
7,2005,16.0,1346,1504,1504,2,7,1,2,457,181000,12.106252310247962,2850,2.0,9.0,35,19950,4,64.0,7520,6016,1371.0,1.0,0.0,1.0,0.0,0.0,1.0,1.0,0.0,1.0,0.0,0.0,1.0,1.0,0.0,0.0,0.0
5,1977,220.0,985,985,985,2,6,0,1,328,149900,11.917723684090689,1970,2.0,8.0,40,9850,31,880.0,2955,2955,984.0,1.0,0.0,0.0,0.0,0.0,1.0,0.0,0.0,0.0,1.0,1.0,1.0,0.0,1.0,0.0,0.0
6,1970,0.0,1657,1657,1657,2,7,1,2,484,163500,12.004568269319446,3314,2.5,9.0,18,19884,37,0.0,6628,4971,1452.0,0.0,1.0,0.0,0.0,0.0,0.0,0.0,0.0,0.0,1.0,0.0,1.0,0.0,1.0,0.0,0.0
4,1970,0.0,546,546,1092,1,6,0,1,286,88000,11.385092093460344,1638,1.5,7.5,16,6552,39,0.0,3276,3276,858.0,0.0,1.0,0.0,0.0,1.0,0.0,0.0,0.0,0.0,1.0,1.0,1.0,0.0,0.0,1.0,0.0
7,2004,108.0,1710,1710,1710,2,7,1,2,550,240000,12.388394202324127,3420,2.0,9.0,35,23940,5,432.0,8550,6840,1650.0,1.0,0.0,1.0,1.0,0.0,0.0,1.0,0.0,1.0,0.0,0.0,1.0,1.0,0.0,0.0,0.0
5,1926,0.0,1008,1008,1522,2,7,0,0,0,102000,11.532728092266408,2016,2.0,9.0,25,10080,80,0.0,7610,4566,1452.0,0.0,1.0,0.0,0.0,1.0,0.0,1.0,0.0,0.0,1.0,1.0,0.0,0.0,0.0,0.0,0.0
5,1948,0.0,720,720,1271,2,7,1,1,312,135000,11.813030057420567,1991,2.0,9.0,25,9955,60,0.0,3813,3813,936.0,0.0,1.0,0.0,0.0,1.0,0.0,0.0,0.0,0.0,1.0,0.0,1.0,0.0,1.0,0.0,0.0
5,1965,0.0,0,1664,1664,2,8,0,0,0,100000,11.512925464970229,1664,2.0,10.0,25,8320,45,0.0,4992,4992,1452.0,0.0,1.0,0.0,0.0,0.0,0.0,0.0,0.0,0.0,1.0,1.0,0.0,0.0,0.0,1.0,0.0
6,1923,0.0,602,900,1502,1,7,2,1,180,165000,12.013700752882718,2104,1.5,8.5,42,12624,84,0.0,4506,6008,540.0,0.0,1.0,1.0,0.0,1.0,0.0,0.0,0.0,1.0,0.0,0.0,0.0,0.0,1.0,0.0,1.0
5,1910,0.0,1022,1022,1022,1,4,0,1,280,85000,11.350406535472452,2044,2.0,5.0,20,10220,99,0.0,3066,3066,840.0,0.0,1.0,0.0,0.0,1.0,0.0,0.0,0.0,0.0,1.0,1.0,0.0,0.0,1.0,1.0,0.0
6,1948,206.0,1082,1082,1082,1,5,1,1,240,119200,11.688558033613386,2164,1.0,6.0,30,12984,59,618.0,3246,3246,720.0,0.0,1.0,0.0,0.0,1.0,0.0,0.0,0.0,0.0,1.0,0.0,0.0,0.0,1.0,0.0,0.0
8,2001,0.0,810,810,1665,2,6,0,2,528,227000,12.33270529646354,2475,3.5,8.5,48,19800,8,0.0,8325,6660,1584.0,1.0,0.0,1.0,0.0,0.0,1.0,1.0,0.0,1.0,0.0,1.0,1.0,1.0,0.0,0.0,0.0
7,1996,196.0,1504,1504,1504,2,6,1,2,478,203000,12.220961258023925,3008,3.0,8.0,35,21056,13,784.0,7520,6016,1434.0,1.0,0.0,1.0,0.0,0.0,1.0,1.0,0.0,1.0,0.0,0.0,1.0,1.0,0.0,0.0,0.0
8,1984,0.0,1220,1360,1360,1,4,1,2,565,187500,12.141534124392605,2580,2.0,5.0,40,20640,25,0.0,5440,5440,1695.0,1.0,0.0,0.0,0.0,0.0,1.0,0.0,0.0,1.0,0.0,0.0,1.0,0.0,0.0,0.0,1.0
7,1991,76.0,384,802,1472,2,7,1,2,402,160000,11.982929094215963,1856,2.5,9.5,35,12992,16,304.0,5888,5888,1206.0,1.0,0.0,1.0,0.0,0.0,0.0,0.0,0.0,1.0,0.0,0.0,1.0,0.0,0.0,0.0,0.0
7,2005,145.0,1362,1506,1506,2,6,1,2,440,213490,12.27134527214637,2868,2.0,8.0,35,20076,1,580.0,7530,6024,1320.0,1.0,0.0,1.0,0.0,0.0,1.0,1.0,0.0,1.0,0.0,0.0,1.0,1.0,0.0,0.0,0.0
4,2005,0.0,1132,1132,1132,1,5,0,2,451,176000,12.078239274020287,2264,2.5,6.5,20,9056,3,0.0,5660,4528,1353.0,0.0,1.0,1.0,0.0,0.0,1.0,1.0,0.0,1.0,0.0,1.0,1.0,1.0,0.0,1.0,0.0
7,2006,84.0,1199,1220,1220,2,6,0,2,632,194000,12.175613438045463,2419,3.0,8.0,35,16933,0,336.0,6100,4880,1896.0,1.0,0.0,1.0,0.0,0.0,1.0,1.0,0.0,1.0,0.0,1.0,1.0,0.0,0.0,0.0,0.0
5,1930,0.0,912,912,1248,1,6,0,1,160,87000,11.37366339763672,2160,1.0,7.0,25,10800,77,0.0,4992,3744,320.0,0.0,1.0,0.0,0.0,1.0,0.0,0.0,0.0,0.0,1.0,1.0,0.0,0.0,1.0,1.0,0.0
7,2005,14.0,1346,1504,1504,2,7,1,2,437,191000,12.160028707028768,2850,2.0,9.0,35,19950,3,56.0,7520,6016,1311.0,1.0,0.0,1.0,0.0,0.0,1.0,1.0,0.0,1.0,0.0,0.0,1.0,1.0,0.0,0.0,0.0
8,1976,0.0,1565,2898,2898,2,10,1,2,665,287000,12.567237494741756,4463,3.0,12.0,48,35704,32,0.0,8694,11592,1995.0,1.0,0.0,0.0,0.0,0.0,0.0,0.0,0.0,1.0,0.0,0.0,1.0,1.0,0.0,0.0,1.0
5,1972,0.0,882,882,882,1,5,0,2,461,112500,11.630708500626612,1764,2.0,6.0,25,8820,35,0.0,2646,2646,1383.0,0.0,1.0,0.0,0.0,1.0,0.0,0.0,0.0,0.0,1.0,1.0,0.0,0.0,1.0,0.0,0.0
5,1960,324.0,1268,1264,1264,1,6,2,2,461,167500,12.028738630247258,2532,2.0,7.0,25,12660,50,972.0,3792,3792,1383.0,0.0,1.0,0.0,0.0,1.0,0.0,0.0,0.0,0.0,1.0,0.0,1.0,0.0,1.0,0.0,0.0
8,2007,338.0,1638,1646,1646,2,7,1,3,800,293077,12.588190652108503,3284,3.0,9.0,40,26272,1,1352.0,8230,6584,2400.0,1.0,0.0,1.0,0.0,0.0,1.0,1.0,0.0,1.0,0.0,0.0,1.0,0.0,0.0,0.0,1.0
5,1941,0.0,768,968,1376,1,6,1,1,240,105000,11.56171562913966,2144,2.0,7.0,25,10720,66,0.0,4128,4128,720.0,0.0,1.0,0.0,0.0,1.0,0.0,0.0,0.0,0.0,1.0,0.0,1.0,0.0,1.0,0.0,0.0
6,1972,281.0,672,672,1218,1,7,0,1,264,118000,11.6784399034478,1890,2.0,8.5,42,11340,34,843.0,4872,3654,792.0,0.0,1.0,0.0,0.0,1.0,0.0,0.0,0.0,0.0,1.0,1.0,0.0,0.0,1.0,1.0,0.0
5,1916,0.0,686,948,1928,2,10,0,0,0,160000,11.982929094215963,2614,2.0,12.0,40,13070,90,0.0,7712,5784,1452.0,0.0,1.0,1.0,0.0,1.0,0.0,0.0,0.0,0.0,1.0,1.0,0.0,0.0,0.0,0.0,0.0
7,1920,0.0,824,1687,3082,2,12,2,2,672,197000,12.190959007720126,3509,3.5,14.5,21,24563,89,0.0,15410,9246,2016.0,0.0,1.0,0.0,0.0,1.0,1.0,1.0,0.0,0.0,1.0,0.0,0.0,1.0,0.0,0.0,0.0
8,1993,0.0,1338,1352,2520,2,10,1,3,796,310000,12.644327576461327,3858,3.5,12.5,56,30864,13,0.0,12600,10080,2388.0,1.0,0.0,1.0,0.0,0.0,1.0,1.0,0.0,1.0,0.0,0.0,1.0,0.0,0.0,0.0,1.0
7,2002,295.0,1654,1654,1654,2,6,0,3,900,230000,12.345834587905332,3308,3.0,8.0,35,23156,4,1180.0,8270,6616,2700.0,1.0,0.0,1.0,0.0,0.0,1.0,1.0,0.0,1.0,0.0,1.0,1.0,0.0,1.0,0.0,0.0
5,1938,0.0,920,954,954,1,5,1,1,240,119750,11.69316151527316,1874,1.0,6.0,35,9370,69,0.0,4770,1908,480.0,0.0,1.0,1.0,0.0,0.0,0.0,1.0,0.0,0.0,0.0,0.0,0.0,0.0,1.0,0.0,1.0
4,1957,0.0,0,845,845,1,5,0,1,290,84000,11.33857207782545,845,1.0,6.0,12,3380,52,0.0,4225,2535,870.0,0.0,1.0,0.0,0.0,0.0,0.0,1.0,0.0,0.0,1.0,1.0,0.0,0.0,1.0,1.0,0.0
9,2007,70.0,1620,1620,1620,2,6,1,3,912,315500,12.661913960963403,3240,3.0,8.0,45,29160,2,280.0,8100,8100,2736.0,1.0,0.0,1.0,1.0,0.0,1.0,1.0,1.0,0.0,0.0,0.0,1.0,1.0,0.0,0.0,1.0
8,2001,396.0,1055,1055,2263,2,7,1,2,905,287000,12.567237494741756,3318,2.5,9.5,40,26544,7,1584.0,11315,9052,2715.0,1.0,0.0,1.0,0.0,0.0,0.0,1.0,0.0,1.0,0.0,0.0,0.0,1.0,0.0,0.0,0.0
4,1970,0.0,546,798,1344,1,6,1,0,0,97000,11.48246625748552,1890,1.5,7.5,24,7560,39,0.0,4032,4032,1452.0,0.0,1.0,0.0,0.0,1.0,0.0,0.0,0.0,0.0,1.0,0.0,0.0,0.0,0.0,1.0,0.0
4,1970,0.0,630,630,630,1,3,0,1,286,80000,11.289781913656018,1260,2.0,4.0,16,5040,39,0.0,1890,1890,858.0,0.0,1.0,0.0,0.0,0.0,1.0,0.0,0.0,0.0,1.0,1.0,1.0,0.0,1.0,1.0,0.0
5,1957,67.0,1134,1803,1803,2,8,1,2,484,155000,11.951180395901384,2937,3.0,10.0,20,14685,49,201.0,9015,5409,1452.0,0.0,1.0,0.0,0.0,1.0,0.0,1.0,0.0,0.0,1.0,0.0,1.0,0.0,0.0,0.0,0.0
6,1966,252.0,800,800,1632,1,7,0,2,484,173000,12.061046873479915,2432,2.0,8.5,48,14592,42,756.0,6528,6528,1452.0,0.0,1.0,0.0,0.0,1.0,1.0,0.0,0.0,1.0,0.0,1.0,1.0,0.0,1.0,0.0,0.0
6,2005,135.0,1306,1306,1306,2,5,1,2,624,196000,12.185869938212656,2612,3.0,7.0,30,15672,4,540.0,6530,5224,1872.0,1.0,0.0,1.0,0.0,0.0,0.0,1.0,0.0,1.0,0.0,0.0,1.0,0.0,0.0,0.0,1.0
7,1990,99.0,1475,1532,2329,2,10,1,2,514,262280,12.477167914377556,3804,3.5,12.5,35,26628,18,297.0,11645,9316,1542.0,0.0,1.0,1.0,0.0,0.0,1.0,1.0,0.0,1.0,0.0,0.0,1.0,0.0,1.0,0.0,0.0
8,1981,0.0,2524,2524,2524,2,9,1,2,542,278000,12.535376392672774,5048,3.5,11.5,40,40384,28,0.0,7572,10096,1626.0,1.0,0.0,1.0,0.0,0.0,0.0,0.0,0.0,1.0,0.0,0.0,1.0,1.0,0.0,0.0,0.0
3,1955,0.0,0,1733,1733,2,8,1,2,452,139600,11.84653646931041,1733,2.0,10.0,15,5199,54,0.0,8665,5199,1356.0,0.0,1.0,0.0,0.0,0.0,0.0,1.0,0.0,0.0,1.0,0.0,1.0,0.0,1.0,1.0,0.0
9,2005,208.0,1992,1992,2868,3,11,1,3,716,556581,13.229567991666638,4860,3.5,14.5,45,43740,1,832.0,14340,14340,2148.0,1.0,0.0,1.0,1.0,0.0,1.0,1.0,1.0,0.0,0.0,0.0,0.0,1.0,0.0,0.0,1.0
5,1994,0.0,990,990,990,1,5,0,2,672,145000,11.884489021402713,1980,1.5,6.0,25,9900,14,0.0,4950,2970,2016.0,0.0,1.0,1.0,0.0,0.0,1.0,1.0,0.0,0.0,1.0,1.0,0.0,0.0,1.0,0.0,0.0
5,1960,75.0,0,1771,1771,1,9,1,2,336,115000,11.652687407345388,1771,1.0,10.0,20,8855,49,225.0,5313,5313,1008.0,0.0,1.0,0.0,0.0,0.0,0.0,0.0,0.0,0.0,1.0,0.0,1.0,0.0,1.0,0.0,0.0
4,1946,0.0,0,930,930,1,6,0,1,308,84900,11.34922937229944,930,1.0,7.0,28,3720,64,0.0,4650,3720,924.0,0.0,1.0,0.0,0.0,0.0,0.0,1.0,0.0,1.0,0.0,1.0,0.0,0.0,1.0,1.0,0.0
7,2007,0.0,1302,1302,1302,2,6,0,2,436,176485,12.080991165908294,2604,2.0,8.0,35,18228,0,0.0,6510,5208,1308.0,1.0,0.0,1.0,0.0,0.0,0.0,1.0,0.0,1.0,0.0,1.0,1.0,1.0,0.0,0.0,0.0
7,2007,0.0,1316,1316,1316,2,6,1,2,440,200141,12.206777397134411,2632,2.0,8.0,35,18424,0,0.0,6580,5264,1320.0,1.0,0.0,1.0,0.0,0.0,0.0,1.0,0.0,1.0,0.0,0.0,1.0,1.0,0.0,0.0,0.0
6,1964,272.0,816,1127,1977,1,9,1,2,540,165000,12.013700752882718,2793,2.0,10.5,36,16758,43,816.0,5931,5931,1620.0,0.0,1.0,0.0,0.0,1.0,0.0,0.0,0.0,0.0,1.0,0.0,1.0,0.0,0.0,0.0,0.0
5,1957,145.0,1216,1526,1526,1,7,1,1,364,144500,11.881034786534624,2742,1.0,8.0,30,13710,53,435.0,7630,4578,1092.0,0.0,1.0,0.0,0.0,1.0,0.0,1.0,0.0,0.0,1.0,0.0,0.0,0.0,1.0,1.0,0.0
8,2002,210.0,1065,1091,1989,2,7,1,2,586,255000,12.449018824140564,3054,3.5,9.5,40,24432,4,840.0,9945,7956,1758.0,1.0,0.0,1.0,0.0,0.0,1.0,1.0,0.0,1.0,0.0,0.0,1.0,1.0,0.0,0.0,0.0
6,1976,160.0,1193,1523,1523,2,7,1,2,478,180000,12.100712129872347,2716,2.5,9.0,30,16296,32,480.0,4569,4569,1434.0,0.0,1.0,0.0,0.0,0.0,0.0,0.0,0.0,0.0,1.0,0.0,1.0,1.0,0.0,0.0,0.0
7,2005,240.0,1364,1364,1364,2,6,1,2,484,185850,12.1326951757254,2728,3.0,8.0,35,19096,1,960.0,6820,5456,1452.0,1.0,0.0,1.0,0.0,0.0,1.0,1.0,0.0,1.0,0.0,0.0,1.0,0.0,0.0,0.0,1.0
7,1994,0.0,973,979,1850,2,7,1,2,467,248000,12.421184025147118,2823,2.5,9.5,42,19761,15,0.0,9250,7400,1401.0,1.0,0.0,1.0,0.0,0.0,1.0,1.0,0.0,1.0,0.0,0.0,0.0,1.0,0.0,0.0,1.0
9,2008,154.0,1104,1130,2184,2,10,1,3,836,335000,12.721885810807205,3288,3.5,12.5,45,29592,1,770.0,10920,10920,2508.0,0.0,0.0,1.0,1.0,0.0,1.0,1.0,1.0,0.0,0.0,0.0,1.0,1.0,0.0,0.0,1.0
6,1932,480.0,854,1096,1991,1,7,1,2,432,220000,12.301382825334498,2845,1.5,8.5,42,17070,75,1440.0,5973,5973,1296.0,0.0,1.0,0.0,0.0,1.0,0.0,0.0,0.0,0.0,1.0,0.0,0.0,0.0,1.0,0.0,1.0
8,2001,0.0,1338,1338,1338,2,6,0,2,582,213500,12.271392111650815,2676,3.0,8.0,40,21408,9,0.0,6690,5352,1746.0,1.0,0.0,1.0,0.0,0.0,1.0,1.0,0.0,1.0,0.0,1.0,1.0,1.0,0.0,0.0,1.0
3,1935,0.0,894,894,894,1,6,0,3,1248,81000,11.302204433654577,1788,1.0,7.0,12,5364,73,0.0,2682,2682,3744.0,0.0,0.0,0.0,0.0,1.0,0.0,0.0,0.0,0.0,1.0,1.0,0.0,0.0,0.0,1.0,0.0
5,1900,0.0,662,1422,2337,2,10,0,2,560,90000,11.407564949312402,2999,2.0,12.0,25,14995,107,0.0,7011,7011,1680.0,0.0,1.0,0.0,0.0,1.0,0.0,0.0,0.0,0.0,1.0,1.0,0.0,0.0,1.0,1.0,0.0
6,1925,0.0,1103,1103,1103,1,5,1,2,440,110500,11.612770799939945,2206,1.0,6.0,36,13236,81,0.0,4412,4412,1320.0,0.0,1.0,0.0,0.0,1.0,0.0,0.0,0.0,1.0,0.0,0.0,0.0,0.0,1.0,1.0,0.0
5,1966,200.0,1154,1154,1154,1,6,1,2,480,154000,11.944707881395766,2308,1.5,7.5,30,11540,43,600.0,5770,3462,1440.0,0.0,1.0,0.0,0.0,1.0,0.0,1.0,0.0,0.0,1.0,0.0,1.0,0.0,0.0,0.0,0.0
7,1996,0.0,1306,1306,2260,2,7,0,2,533,328000,12.70076888736628,3566,3.5,9.5,35,24962,14,0.0,11300,9040,1599.0,1.0,0.0,1.0,1.0,0.0,1.0,1.0,0.0,1.0,0.0,1.0,1.0,0.0,0.0,0.0,0.0
6,1993,0.0,799,799,1571,2,7,1,2,380,178000,12.089538829274222,2370,2.5,9.5,42,14220,16,0.0,6284,4713,1140.0,1.0,0.0,1.0,0.0,0.0,0.0,0.0,0.0,0.0,1.0,0.0,1.0,0.0,0.0,0.0,0.0
6,1964,360.0,780,798,1611,1,7,0,2,442,167900,12.031123843065632,2391,2.5,8.5,36,14346,44,1080.0,4833,4833,1326.0,0.0,1.0,0.0,0.0,1.0,1.0,0.0,0.0,0.0,1.0,1.0,1.0,0.0,0.0,0.0,0.0
6,1973,0.0,942,1291,2521,2,10,1,2,576,151400,11.927680619985486,3463,3.5,12.5,24,20778,33,0.0,10084,7563,1728.0,0.0,1.0,0.0,0.0,0.0,0.0,0.0,0.0,0.0,1.0,0.0,1.0,1.0,0.0,1.0,0.0
5,1949,0.0,845,893,893,1,4,0,2,576,135000,11.813030057420567,1738,1.5,5.0,35,8690,58,0.0,2679,3572,1728.0,0.0,1.0,0.0,0.0,1.0,0.0,0.0,0.0,1.0,0.0,1.0,0.0,0.0,1.0,0.0,0.0
5,1956,120.0,1048,1048,1048,1,6,0,1,286,135000,11.813030057420567,2096,2.0,7.0,25,10480,51,360.0,3144,3144,858.0,0.0,1.0,0.0,0.0,1.0,0.0,0.0,0.0,0.0,1.0,1.0,1.0,0.0,1.0,0.0,0.0
6,1968,0.0,727,829,1556,1,8,0,2,441,154000,11.944707881395766,2283,1.5,9.5,36,13698,41,0.0,7780,4668,1323.0,0.0,1.0,0.0,0.0,1.0,0.0,1.0,0.0,0.0,1.0,1.0,1.0,0.0,1.0,0.0,0.0
5,1948,0.0,810,1002,1456,1,7,1,1,280,91500,11.424094251263613,2266,2.5,8.0,15,11330,58,0.0,2912,4368,840.0,0.0,1.0,0.0,0.0,0.0,0.0,0.0,0.0,0.0,1.0,0.0,0.0,0.0,1.0,1.0,0.0
6,1977,140.0,690,698,1426,1,6,0,2,440,159500,11.979799201207037,2116,1.5,7.5,36,12696,32,420.0,4278,4278,1320.0,0.0,1.0,0.0,0.0,1.0,0.0,0.0,0.0,0.0,1.0,1.0,1.0,1.0,0.0,1.0,0.0
7,2006,0.0,1240,1240,1240,2,5,0,3,826,194000,12.175613438045463,2480,2.0,7.0,35,17360,1,0.0,6200,4960,2478.0,1.0,0.0,1.0,0.0,0.0,0.0,1.0,0.0,1.0,0.0,1.0,1.0,0.0,0.0,0.0,0.0
7,1940,0.0,800,960,1740,1,6,2,1,240,219500,12.299107511497365,2540,1.5,7.5,42,17780,67,0.0,5220,5220,720.0,0.0,1.0,0.0,0.0,1.0,0.0,0.0,0.0,0.0,1.0,0.0,1.0,0.0,1.0,0.0,1.0
5,1936,0.0,796,1096,1466,2,7,1,2,566,170000,12.0435537160324,2262,2.5,9.0,40,11310,70,0.0,5864,5864,1698.0,0.0,1.0,0.0,0.0,0.0,0.0,0.0,0.0,1.0,0.0,0.0,1.0,0.0,1.0,1.0,0.0
5,1969,0.0,1096,1096,1096,1,6,0,1,299,138800,11.84078932705484,2192,2.0,7.0,25,10960,37,0.0,5480,3288,897.0,0.0,1.0,0.0,0.0,1.0,0.0,1.0,0.0,0.0,1.0,1.0,1.0,1.0,0.0,0.0,0.0
6,2004,169.0,848,848,848,1,3,1,2,420,155900,11.956970055045868,1696,2.0,4.0,30,10176,2,676.0,4240,3392,1260.0,1.0,0.0,1.0,0.0,0.0,1.0,1.0,0.0,1.0,0.0,0.0,1.0,0.0,0.0,0.0,0.0
5,1994,0.0,990,990,990,1,5,0,1,299,126000,11.744037185933616,1980,1.0,6.0,25,9900,13,0.0,3960,2970,897.0,0.0,1.0,1.0,0.0,0.0,1.0,0.0,0.0,0.0,1.0,1.0,1.0,0.0,1.0,0.0,0.0
6,1971,144.0,1258,1258,1258,2,5,0,2,528,145000,11.884489021402713,2516,2.5,7.0,42,15096,37,576.0,6290,5032,1584.0,1.0,0.0,0.0,0.0,1.0,0.0,1.0,0.0,1.0,0.0,1.0,1.0,0.0,0.0,0.0,0.0
5,1963,0.0,1040,1040,1040,1,5,0,1,308,133000,11.79810440720389,2080,2.5,6.5,25,10400,47,0.0,2080,3120,924.0,0.0,1.0,0.0,0.0,1.0,0.0,0.0,0.0,0.0,1.0,1.0,1.0,1.0,0.0,0.0,0.0
7,2002,100.0,1459,1459,1459,2,6,1,2,527,192000,12.165250651009918,2918,2.0,8.0,35,20426,5,400.0,7295,5836,1581.0,1.0,0.0,1.0,0.0,0.0,0.0,1.0,0.0,1.0,0.0,0.0,1.0,0.0,0.0,0.0,0.0
6,1964,425.0,1251,1251,1251,1,6,2,1,461,160000,11.982929094215963,2502,2.0,7.0,36,15012,42,1275.0,3753,3753,1383.0,0.0,1.0,0.0,0.0,1.0,0.0,0.0,0.0,0.0,1.0,0.0,1.0,0.0,0.0,0.0,0.0
6,1995,0.0,691,691,1498,2,6,1,2,409,187500,12.141534124392605,2189,2.5,8.5,30,13134,11,0.0,5992,4494,1227.0,0.0,1.0,1.0,0.0,0.0,0.0,0.0,0.0,0.0,1.0,0.0,1.0,1.0,0.0,0.0,0.0
6,1992,0.0,936,996,996,1,5,0,2,564,147000,11.898187865760873,1932,2.0,6.0,36,11592,18,0.0,4980,3984,1692.0,0.0,1.0,1.0,0.0,0.0,1.0,1.0,0.0,1.0,0.0,1.0,1.0,0.0,1.0,0.0,0.0
4,1973,0.0,546,546,1092,1,6,0,1,286,83500,11.332601910838946,1638,1.5,7.5,20,6552,37,0.0,3276,3276,858.0,0.0,1.0,0.0,0.0,1.0,0.0,0.0,0.0,0.0,1.0,1.0,1.0,0.0,0.0,1.0,0.0
8,2005,0.0,1082,1082,1953,2,9,1,3,1043,252000,12.43718436649356,3035,2.5,11.5,40,24280,4,0.0,9765,7812,3129.0,1.0,0.0,1.0,0.0,0.0,0.0,1.0,0.0,1.0,0.0,0.0,1.0,0.0,0.0,0.0,1.0
7,2004,50.0,970,970,1709,2,7,0,2,380,137500,11.831379196088765,2679,2.0,9.0,35,18753,2,200.0,8545,6836,1140.0,1.0,0.0,1.0,0.0,0.0,0.0,1.0,0.0,1.0,0.0,1.0,0.0,0.0,1.0,1.0,0.0
8,2005,0.0,1247,1247,1247,1,4,1,2,550,197000,12.190959007720126,2494,2.5,5.5,40,19952,1,0.0,6235,4988,1650.0,1.0,0.0,1.0,0.0,0.0,1.0,1.0,0.0,1.0,0.0,0.0,1.0,1.0,0.0,0.0,1.0
3,1950,0.0,0,1040,1040,2,6,0,2,400,92900,11.439278924801927,1040,2.0,8.0,12,3120,59,0.0,2080,3120,1200.0,0.0,1.0,0.0,0.0,0.0,0.0,0.0,0.0,0.0,1.0,1.0,0.0,0.0,1.0,0.0,0.0
7,1999,212.0,600,624,1252,2,4,0,2,462,160000,11.982929094215963,1852,3.5,6.5,35,12964,9,848.0,6260,5008,1386.0,1.0,0.0,1.0,0.0,0.0,0.0,1.0,0.0,1.0,0.0,1.0,0.0,0.0,1.0,0.0,1.0
6,1925,0.0,1181,1390,1694,2,7,1,2,576,136500,11.824079893607152,2875,2.0,9.0,30,17250,83,0.0,3388,5082,1728.0,0.0,1.0,1.0,0.0,1.0,0.0,0.0,0.0,0.0,1.0,0.0,0.0,0.0,1.0,0.0,0.0
5,1965,166.0,864,1200,1200,1,6,0,2,884,146000,11.891361900690471,2064,2.5,7.5,40,10320,41,498.0,4800,4800,2652.0,0.0,1.0,0.0,0.0,1.0,1.0,0.0,0.0,1.0,0.0,1.0,0.0,0.0,1.0,0.0,0.0
5,1956,0.0,936,936,936,1,4,0,1,308,129000,11.76756768334381,1872,2.0,5.0,35,9360,54,0.0,4680,2808,924.0,0.0,1.0,0.0,0.0,1.0,0.0,1.0,0.0,0.0,1.0,1.0,1.0,1.0,0.0,0.0,0.0
6,2006,0.0,1314,1314,1314,2,6,1,2,440,176432,12.08069081199846,2628,2.0,8.0,30,15768,1,0.0,5256,5256,1320.0,1.0,0.0,1.0,0.0,0.0,1.0,0.0,0.0,1.0,0.0,0.0,1.0,0.0,0.0,0.0,0.0
6,1914,0.0,684,773,1355,1,7,0,0,0,127000,11.751942365440728,2039,1.5,8.5,42,12234,93,0.0,4065,5420,1452.0,0.0,1.0,1.0,0.0,1.0,0.0,0.0,0.0,1.0,0.0,1.0,0.0,0.0,0.0,1.0,0.0
8,1986,0.0,1074,1088,1088,1,5,0,2,461,170000,12.0435537160324,2162,1.5,6.5,40,17296,21,0.0,5440,4352,1383.0,1.0,0.0,0.0,0.0,0.0,0.0,1.0,0.0,1.0,0.0,1.0,1.0,0.0,0.0,0.0,1.0
4,1936,0.0,672,757,1324,1,6,0,1,240,128000,11.759785542901756,1996,1.0,7.0,24,7984,73,0.0,3972,3972,720.0,0.0,1.0,0.0,0.0,1.0,0.0,0.0,0.0,0.0,1.0,1.0,0.0,0.0,1.0,1.0,0.0
7,1978,206.0,1271,1601,1601,2,7,1,2,478,157000,11.964001084330445,2872,2.0,9.0,35,20104,31,618.0,4803,4803,1434.0,0.0,1.0,0.0,0.0,0.0,0.0,0.0,0.0,0.0,1.0,0.0,1.0,0.0,0.0,0.0,0.0
2,1920,0.0,290,438,438,1,3,0,1,246,60000,11.002099841204238,728,1.0,4.0,10,1456,89,0.0,1314,876,738.0,0.0,1.0,0.0,0.0,1.0,0.0,0.0,0.0,0.0,0.0,1.0,0.0,0.0,1.0,0.0,0.0
5,1971,0.0,950,950,950,1,5,0,1,280,119500,11.691071650353702,1900,1.0,6.0,25,9500,36,0.0,2850,2850,840.0,0.0,1.0,0.0,0.0,1.0,0.0,0.0,0.0,0.0,1.0,1.0,0.0,0.0,1.0,0.0,0.0
5,1960,45.0,1010,1134,1134,1,6,0,1,254,135000,11.813030057420567,2144,1.0,7.0,35,10720,47,135.0,5670,3402,762.0,0.0,1.0,0.0,0.0,1.0,0.0,1.0,0.0,0.0,1.0,1.0,1.0,0.0,0.0,0.0,0.0
6,1959,0.0,655,1194,1194,1,6,1,2,539,159500,11.979799201207037,1849,1.5,7.0,36,11094,47,0.0,5970,3582,1617.0,0.0,1.0,0.0,0.0,1.0,0.0,1.0,0.0,0.0,1.0,0.0,0.0,1.0,0.0,0.0,0.0
5,1970,304.0,630,630,1302,2,6,0,2,440,106000,11.571194373094205,1932,2.5,8.5,25,9660,37,912.0,3906,3906,1320.0,0.0,1.0,0.0,0.0,1.0,0.0,0.0,0.0,0.0,1.0,1.0,0.0,0.0,1.0,1.0,0.0
8,1994,362.0,1463,1500,2622,2,9,2,2,712,325000,12.691580461311874,4085,3.5,11.5,40,32680,16,1448.0,13110,10488,2136.0,1.0,0.0,1.0,1.0,0.0,1.0,1.0,0.0,1.0,0.0,0.0,1.0,0.0,0.0,0.0,1.0
7,1990,0.0,910,1442,1442,2,6,1,2,719,179900,12.100156419938624,2352,3.0,8.0,35,16464,17,0.0,5768,5768,2157.0,1.0,0.0,1.0,0.0,0.0,1.0,0.0,0.0,1.0,0.0,0.0,1.0,1.0,0.0,0.0,0.0
7,2006,0.0,868,887,2021,2,9,1,2,422,274725,12.523525876315125,2889,2.5,11.5,35,20223,0,0.0,10105,8084,1266.0,1.0,0.0,1.0,1.0,0.0,0.0,1.0,0.0,1.0,0.0,0.0,0.0,0.0,0.0,0.0,0.0
6,2000,0.0,924,948,1690,2,7,1,2,463,181000,12.106252310247962,2614,2.5,9.5,30,15684,7,0.0,8450,5070,1389.0,0.0,1.0,1.0,0.0,0.0,0.0,1.0,0.0,0.0,1.0,0.0,1.0,0.0,0.0,0.0,0.0
8,2004,42.0,1836,1836,1836,2,7,1,3,862,280000,12.542544882151386,3672,3.0,9.0,40,29376,5,168.0,9180,7344,2586.0,1.0,0.0,1.0,1.0,0.0,1.0,1.0,0.0,1.0,0.0,0.0,1.0,1.0,0.0,0.0,1.0
6,1995,0.0,773,773,1658,2,8,1,2,431,188000,12.144197241812089,2431,3.5,10.5,30,14586,13,0.0,6632,4974,1293.0,0.0,1.0,1.0,0.0,0.0,1.0,0.0,0.0,0.0,1.0,0.0,1.0,1.0,0.0,0.0,0.0
7,1976,660.0,803,1098,1964,2,8,1,2,483,205000,12.230765258120543,2767,2.5,10.5,42,19369,32,1980.0,5892,5892,1449.0,0.0,1.0,0.0,0.0,1.0,0.0,0.0,0.0,0.0,1.0,0.0,1.0,0.0,0.0,0.0,0.0
5,1957,0.0,816,816,816,1,5,0,1,308,129900,11.77452020265869,1632,2.0,6.0,35,8160,49,0.0,2448,2448,924.0,0.0,1.0,0.0,0.0,1.0,1.0,0.0,0.0,0.0,1.0,1.0,0.0,0.0,1.0,0.0,0.0
5,1953,0.0,1008,1008,1008,1,6,0,1,240,134500,11.809319478024031,2016,2.0,7.0,35,10080,54,0.0,4032,4032,720.0,0.0,1.0,0.0,0.0,1.0,0.0,0.0,0.0,1.0,0.0,1.0,1.0,0.0,1.0,0.0,0.0
5,1954,0.0,833,833,833,1,4,0,1,326,117000,11.669929213779891,1666,1.0,5.0,35,8330,52,0.0,4165,3332,978.0,0.0,1.0,0.0,0.0,1.0,0.0,1.0,0.0,1.0,0.0,1.0,0.0,0.0,1.0,1.0,0.0
8,2007,328.0,1734,1734,1734,2,7,1,3,928,318000,12.669806661762314,3468,3.0,9.0,40,27744,0,1312.0,8670,8670,2784.0,1.0,0.0,1.0,1.0,0.0,1.0,1.0,1.0,0.0,0.0,0.0,1.0,0.0,0.0,0.0,1.0
8,2002,0.0,408,779,1419,2,7,1,2,527,184100,12.123234367221167,1827,3.5,9.5,40,14616,7,0.0,7095,5676,1581.0,1.0,0.0,1.0,0.0,0.0,1.0,1.0,0.0,1.0,0.0,0.0,0.0,1.0,0.0,0.0,0.0
5,1967,0.0,894,894,894,1,5,0,2,450,130000,11.77528972943772,1788,2.0,6.0,35,8940,41,0.0,4470,3576,1350.0,0.0,1.0,0.0,0.0,1.0,0.0,1.0,0.0,1.0,0.0,1.0,1.0,0.0,0.0,0.0,0.0
5,1958,0.0,533,1021,1601,1,6,0,1,300,140000,11.84939770159144,2134,1.5,7.0,30,10670,50,0.0,4803,4803,900.0,0.0,1.0,0.0,0.0,1.0,0.0,0.0,0.0,0.0,1.0,1.0,0.0,0.0,0.0,0.0,0.0
5,1959,0.0,1040,1040,1040,1,6,0,1,286,133700,11.803353763090035,2080,1.0,7.0,25,10400,47,0.0,3120,3120,858.0,0.0,1.0,0.0,0.0,1.0,0.0,0.0,0.0,0.0,1.0,1.0,1.0,0.0,0.0,0.0,0.0
6,1920,0.0,1012,1012,1012,1,6,1,1,308,118400,11.681824001432044,2024,1.0,7.0,30,12144,87,0.0,3036,3036,924.0,0.0,1.0,0.0,0.0,1.0,0.0,0.0,0.0,0.0,1.0,0.0,0.0,0.0,1.0,1.0,0.0
7,2005,196.0,1552,1552,1552,2,7,0,3,782,212900,12.26857785088157,3104,2.0,9.0,35,21728,1,784.0,7760,6208,2346.0,1.0,0.0,1.0,0.0,0.0,1.0,1.0,0.0,1.0,0.0,1.0,1.0,0.0,0.0,0.0,0.0
4,1956,0.0,672,960,960,1,5,0,1,288,112000,11.626254150277232,1632,1.0,6.0,12,6528,53,0.0,4800,2880,864.0,0.0,1.0,0.0,0.0,1.0,0.0,1.0,0.0,0.0,1.0,1.0,0.0,0.0,1.0,1.0,0.0
5,1947,0.0,698,698,698,1,4,0,0,0,118000,11.6784399034478,1396,1.5,5.0,45,6980,62,0.0,3490,2094,1452.0,0.0,1.0,0.0,0.0,1.0,0.0,1.0,0.0,0.0,1.0,1.0,0.0,0.0,0.0,1.0,0.0
7,1992,170.0,384,812,1482,2,7,1,2,392,163900,12.00701176473192,1866,2.5,9.5,35,13062,15,510.0,5928,5928,1176.0,0.0,1.0,1.0,0.0,0.0,0.0,0.0,0.0,1.0,0.0,0.0,1.0,1.0,0.0,0.0,0.0
4,1955,0.0,1005,1005,1005,1,5,1,2,672,115000,11.652687407345388,2010,1.0,6.0,20,8040,54,0.0,3015,2010,1344.0,0.0,1.0,0.0,0.0,1.0,0.0,0.0,0.0,0.0,0.0,0.0,0.0,0.0,1.0,0.0,0.0
7,2007,130.0,1373,1555,1555,2,7,1,3,660,174000,12.066810578196666,2928,2.0,9.0,35,20496,2,520.0,7775,6220,1980.0,1.0,0.0,1.0,0.0,0.0,0.0,1.0,0.0,1.0,0.0,0.0,1.0,1.0,0.0,0.0,0.0
7,2004,0.0,1530,1530,1530,2,7,1,3,630,259000,12.464583340681674,3060,3.0,9.0,35,21420,3,0.0,7650,6120,1890.0,1.0,0.0,1.0,0.0,0.0,1.0,1.0,0.0,1.0,0.0,0.0,1.0,1.0,0.0,0.0,0.0
7,2004,0.0,847,847,1959,2,8,1,2,434,215000,12.2783933071098,2806,2.5,10.5,35,19642,3,0.0,9795,7836,1302.0,1.0,0.0,1.0,0.0,0.0,0.0,1.0,0.0,1.0,0.0,0.0,0.0,1.0,0.0,0.0,0.0
5,1980,180.0,936,936,936,1,4,0,2,672,140000,11.84939770159144,1872,2.0,5.0,25,9360,27,540.0,2808,2808,2016.0,0.0,1.0,0.0,0.0,0.0,1.0,0.0,0.0,0.0,1.0,1.0,0.0,0.0,1.0,1.0,0.0
4,1928,0.0,1122,1328,1981,2,7,2,2,576,135000,11.813030057420567,3103,3.0,9.0,12,12412,81,0.0,5943,7924,1728.0,0.0,1.0,0.0,0.0,1.0,0.0,0.0,0.0,1.0,0.0,0.0,0.0,0.0,1.0,0.0,0.0
5,1991,0.0,974,974,974,1,5,0,0,0,93500,11.44571671527678,1948,1.0,6.0,25,9740,16,0.0,2922,2922,1452.0,0.0,1.0,1.0,0.0,0.0,0.0,0.0,0.0,0.0,1.0,1.0,0.0,0.0,0.0,0.0,0.0
6,1880,0.0,1008,1178,2210,2,8,0,1,205,117500,11.67419361256635,3218,2.0,10.0,24,19308,127,0.0,6630,4420,410.0,0.0,1.0,0.0,0.0,1.0,0.0,0.0,0.0,0.0,0.0,1.0,0.0,0.0,1.0,1.0,0.0
8,1995,0.0,1128,1142,2020,2,8,1,2,466,239500,12.386308695833106,3148,2.5,10.5,40,25184,14,0.0,10100,8080,1398.0,1.0,0.0,1.0,0.0,0.0,1.0,1.0,0.0,1.0,0.0,0.0,1.0,0.0,0.0,0.0,0.0
6,1997,0.0,916,916,1600,2,7,1,2,460,169000,12.037653993905211,2516,2.5,9.5,30,15096,10,0.0,6400,4800,1380.0,0.0,1.0,1.0,0.0,0.0,0.0,0.0,0.0,0.0,1.0,0.0,1.0,1.0,0.0,0.0,0.0
6,1926,0.0,960,986,986,1,5,1,1,180,102000,11.532728092266408,1946,1.0,6.0,30,11676,81,0.0,2958,2958,540.0,0.0,1.0,0.0,0.0,1.0,0.0,0.0,0.0,0.0,1.0,0.0,0.0,0.0,1.0,1.0,0.0
6,1950,0.0,1032,1032,1252,1,6,0,1,288,119000,11.686878772093667,2284,1.0,7.0,30,13704,58,0.0,3756,3756,864.0,0.0,1.0,0.0,0.0,1.0,0.0,0.0,0.0,0.0,1.0,1.0,1.0,0.0,1.0,0.0,0.0
5,1875,0.0,780,780,1020,1,6,0,0,0,94000,11.451050061252142,1800,1.0,7.0,40,9000,135,0.0,4080,3060,1452.0,0.0,1.0,0.0,0.0,1.0,0.0,0.0,0.0,0.0,1.0,1.0,0.0,0.0,0.0,0.0,0.0
6,1977,0.0,1567,1567,1567,2,5,2,2,714,196000,12.185869938212656,3134,3.0,7.0,30,18804,32,0.0,4701,6268,2142.0,0.0,1.0,1.0,0.0,1.0,0.0,0.0,0.0,1.0,0.0,0.0,1.0,0.0,0.0,0.0,0.0
5,1920,0.0,915,1167,1167,1,6,1,2,495,144000,11.877568578558138,2082,1.0,7.0,25,10410,87,0.0,3501,3501,1485.0,0.0,1.0,0.0,0.0,1.0,0.0,0.0,0.0,0.0,1.0,0.0,0.0,0.0,1.0,1.0,0.0
5,1951,0.0,952,952,952,1,4,0,2,840,139000,11.842229212112828,1904,2.0,5.0,35,9520,57,0.0,2856,2856,2520.0,0.0,1.0,0.0,0.0,1.0,0.0,0.0,0.0,0.0,1.0,1.0,0.0,0.0,1.0,0.0,0.0
5,1976,44.0,780,1088,1868,2,9,1,2,484,197500,12.193493863323312,2648,3.5,11.5,35,13240,33,132.0,9340,7472,1452.0,0.0,1.0,0.0,0.0,1.0,0.0,1.0,0.0,1.0,0.0,0.0,1.0,0.0,1.0,0.0,0.0
8,2006,340.0,1466,1466,2828,3,11,1,3,1052,424870,12.959538518762065,4294,4.0,14.0,40,34352,1,1360.0,14140,11312,3156.0,1.0,0.0,1.0,1.0,0.0,1.0,1.0,0.0,1.0,0.0,0.0,0.0,0.0,0.0,0.0,0.0
5,1959,0.0,1006,1006,1006,1,5,0,0,0,80000,11.289781913656018,2012,1.0,6.0,15,10060,49,0.0,3018,3018,1452.0,0.0,1.0,0.0,0.0,1.0,1.0,0.0,0.0,0.0,1.0,1.0,0.0,0.0,0.0,0.0,0.0
4,1941,0.0,672,672,924,1,5,0,1,280,80000,11.289781913656018,1596,2.0,6.0,16,6384,69,0.0,1848,1848,840.0,0.0,1.0,0.0,0.0,0.0,0.0,0.0,0.0,0.0,0.0,1.0,0.0,0.0,1.0,1.0,0.0
5,1928,0.0,1042,1042,1576,1,8,1,1,225,149000,11.911701584927595,2618,1.0,9.0,30,13090,78,0.0,7880,4728,675.0,0.0,1.0,0.0,0.0,1.0,0.0,1.0,0.0,0.0,1.0,0.0,0.0,0.0,1.0,1.0,0.0
6,1985,85.0,1298,1298,1298,2,5,1,2,403,180000,12.100712129872347,2596,3.0,7.0,30,15576,21,340.0,3894,5192,1209.0,1.0,0.0,0.0,0.0,0.0,1.0,0.0,0.0,1.0,0.0,0.0,1.0,0.0,1.0,0.0,0.0
7,1941,0.0,704,860,1564,1,7,1,1,234,174500,12.069680020624618,2268,1.5,8.5,49,15876,68,0.0,7820,3128,702.0,0.0,1.0,0.0,0.0,1.0,0.0,1.0,0.0,0.0,0.0,0.0,1.0,0.0,1.0,0.0,1.0
7,1926,0.0,572,572,1111,1,5,1,1,288,116900,11.66907414746016,1683,1.0,6.0,49,11781,82,0.0,3333,3333,864.0,0.0,1.0,1.0,0.0,1.0,0.0,0.0,0.0,0.0,1.0,0.0,0.0,0.0,1.0,1.0,0.0
7,1920,0.0,650,832,1482,1,7,0,2,324,143000,11.870599909242044,2132,1.5,8.0,63,14924,89,0.0,7410,4446,972.0,0.0,1.0,1.0,0.0,1.0,0.0,1.0,0.0,0.0,1.0,1.0,0.0,0.0,1.0,1.0,0.0
6,1950,0.0,932,932,932,1,4,1,1,306,124000,11.728036844587177,1864,1.0,5.0,30,11184,57,0.0,4660,3728,918.0,0.0,1.0,0.0,0.0,1.0,0.0,1.0,0.0,1.0,0.0,0.0,1.0,0.0,1.0,0.0,0.0
5,1959,132.0,1466,1466,1466,1,6,2,2,528,149900,11.917723684090689,2932,1.5,7.5,20,14660,47,396.0,4398,2932,1584.0,0.0,1.0,0.0,0.0,1.0,0.0,0.0,0.0,0.0,0.0,0.0,1.0,1.0,0.0,1.0,0.0
6,1956,0.0,1073,1811,1811,1,6,1,2,470,230000,12.345834587905332,2884,1.0,7.0,42,17304,50,0.0,9055,9055,1410.0,0.0,1.0,1.0,0.0,1.0,0.0,1.0,1.0,0.0,0.0,0.0,1.0,1.0,0.0,0.0,1.0
6,1930,0.0,816,816,816,1,5,0,1,432,120500,11.699405031912846,1632,1.0,6.0,48,9792,78,0.0,4080,2448,1296.0,1.0,0.0,0.0,0.0,1.0,0.0,1.0,0.0,0.0,1.0,1.0,0.0,0.0,1.0,1.0,0.0
7,1965,288.0,864,902,1820,1,8,2,2,492,201800,12.215032386901646,2684,2.0,10.0,42,18788,43,864.0,5460,7280,1476.0,0.0,1.0,0.0,0.0,1.0,0.0,0.0,0.0,1.0,0.0,0.0,1.0,0.0,1.0,0.0,0.0
5,1976,0.0,1437,1437,1437,2,6,1,2,528,218000,12.292250341771226,2874,3.0,8.0,40,14370,31,0.0,4311,5748,1584.0,1.0,0.0,0.0,0.0,0.0,0.0,0.0,0.0,1.0,0.0,0.0,1.0,0.0,0.0,0.0,1.0
5,1965,0.0,1219,1265,1265,2,6,1,2,502,179900,12.100156419938624,2484,2.5,8.0,40,12420,43,0.0,5060,5060,1506.0,0.0,1.0,1.0,0.0,1.0,0.0,0.0,0.0,1.0,0.0,0.0,1.0,0.0,0.0,0.0,0.0
7,2007,166.0,1314,1314,1314,2,6,1,2,626,230000,12.345834587905332,2628,3.0,8.0,35,18396,2,664.0,6570,5256,1878.0,1.0,0.0,1.0,0.0,0.0,1.0,1.0,0.0,1.0,0.0,0.0,1.0,0.0,0.0,0.0,1.0
8,2007,186.0,1580,1580,1580,2,7,0,3,830,235128,12.367885325692589,3160,2.0,9.0,40,25280,1,744.0,7900,6320,2490.0,1.0,0.0,1.0,0.0,0.0,0.0,1.0,0.0,1.0,0.0,1.0,1.0,0.0,0.0,0.0,1.0
6,1974,270.0,901,943,1876,2,8,1,2,540,185000,12.128111104060462,2777,2.5,10.5,36,16662,34,1080.0,5628,7504,2160.0,1.0,0.0,0.0,0.0,1.0,0.0,0.0,0.0,1.0,0.0,0.0,1.0,0.0,0.0,0.0,0.0
6,1978,0.0,855,855,1456,2,7,1,2,440,146000,11.891361900690471,2311,2.5,9.5,30,13866,32,0.0,2912,4368,1320.0,0.0,1.0,0.0,0.0,0.0,0.0,0.0,0.0,0.0,1.0,0.0,1.0,0.0,1.0,0.0,0.0
6,1954,72.0,1296,1640,1640,1,7,1,2,924,224000,12.319401330837175,2936,2.0,8.0,42,17616,54,288.0,8200,6560,2772.0,1.0,0.0,0.0,0.0,1.0,0.0,1.0,0.0,1.0,0.0,0.0,0.0,0.0,1.0,0.0,1.0
5,1968,0.0,894,894,894,1,5,1,2,450,129000,11.76756768334381,1788,1.0,6.0,25,8940,39,0.0,3576,2682,1350.0,0.0,1.0,0.0,0.0,0.0,0.0,0.0,0.0,0.0,1.0,0.0,1.0,1.0,0.0,0.0,0.0
4,1969,0.0,1198,1258,1258,0,6,0,2,400,108959,11.598726943661342,2456,3.0,7.0,16,9824,39,0.0,3774,3774,800.0,0.0,1.0,0.0,0.0,0.0,1.0,0.0,0.0,0.0,1.0,1.0,0.0,0.0,1.0,0.0,0.0
5,1978,0.0,1360,1432,1432,1,5,1,2,588,194000,12.175613438045463,2792,2.5,6.5,35,13960,29,0.0,7160,5728,1764.0,0.0,1.0,1.0,0.0,0.0,0.0,1.0,0.0,1.0,0.0,0.0,1.0,0.0,1.0,0.0,1.0
7,2009,268.0,1502,1502,1502,2,7,0,2,644,233170,12.359523080243038,3004,2.0,9.0,35,21028,0,1072.0,7510,6008,1932.0,1.0,0.0,1.0,0.0,0.0,0.0,1.0,0.0,1.0,0.0,1.0,1.0,0.0,0.0,0.0,1.0
8,2008,72.0,1694,1694,1694,2,7,0,3,776,245350,12.41044104151805,3388,2.0,9.0,40,27104,2,288.0,8470,6776,2328.0,1.0,0.0,1.0,0.0,0.0,0.0,1.0,0.0,1.0,0.0,1.0,1.0,0.0,0.0,0.0,0.0
6,2000,0.0,959,959,1671,2,7,1,2,472,173000,12.061046873479915,2630,3.5,9.5,30,15780,6,0.0,8355,5013,1416.0,0.0,1.0,1.0,0.0,0.0,1.0,1.0,0.0,0.0,1.0,0.0,1.0,1.0,0.0,0.0,0.0
6,1935,0.0,1127,1236,2108,2,7,2,2,540,235000,12.367340793126296,3235,2.0,9.0,42,19410,73,0.0,10540,8432,1620.0,0.0,1.0,0.0,0.0,1.0,0.0,1.0,0.0,1.0,0.0,0.0,0.0,0.0,1.0,1.0,0.0
10,1995,1378.0,1930,1831,3627,3,10,1,3,807,625000,13.34550692871854,5557,4.5,13.5,50,55570,11,5512.0,18135,14508,2421.0,1.0,0.0,1.0,1.0,0.0,1.0,1.0,0.0,1.0,0.0,0.0,1.0,1.0,0.0,0.0,1.0
6,1977,0.0,1096,1118,1118,1,6,1,1,358,171000,12.049418835484795,2214,2.0,7.0,36,13284,31,0.0,3354,3354,1074.0,0.0,1.0,0.0,0.0,1.0,0.0,0.0,0.0,0.0,1.0,0.0,1.0,1.0,0.0,0.0,0.0
6,1958,0.0,1261,1261,1261,1,6,1,2,433,163000,12.0015054797889,2522,2.0,7.0,36,15132,50,0.0,6305,3783,1299.0,0.0,1.0,0.0,0.0,1.0,0.0,1.0,0.0,0.0,1.0,0.0,1.0,0.0,0.0,0.0,0.0
7,2006,0.0,625,625,1250,2,5,0,2,625,171900,12.05466819137094,1875,2.5,7.5,35,13125,2,0.0,6250,5000,1875.0,1.0,0.0,1.0,0.0,0.0,0.0,1.0,0.0,1.0,0.0,1.0,0.0,1.0,0.0,0.0,1.0
5,1946,0.0,1598,1636,3086,3,12,1,0,0,200500,12.20856952572876,4205,3.0,15.0,30,21025,61,0.0,9258,15430,1452.0,0.0,1.0,0.0,0.0,1.0,0.0,0.0,1.0,0.0,0.0,0.0,0.0,0.0,0.0,0.0,0.0
6,1932,0.0,952,1170,2345,2,9,1,2,360,239000,12.384218830913648,3297,2.5,11.5,48,19782,74,0.0,7035,7035,1080.0,0.0,1.0,0.0,0.0,0.0,0.0,0.0,0.0,0.0,1.0,0.0,0.0,0.0,1.0,0.0,1.0
8,1992,337.0,1683,2129,2872,2,9,1,2,541,285000,12.560244459250788,4555,2.5,11.5,40,36440,15,1348.0,14360,11488,1623.0,1.0,0.0,1.0,0.0,0.0,1.0,1.0,0.0,1.0,0.0,0.0,1.0,1.0,0.0,0.0,1.0
5,1984,0.0,876,923,923,1,5,0,1,264,119500,11.691071650353702,1799,2.0,6.0,25,8995,24,0.0,2769,2769,792.0,0.0,1.0,0.0,0.0,1.0,0.0,0.0,0.0,0.0,1.0,1.0,1.0,0.0,1.0,0.0,0.0
6,1926,0.0,818,818,1224,1,5,0,1,210,115000,11.652687407345388,2042,1.0,6.0,48,12252,83,0.0,3672,3672,630.0,0.0,1.0,0.0,0.0,1.0,0.0,0.0,0.0,0.0,1.0,1.0,0.0,0.0,1.0,1.0,0.0
5,1921,0.0,731,820,1343,1,7,1,1,186,154900,11.95053502640496,2074,1.5,8.5,30,10370,88,0.0,6715,4029,372.0,0.0,1.0,0.0,0.0,1.0,0.0,1.0,0.0,0.0,1.0,0.0,0.0,0.0,1.0,0.0,1.0
5,1954,0.0,0,1124,1124,1,5,1,0,0,93000,11.440354772135391,1124,1.0,6.0,25,5620,52,0.0,4496,3372,1452.0,0.0,1.0,0.0,0.0,0.0,0.0,0.0,0.0,0.0,1.0,0.0,0.0,0.0,0.0,1.0,0.0
7,1990,0.0,1216,1298,2514,2,8,0,2,693,250000,12.429216196844385,3730,2.5,10.5,35,26110,16,0.0,12570,7542,2079.0,0.0,1.0,0.0,0.0,0.0,0.0,1.0,0.0,0.0,1.0,1.0,1.0,1.0,0.0,0.0,1.0
8,2008,186.0,1600,1652,1652,2,5,1,2,482,392500,12.8802918162046,3252,3.5,7.0,40,26016,0,930.0,8260,6608,1446.0,0.0,0.0,1.0,1.0,0.0,1.0,1.0,0.0,1.0,0.0,0.0,1.0,1.0,0.0,0.0,1.0
10,1996,0.0,2396,2411,4476,3,10,2,3,813,745000,13.521139497361697,6872,4.5,13.5,50,68720,11,0.0,22380,22380,2439.0,1.0,0.0,1.0,1.0,0.0,1.0,1.0,1.0,0.0,0.0,0.0,1.0,1.0,0.0,0.0,1.0
5,1920,0.0,1120,1130,1130,1,5,1,2,720,120000,11.695247021764184,2250,2.0,6.0,30,11250,86,0.0,5650,3390,2160.0,0.0,1.0,0.0,0.0,1.0,0.0,1.0,0.0,0.0,1.0,0.0,0.0,0.0,1.0,1.0,0.0
5,1963,226.0,1572,1572,1572,1,5,2,3,995,186700,12.137258329529814,3144,2.5,6.5,20,15720,44,678.0,6288,4716,2985.0,0.0,1.0,0.0,0.0,1.0,0.0,0.0,0.0,0.0,1.0,0.0,0.0,0.0,0.0,0.0,1.0
5,1924,0.0,784,949,1221,1,7,0,1,392,104900,11.560762794384388,2005,2.0,8.0,35,10025,82,0.0,4884,3663,1176.0,0.0,1.0,0.0,0.0,1.0,0.0,0.0,0.0,0.0,1.0,1.0,1.0,0.0,1.0,1.0,0.0
3,1900,0.0,978,1014,1699,2,7,0,2,420,95000,11.461632170582678,2677,3.0,9.0,15,8031,109,0.0,5097,5097,840.0,0.0,1.0,0.0,0.0,0.0,0.0,0.0,0.0,0.0,1.0,1.0,0.0,0.0,1.0,1.0,0.0
8,1994,0.0,1624,1624,1624,2,5,1,3,757,262000,12.476099782743232,3248,3.0,7.0,40,25984,12,0.0,8120,6496,2271.0,1.0,0.0,1.0,0.0,0.0,1.0,1.0,0.0,1.0,0.0,0.0,1.0,0.0,0.0,0.0,1.0
7,2002,95.0,831,831,1660,2,7,0,2,493,195000,12.180754837545884,2491,2.5,9.5,35,17437,7,380.0,8300,6640,1479.0,1.0,0.0,1.0,0.0,0.0,0.0,1.0,0.0,1.0,0.0,1.0,1.0,0.0,0.0,0.0,0.0
7,1999,0.0,994,1028,1804,2,7,1,2,442,189000,12.14950229404178,2798,2.5,9.5,35,19586,11,0.0,7216,7216,1326.0,0.0,1.0,1.0,0.0,1.0,0.0,0.0,0.0,1.0,0.0,0.0,1.0,1.0,0.0,0.0,0.0
4,1961,149.0,1249,1622,1622,1,7,1,4,1356,168000,12.031719258385396,2871,2.0,8.0,16,11484,46,447.0,8110,4866,4068.0,0.0,1.0,0.0,0.0,1.0,0.0,1.0,0.0,0.0,1.0,0.0,0.0,1.0,0.0,0.0,0.0
8,1999,456.0,776,764,1441,2,5,0,2,492,174000,12.066810578196666,2217,2.5,7.5,40,17736,8,1824.0,7205,5764,1476.0,1.0,0.0,1.0,0.0,0.0,0.0,1.0,0.0,1.0,0.0,1.0,0.0,0.0,1.0,0.0,1.0
5,1925,0.0,702,842,1472,1,6,0,1,250,125000,11.736069016284436,2174,1.0,7.0,40,10870,82,0.0,5888,5888,750.0,0.0,1.0,1.0,0.0,1.0,0.0,0.0,0.0,1.0,0.0,1.0,0.0,0.0,1.0,1.0,0.0
6,1999,425.0,1224,1224,1224,2,5,0,2,402,165000,12.013700752882718,2448,3.0,7.0,30,14688,10,1275.0,6120,3672,1206.0,0.0,1.0,1.0,1.0,0.0,1.0,1.0,0.0,0.0,1.0,1.0,1.0,1.0,0.0,0.0,0.0
6,1969,143.0,663,663,1352,1,7,0,1,299,158000,11.970350312009105,2015,1.5,8.5,42,12090,41,429.0,4056,4056,897.0,0.0,1.0,0.0,0.0,1.0,0.0,0.0,0.0,0.0,1.0,1.0,1.0,1.0,0.0,0.0,0.0
6,2005,0.0,728,728,1456,2,8,0,2,400,176000,12.078239274020287,2184,2.5,10.5,30,13104,3,0.0,7280,5824,1200.0,0.0,1.0,1.0,0.0,0.0,0.0,1.0,0.0,1.0,0.0,1.0,1.0,1.0,0.0,0.0,0.0
7,2006,0.0,879,879,1863,2,9,1,3,660,219210,12.297785453453374,2742,2.5,11.5,35,19194,0,0.0,9315,7452,1980.0,1.0,0.0,1.0,0.0,0.0,0.0,1.0,0.0,1.0,0.0,0.0,0.0,1.0,0.0,0.0,0.0
7,1916,0.0,815,815,1690,1,7,1,1,225,144000,11.877568578558138,2505,1.0,8.0,42,17535,90,0.0,8450,5070,675.0,0.0,1.0,0.0,0.0,1.0,0.0,1.0,0.0,0.0,1.0,0.0,0.0,0.0,1.0,1.0,0.0
7,2001,0.0,1212,1212,1212,2,6,0,2,573,178000,12.089538829274222,2424,2.0,8.0,35,16968,8,0.0,6060,4848,1719.0,1.0,0.0,1.0,0.0,0.0,0.0,1.0,0.0,1.0,0.0,1.0,1.0,0.0,0.0,0.0,0.0
4,1963,51.0,1051,1382,1382,1,6,1,2,459,148000,11.904967552746252,2433,1.5,7.5,20,9732,43,153.0,5528,4146,1377.0,0.0,1.0,0.0,0.0,1.0,0.0,0.0,0.0,0.0,1.0,0.0,1.0,0.0,1.0,0.0,0.0
4,1970,0.0,864,864,864,1,5,0,1,280,116050,11.661776411702585,1728,1.0,6.0,20,6912,36,0.0,3456,2592,840.0,0.0,1.0,0.0,0.0,1.0,0.0,0.0,0.0,0.0,1.0,1.0,1.0,0.0,1.0,0.0,0.0
7,1998,0.0,866,866,1779,2,6,0,2,546,197900,12.195517131590655,2645,2.5,8.5,35,18515,11,0.0,8895,7116,1638.0,0.0,1.0,1.0,0.0,0.0,0.0,1.0,0.0,1.0,0.0,1.0,1.0,0.0,0.0,0.0,0.0
5,1925,0.0,884,884,1348,1,5,1,1,216,117000,11.669929213779891,2232,2.0,6.0,40,11160,84,0.0,6740,4044,648.0,0.0,1.0,0.0,0.0,1.0,0.0,1.0,0.0,0.0,1.0,0.0,0.0,0.0,1.0,1.0,0.0
7,2000,171.0,1630,1630,1630,2,6,1,2,451,213000,12.269047444691562,3260,2.0,8.0,35,22820,9,684.0,8150,6520,1353.0,1.0,0.0,1.0,0.0,0.0,0.0,1.0,0.0,1.0,0.0,0.0,1.0,0.0,1.0,0.0,0.0
5,1975,0.0,1056,1074,1074,1,6,0,2,495,153500,11.941455846009388,2130,2.5,7.5,30,10650,31,0.0,5370,3222,1485.0,0.0,1.0,0.0,0.0,0.0,0.0,1.0,0.0,0.0,1.0,1.0,1.0,0.0,0.0,0.0,0.0
7,1990,234.0,2158,2196,2196,2,7,1,3,701,271900,12.513189630620564,4354,2.0,9.0,49,30478,19,936.0,8784,8784,2103.0,1.0,0.0,0.0,0.0,0.0,0.0,0.0,0.0,1.0,0.0,0.0,1.0,0.0,0.0,0.0,0.0
4,1966,0.0,1056,1056,1056,1,5,0,1,384,107000,11.580584113444043,2112,2.0,6.0,16,8448,40,0.0,3168,3168,1152.0,0.0,1.0,0.0,0.0,1.0,0.0,0.0,0.0,0.0,1.0,1.0,0.0,0.0,1.0,0.0,0.0
6,2003,120.0,1682,1700,1700,2,7,0,2,544,200000,12.206072645530174,3382,3.0,9.0,30,20292,3,480.0,8500,6800,1632.0,1.0,0.0,1.0,0.0,0.0,1.0,1.0,0.0,1.0,0.0,1.0,1.0,0.0,0.0,0.0,0.0
5,1962,0.0,931,1283,1283,1,6,0,2,506,140000,11.84939770159144,2214,2.0,7.0,35,11070,46,0.0,3849,3849,1518.0,0.0,1.0,0.0,0.0,1.0,0.0,0.0,0.0,0.0,1.0,1.0,0.0,0.0,1.0,0.0,0.0
8,2006,420.0,1660,1660,1660,2,8,1,2,500,290000,12.577636201962656,3320,3.0,10.0,40,26560,0,1680.0,8300,6640,1500.0,1.0,0.0,1.0,1.0,0.0,1.0,1.0,0.0,1.0,0.0,0.0,1.0,0.0,0.0,0.0,1.0
6,1992,0.0,1055,1055,1845,2,8,1,2,462,189000,12.14950229404178,2900,2.5,10.5,30,17400,18,0.0,9225,7380,1386.0,1.0,0.0,1.0,0.0,0.0,0.0,1.0,0.0,1.0,0.0,0.0,1.0,0.0,0.0,0.0,0.0
8,1988,0.0,559,1080,1752,2,8,0,2,492,164000,12.007621706806336,2311,2.0,10.0,56,18488,22,0.0,7008,5256,1476.0,1.0,0.0,0.0,0.0,0.0,1.0,0.0,0.0,0.0,1.0,1.0,0.0,0.0,0.0,0.0,0.0
4,1941,0.0,672,672,672,1,4,0,1,234,113000,11.635143097694478,1344,2.0,5.0,24,5376,68,0.0,2016,2016,702.0,0.0,1.0,0.0,0.0,1.0,0.0,0.0,0.0,0.0,1.0,1.0,1.0,0.0,1.0,1.0,0.0
4,1965,0.0,648,960,960,0,3,0,1,364,145000,11.884489021402713,1608,1.5,3.0,36,6432,41,0.0,4800,2880,1092.0,0.0,1.0,0.0,0.0,1.0,1.0,1.0,0.0,0.0,1.0,1.0,1.0,0.0,1.0,0.0,0.0
5,1962,0.0,925,999,999,1,6,0,1,300,134500,11.809319478024031,1924,2.0,7.0,25,9620,44,0.0,2997,2997,900.0,0.0,1.0,0.0,0.0,1.0,0.0,0.0,0.0,0.0,1.0,1.0,1.0,0.0,1.0,0.0,0.0
5,1966,0.0,894,894,894,1,5,0,1,384,125000,11.736069016284436,1788,1.0,6.0,25,8940,41,0.0,2682,2682,1152.0,0.0,1.0,0.0,0.0,1.0,0.0,0.0,0.0,0.0,1.0,1.0,0.0,0.0,0.0,0.0,0.0
6,1978,0.0,0,1318,1902,2,8,0,2,539,112000,11.626254150277232,1902,2.0,10.0,30,11412,32,0.0,5706,5706,1617.0,0.0,1.0,0.0,0.0,0.0,0.0,0.0,0.0,0.0,1.0,1.0,1.0,0.0,1.0,0.0,0.0
8,2009,72.0,1300,1314,1314,2,6,0,2,552,229456,12.343466568968994,2614,3.0,8.0,40,20912,0,288.0,6570,5256,1656.0,1.0,0.0,1.0,0.0,0.0,1.0,1.0,0.0,1.0,0.0,1.0,1.0,0.0,0.0,0.0,1.0
4,1947,0.0,0,672,912,1,3,0,0,0,80500,11.296012463406656,912,1.0,4.0,20,3648,59,0.0,3648,2736,1452.0,0.0,1.0,0.0,0.0,0.0,0.0,0.0,0.0,0.0,1.0,1.0,0.0,0.0,0.0,1.0,0.0
6,1971,236.0,672,672,1218,1,7,0,0,0,91500,11.424094251263613,1890,1.5,8.5,30,11340,35,708.0,3654,3654,1452.0,0.0,1.0,0.0,0.0,1.0,0.0,0.0,0.0,0.0,1.0,1.0,0.0,0.0,0.0,1.0,0.0
5,1964,0.0,912,912,912,1,5,0,1,288,115000,11.652687407345388,1824,1.0,6.0,25,9120,42,0.0,2736,2736,864.0,0.0,1.0,0.0,0.0,1.0,0.0,0.0,0.0,0.0,1.0,1.0,1.0,0.0,1.0,0.0,0.0
5,1968,0.0,952,1211,1211,1,5,1,1,322,134000,11.805595078933049,2163,1.0,6.0,25,10815,40,0.0,6055,3633,966.0,0.0,1.0,0.0,0.0,1.0,0.0,1.0,0.0,0.0,1.0,0.0,1.0,0.0,1.0,0.0,0.0
6,1949,320.0,1040,1168,1846,2,7,1,1,315,143000,11.870599909242044,2886,2.0,9.0,36,17316,58,960.0,9230,5538,945.0,0.0,1.0,0.0,0.0,1.0,0.0,1.0,0.0,0.0,1.0,0.0,1.0,0.0,1.0,0.0,0.0
5,1951,44.0,2136,2136,2136,2,7,0,2,528,137900,11.834284063781393,4272,2.0,9.0,15,21360,55,132.0,6408,6408,1584.0,0.0,1.0,0.0,0.0,1.0,0.0,0.0,0.0,0.0,1.0,1.0,0.0,0.0,1.0,0.0,0.0
7,2004,0.0,788,788,1490,2,8,1,2,388,184000,12.122691036591124,2278,3.5,10.5,35,15946,4,0.0,7450,5960,1164.0,1.0,0.0,1.0,0.0,0.0,1.0,1.0,0.0,1.0,0.0,0.0,1.0,1.0,0.0,0.0,0.0
6,1958,63.0,588,1138,1138,1,6,0,1,264,145000,11.884489021402713,1726,1.5,7.0,48,10356,49,189.0,5690,3414,792.0,0.0,1.0,0.0,0.0,1.0,1.0,1.0,0.0,0.0,1.0,1.0,1.0,0.0,0.0,0.0,0.0
6,2007,74.0,894,894,1933,2,9,1,3,668,214000,12.273731294003989,2827,2.5,11.5,30,16962,1,296.0,9665,7732,2004.0,1.0,0.0,1.0,0.0,0.0,0.0,1.0,0.0,1.0,0.0,0.0,0.0,1.0,0.0,0.0,1.0
5,1965,300.0,912,912,912,1,5,0,2,576,147000,11.898187865760873,1824,2.0,6.0,40,9120,43,900.0,4560,3648,1728.0,0.0,1.0,0.0,0.0,1.0,0.0,1.0,0.0,1.0,0.0,1.0,0.0,0.0,1.0,0.0,0.0
9,2008,766.0,1702,1702,1702,1,7,1,3,1052,367294,12.813917896253695,3404,2.5,8.5,45,30636,0,3830.0,8510,8510,3156.0,0.0,0.0,1.0,1.0,0.0,1.0,1.0,1.0,0.0,0.0,0.0,1.0,1.0,0.0,0.0,1.0
5,1960,0.0,1075,1507,1507,2,7,0,1,404,127000,11.751942365440728,2582,2.0,9.0,25,12910,48,0.0,6028,4521,1212.0,0.0,1.0,0.0,0.0,1.0,0.0,0.0,0.0,0.0,1.0,1.0,0.0,0.0,1.0,0.0,0.0
5,1977,1.0,1361,1361,2620,2,12,1,2,600,190000,12.154779351142624,3981,3.0,15.0,25,19905,30,3.0,13100,7860,1800.0,0.0,1.0,0.0,0.0,0.0,1.0,1.0,0.0,0.0,1.0,0.0,0.0,0.0,0.0,0.0,0.0
5,1962,120.0,1106,1190,1190,1,6,0,2,540,132500,11.794337924408412,2296,2.0,7.0,30,11480,44,360.0,3570,3570,1620.0,0.0,1.0,0.0,0.0,1.0,0.0,0.0,0.0,0.0,1.0,1.0,1.0,0.0,1.0,0.0,0.0
4,1962,0.0,0,1224,1224,2,6,0,2,462,101800,11.53076538309856,1224,2.0,8.0,20,4896,45,0.0,3672,3672,1386.0,0.0,1.0,0.0,0.0,0.0,0.0,0.0,0.0,0.0,1.0,1.0,0.0,0.0,1.0,0.0,0.0
5,1959,180.0,1188,1188,1188,1,6,0,2,531,142000,11.8635823365834,2376,2.0,7.0,25,11880,51,540.0,2376,3564,1593.0,0.0,1.0,0.0,0.0,1.0,0.0,0.0,0.0,0.0,1.0,1.0,1.0,0.0,0.0,0.0,0.0
5,1911,0.0,940,1024,1964,1,7,0,0,0,130000,11.77528972943772,2904,1.5,8.5,30,14520,97,0.0,5892,5892,1452.0,0.0,1.0,1.0,0.0,1.0,0.0,0.0,0.0,0.0,1.0,1.0,0.0,0.0,0.0,0.0,0.0
5,1914,0.0,747,892,1784,1,9,0,1,180,138887,11.841415931849784,2531,1.5,10.5,25,12655,92,0.0,7136,5352,360.0,0.0,1.0,0.0,0.0,0.0,0.0,0.0,0.0,0.0,1.0,1.0,0.0,0.0,1.0,0.0,1.0
7,2003,106.0,764,764,1626,2,6,0,2,474,175500,12.075394321888057,2390,2.5,8.5,35,16730,7,424.0,8130,6504,1422.0,1.0,0.0,1.0,0.0,0.0,0.0,1.0,0.0,1.0,0.0,1.0,0.0,0.0,0.0,0.0,1.0
7,2004,0.0,847,847,1948,2,8,1,2,434,195000,12.180754837545884,2795,2.5,10.5,35,19565,2,0.0,9740,7792,1302.0,1.0,0.0,1.0,0.0,0.0,0.0,1.0,0.0,1.0,0.0,0.0,0.0,1.0,0.0,0.0,0.0
6,2005,0.0,1141,1141,1141,1,6,0,2,484,142500,11.867097278690842,2282,1.5,7.5,30,13692,1,0.0,5705,3423,1452.0,1.0,0.0,1.0,0.0,0.0,0.0,1.0,0.0,0.0,1.0,1.0,0.0,0.0,1.0,0.0,0.0
8,2006,32.0,1476,1484,1484,2,6,1,2,472,265900,12.490875577231112,2960,2.0,8.0,40,23680,1,128.0,7420,7420,1416.0,1.0,0.0,1.0,0.0,0.0,1.0,1.0,1.0,0.0,0.0,0.0,1.0,0.0,0.0,0.0,1.0
7,2003,252.0,884,884,1768,2,8,0,2,543,224900,12.323411137947408,2652,3.5,10.5,35,18564,5,1008.0,8840,7072,1629.0,1.0,0.0,1.0,0.0,0.0,1.0,1.0,0.0,1.0,0.0,1.0,1.0,0.0,0.0,0.0,0.0
7,2007,0.0,1689,1689,1689,2,7,0,3,954,248328,12.422505731952896,3378,2.0,9.0,42,23646,0,0.0,8445,6756,2862.0,1.0,0.0,1.0,0.0,0.0,0.0,1.0,0.0,1.0,0.0,1.0,1.0,0.0,0.0,0.0,1.0
7,1974,81.0,1053,1173,1173,2,6,2,2,528,170000,12.0435537160324,2226,3.0,8.0,42,15582,36,243.0,3519,4692,1584.0,0.0,1.0,0.0,0.0,0.0,1.0,0.0,0.0,1.0,0.0,0.0,1.0,0.0,0.0,0.0,0.0
10,2006,0.0,2076,2076,2076,2,7,1,3,850,465000,13.049792684569493,4152,3.5,9.5,50,41520,0,0.0,10380,10380,2550.0,0.0,0.0,1.0,1.0,0.0,1.0,1.0,1.0,0.0,0.0,0.0,1.0,1.0,0.0,0.0,1.0
8,1929,0.0,792,792,1517,1,7,2,2,400,230000,12.345834587905332,2309,1.0,8.0,56,18472,77,0.0,3034,6068,1200.0,0.0,1.0,1.0,0.0,0.0,0.0,0.0,0.0,1.0,0.0,0.0,0.0,0.0,1.0,0.0,1.0
6,1984,74.0,585,1140,1868,3,7,1,2,477,178000,12.089538829274222,2453,3.5,10.5,42,14718,23,222.0,9340,5604,1431.0,0.0,1.0,0.0,0.0,0.0,0.0,1.0,0.0,0.0,1.0,0.0,0.0,1.0,0.0,0.0,0.0
7,2005,0.0,756,756,1553,2,6,0,2,615,186500,12.136186518066006,2309,2.5,8.5,35,16163,1,0.0,7765,6212,1845.0,1.0,0.0,1.0,0.0,0.0,0.0,1.0,0.0,1.0,0.0,1.0,1.0,0.0,0.0,0.0,1.0
6,1976,335.0,1012,1034,1034,1,6,0,3,888,169900,12.042965307660024,2046,2.0,7.0,30,12276,34,1005.0,3102,3102,2664.0,0.0,1.0,0.0,0.0,1.0,1.0,0.0,0.0,0.0,1.0,1.0,1.0,0.0,1.0,0.0,0.0
6,1917,0.0,735,1134,2058,1,8,1,2,396,129500,11.771436160121729,2793,1.5,9.5,30,16758,91,0.0,4116,6174,792.0,0.0,1.0,0.0,0.0,0.0,0.0,0.0,0.0,0.0,1.0,0.0,0.0,0.0,1.0,1.0,0.0
5,1950,0.0,876,988,988,1,6,0,1,276,119000,11.686878772093667,1864,1.0,7.0,35,9320,57,0.0,2964,2964,828.0,0.0,1.0,0.0,0.0,1.0,0.0,0.0,0.0,0.0,1.0,1.0,1.0,0.0,1.0,0.0,0.0
7,1968,0.0,2110,2110,2110,2,8,2,2,522,244000,12.404923504275338,4220,3.5,10.5,35,29540,42,0.0,10550,10550,1566.0,1.0,0.0,0.0,0.0,1.0,0.0,1.0,1.0,0.0,0.0,0.0,1.0,1.0,0.0,0.0,0.0
7,2003,163.0,1405,1405,1405,2,6,1,2,478,171750,12.053795210084596,2810,2.0,8.0,35,19670,3,652.0,7025,5620,1434.0,1.0,0.0,1.0,0.0,0.0,0.0,1.0,0.0,1.0,0.0,0.0,1.0,0.0,0.0,0.0,1.0
5,1968,0.0,864,874,874,1,5,0,1,288,130000,11.77528972943772,1738,2.0,6.0,30,8690,41,0.0,2622,2622,864.0,0.0,1.0,0.0,0.0,1.0,0.0,0.0,0.0,0.0,1.0,1.0,1.0,0.0,0.0,0.0,0.0
7,1974,0.0,1192,1516,2167,2,9,2,2,518,294000,12.591335046320818,3359,3.5,11.5,49,23513,33,0.0,6501,8668,1554.0,1.0,0.0,0.0,0.0,1.0,0.0,0.0,0.0,1.0,0.0,0.0,1.0,0.0,0.0,0.0,1.0
7,2003,92.0,746,760,1656,2,7,1,2,397,165400,12.016122061571728,2402,2.5,9.5,35,16814,5,368.0,8280,6624,1191.0,1.0,0.0,1.0,0.0,0.0,0.0,1.0,0.0,1.0,0.0,0.0,0.0,1.0,0.0,1.0,0.0
6,1931,0.0,884,959,1367,1,6,1,1,560,127500,11.755871643580615,2251,1.0,7.0,36,13506,76,0.0,4101,4101,1680.0,0.0,1.0,0.0,0.0,1.0,0.0,0.0,0.0,0.0,1.0,0.0,0.0,0.0,1.0,1.0,0.0
8,1994,554.0,1986,1987,1987,2,7,1,2,691,301500,12.616525295149378,3973,3.0,9.0,40,31784,14,2216.0,9935,7948,2073.0,1.0,0.0,1.0,0.0,0.0,1.0,1.0,0.0,1.0,0.0,0.0,1.0,1.0,0.0,0.0,1.0
5,1922,0.0,864,864,864,1,4,0,0,0,99900,11.511924964636645,1728,1.0,5.0,40,8640,87,0.0,4320,2592,1452.0,0.0,1.0,1.0,0.0,0.0,0.0,1.0,0.0,0.0,1.0,1.0,0.0,0.0,0.0,1.0,0.0
7,2005,182.0,856,1166,1166,2,5,0,2,400,190000,12.154779351142624,2022,3.0,7.0,35,14154,3,728.0,5830,4664,1200.0,1.0,0.0,1.0,0.0,0.0,1.0,1.0,0.0,1.0,0.0,1.0,1.0,1.0,0.0,0.0,0.0
6,1969,0.0,1054,1054,1054,1,6,0,2,460,151000,11.925035115797062,2108,2.5,7.5,48,12648,39,0.0,4216,3162,1380.0,0.0,1.0,0.0,0.0,0.0,0.0,0.0,0.0,0.0,1.0,1.0,1.0,0.0,1.0,0.0,0.0
6,1999,0.0,841,892,1675,2,7,1,2,502,181000,12.106252310247962,2516,2.5,9.5,30,15096,10,0.0,8375,5025,1506.0,0.0,1.0,1.0,0.0,0.0,0.0,1.0,0.0,0.0,1.0,0.0,0.0,1.0,0.0,0.0,0.0
5,1956,0.0,1050,1050,1050,1,5,0,1,338,128900,11.766792188927278,2100,1.0,6.0,30,10500,53,0.0,4200,3150,1014.0,0.0,1.0,0.0,0.0,1.0,0.0,0.0,0.0,0.0,1.0,1.0,1.0,0.0,1.0,0.0,0.0
4,1957,0.0,1104,1104,1788,1,8,2,1,304,161500,11.992260421644849,2892,2.0,9.0,20,11568,52,0.0,8940,5364,912.0,0.0,1.0,0.0,0.0,1.0,0.0,1.0,0.0,0.0,1.0,0.0,1.0,0.0,1.0,0.0,0.0
6,1919,0.0,764,1060,1824,1,8,1,2,520,180500,12.103486056755072,2588,1.0,9.0,36,15528,88,0.0,9120,5472,1560.0,0.0,1.0,1.0,0.0,1.0,0.0,1.0,0.0,0.0,1.0,0.0,0.0,0.0,1.0,1.0,0.0
6,1998,0.0,1405,1337,1337,2,5,0,2,511,181000,12.106252310247962,2742,3.0,7.0,30,16452,10,0.0,6685,5348,1533.0,1.0,0.0,1.0,0.0,0.0,1.0,1.0,0.0,1.0,0.0,1.0,1.0,1.0,0.0,0.0,0.0
7,1999,218.0,691,713,1452,2,6,0,2,506,183900,12.122147410592412,2143,3.5,8.5,35,15001,7,872.0,7260,5808,1518.0,1.0,0.0,1.0,0.0,0.0,1.0,1.0,0.0,1.0,0.0,1.0,0.0,0.0,1.0,0.0,1.0
7,1910,0.0,925,964,1889,1,9,1,1,308,122000,11.711776323715394,2814,1.5,10.5,28,19698,97,0.0,5667,5667,924.0,0.0,0.0,0.0,0.0,1.0,0.0,0.0,0.0,0.0,1.0,0.0,0.0,0.0,1.0,1.0,0.0
9,2008,0.0,2002,2018,2018,2,10,1,3,746,378500,12.84397135185964,4020,2.0,12.0,45,36180,2,0.0,10090,10090,2238.0,0.0,0.0,1.0,1.0,0.0,0.0,1.0,1.0,0.0,0.0,0.0,1.0,1.0,0.0,0.0,1.0
8,1935,632.0,728,1968,3447,3,11,2,3,1014,381000,12.85055465410884,4175,3.5,14.5,72,33400,73,1896.0,17235,13788,3042.0,0.0,1.0,0.0,0.0,1.0,0.0,1.0,0.0,1.0,0.0,0.0,0.0,0.0,1.0,0.0,1.0
5,1958,180.0,874,874,1524,1,7,0,1,315,144000,11.877568578558138,2398,1.5,8.5,25,11990,49,540.0,4572,4572,945.0,0.0,1.0,0.0,0.0,1.0,0.0,0.0,0.0,0.0,1.0,1.0,1.0,0.0,1.0,0.0,0.0
7,1979,0.0,1332,1332,1524,0,4,1,2,586,260000,12.468436909997664,2856,2.5,4.5,42,19992,31,0.0,4572,6096,1758.0,1.0,0.0,1.0,0.0,0.0,1.0,0.0,0.0,1.0,0.0,0.0,1.0,1.0,0.0,0.0,0.0
6,1968,0.0,1489,1489,1489,2,7,1,2,462,185750,12.132156962580003,2978,2.0,9.0,42,17868,41,0.0,5956,5956,1386.0,0.0,1.0,0.0,0.0,1.0,0.0,0.0,0.0,1.0,0.0,0.0,1.0,0.0,0.0,0.0,0.0
5,1965,114.0,935,935,935,1,5,0,1,288,137000,11.827736204810265,1870,2.0,6.0,30,9350,41,342.0,2805,2805,864.0,0.0,1.0,0.0,0.0,1.0,0.0,0.0,0.0,0.0,1.0,1.0,1.0,0.0,1.0,0.0,0.0
6,1959,84.0,1019,1357,1357,1,5,1,1,312,177000,12.083905011555968,2376,2.0,6.0,42,14256,49,252.0,5428,6785,936.0,0.0,1.0,0.0,0.0,1.0,0.0,0.0,1.0,0.0,0.0,0.0,0.0,0.0,0.0,1.0,0.0
5,1910,0.0,661,661,1250,2,8,1,2,552,139000,11.842229212112828,1911,2.0,10.0,30,9555,97,0.0,6250,3750,1656.0,0.0,1.0,1.0,0.0,1.0,0.0,1.0,0.0,0.0,1.0,0.0,0.0,0.0,1.0,0.0,1.0
5,1948,567.0,928,928,1920,2,10,0,2,400,137000,11.827736204810265,2848,2.0,12.0,25,14240,59,1701.0,7680,5760,1200.0,0.0,1.0,0.0,0.0,1.0,0.0,0.0,0.0,0.0,1.0,1.0,0.0,0.0,1.0,0.0,0.0
6,1972,0.0,723,735,1395,1,6,1,2,497,162000,11.99535161421452,2118,2.0,7.5,36,12708,37,0.0,4185,4185,1491.0,0.0,1.0,0.0,0.0,1.0,0.0,0.0,0.0,0.0,1.0,0.0,1.0,0.0,1.0,0.0,0.0
6,1967,359.0,1680,1724,1724,1,7,1,2,480,197900,12.195517131590655,3404,2.5,8.5,30,20424,42,1077.0,3448,5172,1440.0,0.0,1.0,0.0,0.0,0.0,0.0,0.0,0.0,0.0,1.0,0.0,1.0,0.0,0.0,0.0,0.0
8,2002,0.0,1128,1128,2031,2,7,1,2,577,237000,12.375815420117268,3159,3.5,9.5,40,25272,6,0.0,10155,8124,1731.0,1.0,0.0,1.0,0.0,0.0,1.0,1.0,0.0,1.0,0.0,0.0,1.0,0.0,0.0,0.0,0.0
4,1920,0.0,698,698,1128,1,6,0,2,528,68400,11.13312810361064,1826,1.0,7.0,16,7304,90,0.0,3384,3384,1584.0,0.0,1.0,0.0,0.0,1.0,0.0,0.0,0.0,0.0,1.0,1.0,0.0,0.0,0.0,1.0,0.0
7,2002,110.0,1573,1573,1573,2,6,0,2,544,227000,12.33270529646354,3146,3.0,8.0,35,22022,7,440.0,7865,6292,1632.0,1.0,0.0,1.0,0.0,0.0,1.0,1.0,0.0,1.0,0.0,1.0,1.0,0.0,0.0,0.0,0.0
7,1990,54.0,1309,1339,1339,2,6,1,2,484,180000,12.100712129872347,2648,3.0,8.0,35,18536,16,162.0,4017,4017,1936.0,0.0,1.0,0.0,0.0,0.0,0.0,0.0,0.0,0.0,1.0,0.0,1.0,1.0,0.0,0.0,1.0
5,1977,0.0,1040,1040,1040,2,5,0,2,484,150500,11.921718363171069,2080,2.0,7.0,35,10400,32,0.0,3120,4160,1452.0,0.0,1.0,0.0,0.0,0.0,0.0,0.0,0.0,1.0,0.0,1.0,0.0,0.0,1.0,0.0,0.0
6,1971,0.0,912,912,1824,2,8,0,0,0,139000,11.842229212112828,2736,3.0,11.0,30,16416,39,0.0,5472,5472,1452.0,0.0,1.0,0.0,0.0,1.0,0.0,0.0,0.0,0.0,1.0,1.0,0.0,0.0,0.0,0.0,0.0
6,1919,0.0,804,1699,2447,2,10,1,1,336,169000,12.037653993905211,3251,2.0,12.0,42,19506,91,0.0,12235,9788,1008.0,0.0,1.0,1.0,0.0,1.0,0.0,1.0,0.0,1.0,0.0,0.0,0.0,0.0,1.0,0.0,0.0
6,1939,0.0,780,825,1412,1,6,1,1,280,132500,11.794337924408412,2192,1.0,7.0,36,13152,70,0.0,7060,4236,840.0,0.0,1.0,0.0,0.0,1.0,0.0,1.0,0.0,0.0,1.0,0.0,0.0,0.0,1.0,1.0,0.0
6,1963,451.0,1328,1328,1328,1,6,2,2,528,143000,11.870599909242044,2656,2.5,7.5,30,15936,47,1353.0,3984,3984,1584.0,0.0,1.0,0.0,0.0,1.0,0.0,0.0,0.0,0.0,1.0,0.0,1.0,0.0,1.0,0.0,0.0
5,1964,621.0,1624,1582,1582,2,7,0,2,390,190000,12.154779351142624,3206,2.5,9.0,25,16030,42,1863.0,3164,4746,1170.0,0.0,1.0,0.0,0.0,1.0,0.0,0.0,0.0,0.0,1.0,1.0,1.0,0.0,1.0,0.0,0.0
8,2000,0.0,1501,1659,1659,2,5,1,2,499,278000,12.535376392672774,3160,3.0,7.0,40,25280,9,0.0,8295,8295,1497.0,1.0,0.0,1.0,0.0,0.0,1.0,1.0,1.0,0.0,0.0,0.0,1.0,1.0,0.0,0.0,1.0
8,2006,788.0,1085,1120,1970,2,8,1,3,753,281000,12.546109948315882,3055,2.5,10.5,40,24440,0,3152.0,9850,9850,2259.0,1.0,0.0,1.0,0.0,0.0,0.0,1.0,1.0,0.0,0.0,0.0,0.0,1.0,0.0,0.0,1.0
5,1964,86.0,1152,1152,1152,1,6,1,2,484,180500,12.103486056755072,2304,2.0,7.0,35,11520,46,258.0,3456,3456,1452.0,0.0,1.0,1.0,0.0,1.0,1.0,0.0,0.0,0.0,1.0,0.0,1.0,0.0,0.0,0.0,0.0
5,1972,268.0,630,630,1302,2,6,0,1,264,119500,11.691071650353702,1932,2.5,8.5,35,9660,37,804.0,3906,3906,792.0,0.0,1.0,0.0,0.0,1.0,0.0,0.0,0.0,0.0,1.0,1.0,0.0,0.0,1.0,1.0,0.0
5,1892,0.0,994,1378,2372,2,11,0,1,432,107500,11.585246126549857,3366,2.0,13.0,20,16830,117,0.0,7116,7116,1296.0,0.0,1.0,0.0,0.0,1.0,0.0,0.0,0.0,0.0,1.0,1.0,1.0,0.0,0.0,1.0,0.0
7,1976,0.0,832,832,1664,2,8,1,2,528,162900,12.000891794590135,2496,2.5,10.5,35,17472,30,0.0,4992,4992,1584.0,0.0,1.0,1.0,0.0,0.0,1.0,0.0,0.0,0.0,1.0,0.0,1.0,0.0,0.0,0.0,0.0
5,1955,0.0,864,864,864,1,5,0,2,572,115000,11.652687407345388,1728,2.0,6.0,35,8640,51,0.0,2592,2592,1716.0,0.0,1.0,0.0,0.0,1.0,0.0,0.0,0.0,0.0,1.0,1.0,0.0,0.0,1.0,1.0,0.0
5,1968,168.0,1052,1052,1052,1,5,0,1,288,138500,11.83862560460953,2104,2.5,6.5,25,10520,38,504.0,4208,3156,864.0,0.0,1.0,0.0,0.0,1.0,0.0,0.0,0.0,0.0,1.0,1.0,1.0,0.0,0.0,0.0,0.0
5,1963,148.0,1120,1128,1128,2,6,0,2,525,155000,11.951180395901384,2248,3.0,8.0,30,11240,45,444.0,4512,3384,1575.0,0.0,1.0,0.0,0.0,1.0,0.0,0.0,0.0,0.0,1.0,1.0,1.0,0.0,0.0,0.0,0.0
6,2005,82.0,547,1072,1072,2,5,0,2,525,140000,11.84939770159144,1619,3.0,7.0,30,9714,1,246.0,4288,3216,1575.0,0.0,1.0,1.0,0.0,0.0,1.0,0.0,0.0,0.0,1.0,1.0,0.0,1.0,0.0,1.0,0.0
10,2008,796.0,6110,4692,5642,2,12,3,2,1418,160000,11.982929094215963,11752,4.5,14.5,50,117520,0,3980.0,28210,28210,4254.0,0.0,0.0,1.0,1.0,0.0,1.0,1.0,1.0,0.0,0.0,0.0,1.0,1.0,0.0,1.0,0.0
5,1959,0.0,1246,1246,1246,1,6,0,1,305,154000,11.944707881395766,2492,2.5,7.5,35,12460,51,0.0,6230,4984,915.0,0.0,1.0,0.0,0.0,1.0,0.0,1.0,0.0,1.0,0.0,1.0,1.0,0.0,0.0,0.0,0.0
7,1999,344.0,978,1005,1983,2,9,1,2,490,225000,12.323855681186558,2961,2.5,11.5,35,20727,10,1376.0,9915,7932,1470.0,1.0,0.0,1.0,0.0,0.0,1.0,1.0,0.0,1.0,0.0,0.0,1.0,1.0,0.0,0.0,0.0
6,1942,0.0,771,753,1494,1,7,2,1,213,177500,12.086725887897607,2265,1.0,8.0,42,13590,67,0.0,2988,5976,639.0,0.0,1.0,0.0,0.0,1.0,0.0,0.0,0.0,1.0,0.0,0.0,1.0,0.0,1.0,0.0,1.0
8,1994,391.0,1165,1203,2526,2,8,1,3,844,290000,12.577636201962656,3691,3.5,10.5,40,29528,12,1564.0,12630,10104,2532.0,1.0,0.0,1.0,0.0,0.0,1.0,1.0,0.0,1.0,0.0,0.0,1.0,0.0,0.0,0.0,1.0
7,2005,228.0,1616,1616,1616,2,7,0,3,834,232000,12.354492650648448,3232,2.0,9.0,35,22624,1,912.0,8080,6464,2502.0,1.0,0.0,1.0,0.0,0.0,0.0,1.0,0.0,1.0,0.0,1.0,1.0,0.0,0.0,0.0,1.0
7,2004,117.0,976,976,1708,2,7,0,2,380,130000,11.77528972943772,2684,2.0,9.0,35,18788,2,468.0,8540,6832,1140.0,1.0,0.0,1.0,0.0,0.0,0.0,1.0,0.0,1.0,0.0,1.0,0.0,0.0,1.0,1.0,0.0
9,2006,300.0,1652,1652,1652,2,6,2,2,840,325000,12.691580461311874,3304,3.0,8.0,45,29736,3,1200.0,8260,8260,2520.0,1.0,0.0,1.0,1.0,0.0,1.0,1.0,1.0,0.0,0.0,0.0,1.0,1.0,0.0,0.0,1.0
7,2005,94.0,1368,1368,1368,2,6,1,2,474,202500,12.218495165528733,2736,2.0,8.0,35,19152,1,376.0,6840,5472,1422.0,1.0,0.0,1.0,0.0,0.0,0.0,1.0,0.0,1.0,0.0,0.0,1.0,0.0,0.0,0.0,1.0
5,1994,0.0,990,990,990,1,5,0,2,480,138000,11.83500896413934,1980,2.0,6.0,25,9900,15,0.0,4950,2970,1440.0,0.0,1.0,1.0,0.0,0.0,0.0,1.0,0.0,0.0,1.0,1.0,0.0,0.0,1.0,0.0,0.0
5,1948,0.0,924,1122,1122,1,6,0,2,528,147000,11.898187865760873,2046,2.0,7.0,35,10230,60,0.0,5610,4488,1584.0,0.0,1.0,0.0,0.0,1.0,1.0,1.0,0.0,1.0,0.0,1.0,1.0,0.0,1.0,1.0,0.0
6,1991,88.0,1278,1294,1294,2,6,0,2,496,179200,12.096257779522968,2572,3.0,8.0,30,15432,17,264.0,5176,5176,1488.0,0.0,1.0,0.0,0.0,0.0,1.0,0.0,0.0,1.0,0.0,1.0,1.0,0.0,0.0,0.0,0.0
7,1959,0.0,1902,1902,1902,2,7,2,2,567,335000,12.721885810807205,3804,3.0,9.0,56,26628,51,0.0,5706,9510,1701.0,1.0,0.0,1.0,0.0,0.0,1.0,0.0,1.0,0.0,0.0,0.0,1.0,1.0,0.0,0.0,1.0
7,2005,80.0,1274,1274,1274,2,6,0,2,508,203000,12.220961258023925,2548,3.0,8.0,35,17836,2,320.0,6370,5096,1524.0,1.0,0.0,1.0,0.0,0.0,1.0,1.0,0.0,1.0,0.0,1.0,1.0,0.0,0.0,0.0,0.0
8,1990,336.0,1453,1453,2810,2,9,1,2,750,302000,12.618182296357007,4263,2.5,11.5,40,34104,17,1344.0,14050,11240,3000.0,1.0,0.0,1.0,1.0,0.0,1.0,1.0,0.0,1.0,0.0,0.0,1.0,0.0,0.0,0.0,1.0
9,1999,165.0,1393,1422,2599,2,10,1,3,779,333168,12.716402146247477,3992,2.5,12.5,45,35928,11,660.0,12995,10396,2337.0,1.0,0.0,1.0,0.0,0.0,0.0,1.0,0.0,1.0,0.0,0.0,0.0,1.0,0.0,0.0,1.0
4,1954,0.0,948,948,948,1,5,1,1,280,119000,11.686878772093667,1896,2.0,6.0,24,7584,53,0.0,4740,2844,840.0,0.0,1.0,0.0,0.0,1.0,0.0,1.0,0.0,0.0,1.0,0.0,0.0,0.0,1.0,1.0,0.0
6,1969,0.0,952,1092,2112,2,9,2,2,576,206900,12.239990863733636,3064,2.5,11.5,30,18384,39,0.0,6336,6336,1728.0,0.0,1.0,0.0,0.0,0.0,0.0,0.0,0.0,0.0,1.0,0.0,1.0,0.0,1.0,0.0,0.0
8,2008,270.0,1622,1630,1630,2,8,1,3,860,295493,12.596400426884427,3252,3.0,10.0,40,26016,1,1080.0,8150,8150,2580.0,1.0,0.0,1.0,1.0,0.0,0.0,1.0,1.0,0.0,0.0,0.0,1.0,0.0,0.0,0.0,0.0
7,2006,0.0,1352,1352,1352,2,5,1,2,466,208900,12.249610947544657,2704,2.0,7.0,35,18928,1,0.0,6760,5408,1398.0,1.0,0.0,1.0,1.0,0.0,0.0,1.0,0.0,1.0,0.0,0.0,1.0,0.0,0.0,0.0,1.0
8,2001,178.0,1753,1787,1787,2,7,1,3,748,275000,12.524526376648708,3540,2.0,9.0,40,28320,5,712.0,8935,7148,2244.0,1.0,0.0,1.0,0.0,0.0,0.0,1.0,0.0,1.0,0.0,0.0,1.0,0.0,0.0,0.0,0.0
4,1954,132.0,864,948,948,1,5,0,1,248,111000,11.617285480294472,1812,1.0,6.0,20,7248,53,396.0,4740,2844,744.0,0.0,1.0,1.0,0.0,1.0,0.0,1.0,0.0,0.0,1.0,1.0,1.0,0.0,1.0,1.0,0.0
6,1957,0.0,1478,1478,1478,1,6,2,2,442,156500,11.960811288962343,2956,2.5,7.5,18,17736,52,0.0,5912,4434,1326.0,0.0,1.0,0.0,0.0,1.0,0.0,0.0,0.0,0.0,1.0,0.0,1.0,0.0,0.0,0.0,0.0
3,1949,0.0,0,720,720,1,4,0,1,287,72500,11.191341840842766,720,1.0,5.0,18,2160,59,0.0,2160,2160,861.0,0.0,1.0,0.0,0.0,0.0,0.0,0.0,0.0,0.0,1.0,1.0,0.0,0.0,1.0,1.0,0.0
7,1992,0.0,750,1061,1923,2,8,1,2,564,190000,12.154779351142624,2673,3.5,10.5,35,18711,18,0.0,9615,7692,1692.0,1.0,0.0,1.0,0.0,0.0,1.0,1.0,0.0,1.0,0.0,0.0,1.0,0.0,0.0,0.0,1.0
4,1940,0.0,420,708,708,1,5,0,0,0,82500,11.320553572322773,1128,1.0,6.0,28,4512,69,0.0,2832,1416,1452.0,0.0,0.0,0.0,0.0,1.0,0.0,0.0,0.0,0.0,0.0,1.0,0.0,0.0,0.0,1.0,0.0
8,2006,428.0,1795,1795,1795,2,7,1,3,895,147000,11.898187865760873,3590,2.0,9.0,40,28720,1,1712.0,8975,7180,2685.0,1.0,0.0,1.0,1.0,0.0,0.0,1.0,0.0,1.0,0.0,0.0,1.0,0.0,0.0,0.0,1.0
4,1922,0.0,796,796,796,1,5,0,0,0,55000,10.915088464214609,1592,1.0,6.0,16,6368,86,0.0,1592,2388,1452.0,0.0,1.0,0.0,0.0,1.0,0.0,0.0,0.0,0.0,1.0,1.0,0.0,0.0,0.0,1.0,0.0
3,1931,0.0,544,774,774,1,6,0,0,0,79000,11.27720313144916,1318,1.0,7.0,18,3954,76,0.0,3870,3096,1452.0,0.0,1.0,0.0,0.0,1.0,0.0,1.0,0.0,1.0,0.0,1.0,0.0,0.0,0.0,1.0,0.0
5,1982,0.0,816,816,816,1,5,1,1,264,130500,11.779128505744886,1632,1.5,6.0,45,8160,26,0.0,4080,3264,792.0,1.0,0.0,0.0,0.0,1.0,0.0,1.0,0.0,1.0,0.0,0.0,1.0,0.0,1.0,0.0,0.0
6,1920,0.0,1510,1584,2792,2,8,2,2,520,256000,12.4529327234617,4302,2.0,10.0,42,25812,88,0.0,13960,8376,1040.0,1.0,0.0,0.0,0.0,0.0,0.0,1.0,0.0,0.0,1.0,0.0,0.0,0.0,1.0,1.0,0.0
7,1998,0.0,935,955,1632,2,8,1,2,462,176500,12.081076155355488,2567,2.5,10.5,35,17969,8,0.0,6528,4896,1386.0,0.0,1.0,1.0,0.0,0.0,0.0,0.0,0.0,0.0,1.0,0.0,1.0,1.0,0.0,0.0,0.0
8,2006,410.0,1588,1588,1588,2,7,1,3,825,227000,12.33270529646354,3176,2.0,9.0,40,25408,1,1640.0,7940,6352,2475.0,1.0,0.0,1.0,0.0,0.0,0.0,1.0,0.0,1.0,0.0,0.0,1.0,0.0,0.0,0.0,1.0
5,1976,0.0,911,954,954,1,6,0,2,576,132500,11.794337924408412,1865,1.0,7.0,25,9325,30,0.0,3816,2862,1728.0,0.0,1.0,0.0,0.0,1.0,0.0,0.0,0.0,0.0,1.0,1.0,0.0,0.0,1.0,0.0,0.0
4,1938,0.0,816,816,816,1,3,1,1,288,100000,11.512925464970229,1632,2.0,4.0,24,6528,71,0.0,4080,2448,576.0,0.0,1.0,0.0,0.0,1.0,0.0,1.0,0.0,0.0,1.0,0.0,0.0,0.0,1.0,1.0,0.0
5,1938,0.0,803,803,1360,1,6,0,1,297,125500,11.740061037553977,2163,1.5,7.5,30,10815,68,0.0,6800,5440,891.0,0.0,1.0,0.0,0.0,1.0,0.0,1.0,0.0,1.0,0.0,1.0,0.0,0.0,1.0,1.0,0.0
5,1970,312.0,765,765,1365,1,7,0,2,440,125000,11.736069016284436,2130,1.5,8.5,30,10650,39,936.0,4095,4095,1320.0,0.0,1.0,0.0,0.0,1.0,0.0,0.0,0.0,0.0,1.0,1.0,1.0,0.0,1.0,1.0,0.0
6,1977,360.0,1350,1334,1334,2,6,1,2,630,167900,12.031123843065632,2684,2.5,8.0,30,16104,32,1080.0,4002,4002,1890.0,0.0,1.0,0.0,0.0,0.0,0.0,0.0,0.0,0.0,1.0,0.0,1.0,0.0,0.0,0.0,0.0
5,1973,564.0,1656,1656,1656,2,8,0,2,506,135000,11.813030057420567,3312,2.0,10.0,25,16560,35,1692.0,4968,4968,1518.0,0.0,1.0,0.0,0.0,1.0,0.0,0.0,0.0,0.0,1.0,1.0,0.0,0.0,1.0,0.0,0.0
4,1941,0.0,693,693,693,1,4,0,0,0,52500,10.868568448579715,1386,1.0,5.0,16,5544,65,0.0,1386,1386,1452.0,0.0,1.0,0.0,0.0,1.0,0.0,0.0,0.0,0.0,0.0,1.0,0.0,0.0,0.0,1.0,0.0
7,2002,0.0,916,920,1861,2,8,0,2,492,200000,12.206072645530174,2777,3.5,10.5,35,19439,4,0.0,9305,7444,1476.0,1.0,0.0,1.0,0.0,0.0,1.0,1.0,0.0,1.0,0.0,1.0,0.0,0.0,0.0,0.0,0.0
5,1972,0.0,864,864,864,1,5,0,1,288,128500,11.763684183317412,1728,1.0,6.0,35,8640,34,0.0,4320,2592,864.0,0.0,1.0,0.0,0.0,1.0,0.0,1.0,0.0,0.0,1.0,1.0,1.0,0.0,0.0,0.0,0.0
4,1971,0.0,858,872,872,1,5,0,4,480,123000,11.719939634354557,1730,1.0,6.0,20,6920,36,0.0,2616,2616,1440.0,0.0,1.0,0.0,0.0,1.0,0.0,0.0,0.0,0.0,1.0,1.0,0.0,0.0,1.0,0.0,0.0
6,2003,0.0,1114,1114,1114,1,6,0,2,576,155000,11.951180395901384,2228,2.0,7.0,30,13368,5,0.0,5570,4456,1728.0,0.0,1.0,1.0,0.0,0.0,1.0,1.0,0.0,1.0,0.0,1.0,0.0,0.0,1.0,0.0,0.0
8,2002,149.0,1284,1284,2169,2,7,1,2,647,228500,12.339291489316397,3453,2.5,9.5,40,27624,5,596.0,10845,8676,1941.0,1.0,0.0,1.0,0.0,0.0,0.0,1.0,0.0,1.0,0.0,0.0,1.0,0.0,0.0,0.0,0.0
6,1928,0.0,896,1172,1913,1,9,1,2,342,177000,12.083905011555968,2809,1.5,10.5,36,16854,81,0.0,7652,5739,684.0,0.0,1.0,0.0,0.0,1.0,0.0,0.0,0.0,0.0,1.0,0.0,0.0,0.0,1.0,0.0,1.0
7,2006,0.0,728,728,1456,2,8,1,2,440,155835,11.956553034172742,2184,2.5,10.5,35,15288,1,0.0,7280,5824,1320.0,1.0,0.0,1.0,0.0,0.0,0.0,1.0,0.0,1.0,0.0,0.0,1.0,1.0,0.0,0.0,0.0
4,1920,0.0,960,960,960,1,5,0,1,308,108500,11.594505451962652,1920,1.0,6.0,16,7680,87,0.0,3840,1920,924.0,0.0,1.0,1.0,0.0,1.0,0.0,0.0,0.0,0.0,0.0,1.0,0.0,0.0,1.0,1.0,0.0
7,1968,0.0,1568,2156,2156,2,9,1,2,508,262500,12.478006361013817,3724,2.0,11.0,49,26068,38,0.0,6468,6468,2032.0,0.0,1.0,0.0,0.0,1.0,0.0,0.0,0.0,0.0,1.0,0.0,1.0,0.0,0.0,0.0,0.0
8,2006,100.0,1732,1776,1776,2,7,1,3,712,283463,12.554836882168736,3508,3.0,9.0,40,28064,1,400.0,8880,7104,2136.0,1.0,0.0,1.0,1.0,0.0,1.0,1.0,0.0,1.0,0.0,0.0,1.0,1.0,0.0,0.0,1.0
7,1998,0.0,1482,1494,1494,2,5,1,2,514,215000,12.2783933071098,2976,3.0,7.0,35,20832,9,0.0,7470,5976,1542.0,1.0,0.0,1.0,0.0,0.0,1.0,1.0,0.0,1.0,0.0,0.0,1.0,0.0,0.0,0.0,0.0
8,1872,0.0,684,938,2358,2,8,0,0,0,122000,11.711776323715394,2837,2.0,10.0,40,22696,136,0.0,4716,7074,1452.0,0.0,1.0,0.0,0.0,1.0,0.0,0.0,0.0,0.0,1.0,1.0,0.0,0.0,0.0,1.0,0.0
5,1969,368.0,1248,1338,2634,2,12,0,4,968,200000,12.206072645530174,3882,4.5,15.0,25,19410,40,1104.0,7902,7902,2904.0,0.0,1.0,0.0,0.0,1.0,0.0,0.0,0.0,0.0,1.0,1.0,0.0,0.0,1.0,0.0,0.0
6,1962,318.0,858,858,1716,1,8,1,2,490,171000,12.049418835484795,2574,1.5,9.5,36,15444,46,954.0,8580,5148,1470.0,0.0,1.0,0.0,0.0,1.0,0.0,1.0,0.0,0.0,1.0,0.0,1.0,1.0,0.0,0.0,0.0
6,1937,0.0,698,786,1176,1,4,0,2,624,134900,11.812289042195848,1874,1.0,5.0,54,11244,72,0.0,3528,3528,1872.0,1.0,0.0,0.0,0.0,1.0,0.0,0.0,0.0,0.0,1.0,1.0,0.0,0.0,1.0,1.0,0.0
8,1995,579.0,2033,2053,3238,2,9,1,3,666,410000,12.92391243868049,5271,3.5,11.5,40,42168,15,2316.0,16190,12952,1998.0,1.0,0.0,1.0,0.0,0.0,1.0,1.0,0.0,1.0,0.0,0.0,1.0,1.0,0.0,0.0,1.0
7,2000,0.0,992,992,1865,2,7,1,3,839,235000,12.367340793126296,2857,3.5,9.5,35,19999,8,0.0,9325,7460,2517.0,1.0,0.0,1.0,0.0,0.0,1.0,1.0,0.0,1.0,0.0,0.0,1.0,0.0,0.0,0.0,0.0
7,1968,143.0,570,1222,1920,3,8,1,2,487,170000,12.0435537160324,2490,3.0,11.0,42,17430,38,429.0,7680,7680,1461.0,0.0,1.0,0.0,0.0,1.0,0.0,0.0,0.0,1.0,0.0,0.0,1.0,0.0,0.0,0.0,0.0
5,1966,65.0,864,892,892,1,5,0,1,264,110000,11.608235644774552,1756,1.0,6.0,25,8780,42,195.0,2676,2676,792.0,0.0,1.0,0.0,0.0,1.0,0.0,0.0,0.0,0.0,1.0,1.0,1.0,0.0,0.0,0.0,0.0
5,1971,0.0,1078,1078,1078,1,6,1,2,500,149900,11.917723684090689,2156,2.5,7.5,30,10780,39,0.0,5390,3234,1500.0,0.0,1.0,0.0,0.0,1.0,1.0,1.0,0.0,0.0,1.0,0.0,1.0,1.0,0.0,0.0,0.0
6,2000,216.0,756,769,1573,2,5,0,2,440,177500,12.086725887897607,2329,2.5,7.5,30,13974,10,864.0,7865,6292,1320.0,1.0,0.0,1.0,0.0,0.0,1.0,1.0,0.0,1.0,0.0,1.0,0.0,0.0,1.0,0.0,1.0
9,2004,66.0,1980,1980,1980,2,8,1,3,770,315000,12.66032791780777,3960,3.0,10.0,45,35640,2,264.0,9900,9900,2310.0,1.0,0.0,1.0,1.0,0.0,1.0,1.0,1.0,0.0,0.0,0.0,1.0,1.0,0.0,0.0,1.0
5,1921,0.0,612,990,2601,3,8,0,2,621,189000,12.14950229404178,3213,3.5,11.5,30,16065,87,0.0,13005,7803,1863.0,0.0,1.0,0.0,0.0,1.0,0.0,1.0,0.0,0.0,1.0,1.0,0.0,0.0,0.0,0.0,0.0
7,2005,16.0,1530,1530,1530,2,7,1,2,430,260000,12.468436909997664,3060,3.0,9.0,35,21420,4,64.0,7650,6120,1290.0,1.0,0.0,1.0,1.0,0.0,0.0,1.0,0.0,1.0,0.0,0.0,1.0,1.0,0.0,0.0,1.0
4,1920,0.0,715,1281,1738,2,7,1,1,368,104900,11.560762794384388,2453,2.0,9.0,16,9812,89,0.0,6952,5214,1104.0,0.0,1.0,0.0,0.0,1.0,0.0,0.0,0.0,0.0,1.0,0.0,1.0,0.0,1.0,0.0,0.0
6,2006,0.0,616,616,1412,2,6,1,2,432,156932,11.963567869487337,2028,2.5,8.5,30,12168,1,0.0,7060,5648,1296.0,0.0,1.0,1.0,0.0,0.0,0.0,1.0,0.0,1.0,0.0,0.0,0.0,1.0,0.0,0.0,0.0
7,2005,0.0,600,520,1200,2,4,0,2,480,144152,11.87862357740665,1720,2.5,6.5,35,12040,1,0.0,6000,4800,1440.0,1.0,0.0,1.0,0.0,0.0,0.0,1.0,0.0,1.0,0.0,1.0,0.0,0.0,0.0,0.0,1.0
7,2000,0.0,814,814,1674,2,7,0,2,663,216000,12.283033686666302,2488,3.5,9.5,35,17416,10,0.0,8370,6696,1989.0,1.0,0.0,1.0,0.0,0.0,1.0,1.0,0.0,1.0,0.0,1.0,1.0,0.0,0.0,0.0,1.0
7,1999,158.0,873,882,1790,2,7,0,2,588,193000,12.170445467887022,2663,3.5,9.5,35,18641,9,632.0,8950,7160,1764.0,1.0,0.0,1.0,0.0,0.0,1.0,1.0,0.0,1.0,0.0,1.0,1.0,0.0,0.0,0.0,0.0
5,1977,0.0,757,925,1475,2,6,1,1,336,127000,11.751942365440728,2232,2.0,8.0,30,11160,29,0.0,7375,4425,1008.0,0.0,1.0,1.0,0.0,1.0,0.0,1.0,0.0,0.0,1.0,0.0,1.0,0.0,0.0,1.0,0.0
6,2003,170.0,848,848,848,1,4,0,2,420,144000,11.877568578558138,1696,2.0,5.0,30,10176,6,680.0,4240,3392,1260.0,1.0,0.0,1.0,0.0,0.0,1.0,1.0,0.0,1.0,0.0,1.0,1.0,1.0,0.0,0.0,0.0
8,2003,171.0,1657,1668,1668,2,8,1,2,502,232000,12.354492650648448,3325,3.0,10.0,40,26600,7,684.0,8340,6672,1506.0,1.0,0.0,1.0,0.0,0.0,0.0,1.0,0.0,1.0,0.0,0.0,1.0,1.0,0.0,0.0,0.0
4,1920,0.0,840,840,1374,1,6,0,1,338,105000,11.56171562913966,2214,1.0,7.0,24,8856,89,0.0,6870,4122,1014.0,0.0,0.0,1.0,0.0,1.0,0.0,1.0,0.0,0.0,1.0,1.0,0.0,1.0,0.0,1.0,0.0
6,1955,0.0,992,1661,1661,1,8,1,1,377,165500,12.016726473799254,2653,2.0,9.0,36,15918,53,0.0,6644,6644,1131.0,0.0,1.0,0.0,0.0,1.0,0.0,0.0,0.0,1.0,0.0,0.0,0.0,0.0,0.0,0.0,0.0
7,1998,0.0,1108,1108,2097,2,8,1,2,583,274300,12.521977676925694,3205,3.5,10.5,42,22435,8,0.0,10485,8388,1749.0,0.0,1.0,1.0,0.0,0.0,1.0,1.0,0.0,1.0,0.0,0.0,0.0,0.0,0.0,0.0,0.0
10,2001,705.0,2633,2633,2633,2,8,2,3,804,466500,13.053013299269535,5266,3.5,10.5,50,52660,6,3525.0,13165,13165,2412.0,0.0,0.0,1.0,1.0,0.0,1.0,1.0,1.0,0.0,0.0,0.0,1.0,0.0,0.0,0.0,1.0
7,2005,0.0,1026,1026,1958,2,9,1,3,936,250000,12.429216196844385,2984,2.5,11.5,35,20888,3,0.0,9790,7832,2808.0,1.0,0.0,1.0,0.0,0.0,0.0,1.0,0.0,1.0,0.0,0.0,1.0,1.0,0.0,0.0,1.0
8,2007,80.0,1571,1571,1571,2,7,1,3,722,239000,12.384218830913648,3142,2.0,9.0,40,25136,0,320.0,7855,6284,2166.0,1.0,0.0,1.0,0.0,0.0,0.0,1.0,0.0,1.0,0.0,0.0,1.0,1.0,0.0,0.0,1.0
6,1930,0.0,768,790,790,1,4,0,1,160,91000,11.418614785498988,1558,1.0,5.0,30,9348,78,0.0,2370,2370,320.0,0.0,1.0,0.0,0.0,0.0,0.0,0.0,0.0,0.0,1.0,1.0,0.0,0.0,1.0,0.0,0.0
5,1941,0.0,984,984,1604,2,6,0,2,660,117000,11.669929213779891,2588,2.0,8.0,25,12940,68,0.0,8020,4812,1980.0,0.0,1.0,0.0,0.0,1.0,0.0,1.0,0.0,0.0,1.0,1.0,0.0,0.0,1.0,1.0,0.0
6,1973,408.0,483,483,987,1,5,0,1,264,83000,11.326595886778737,1470,1.5,6.5,30,8820,33,1224.0,2961,2961,792.0,0.0,1.0,0.0,0.0,1.0,0.0,0.0,0.0,0.0,1.0,1.0,0.0,0.0,1.0,1.0,0.0
5,2006,0.0,384,754,1394,2,7,0,2,400,167500,12.028738630247258,1778,2.5,9.5,25,8890,2,0.0,5576,5576,1200.0,0.0,1.0,1.0,0.0,0.0,0.0,0.0,0.0,1.0,0.0,1.0,0.0,1.0,0.0,0.0,1.0
3,1914,0.0,864,864,864,1,5,0,1,200,58500,10.976782033219948,1728,2.0,6.0,9,5184,96,0.0,2592,2592,600.0,0.0,1.0,0.0,0.0,1.0,0.0,0.0,0.0,0.0,1.0,1.0,0.0,0.0,1.0,1.0,0.0
6,1970,0.0,1205,2117,2117,2,7,2,2,550,237500,12.377922902456833,3322,2.5,9.5,42,19932,38,0.0,10585,6351,1650.0,0.0,1.0,0.0,0.0,1.0,0.0,1.0,0.0,0.0,1.0,0.0,1.0,1.0,0.0,0.0,0.0
7,1920,0.0,596,998,1762,1,8,0,2,576,157000,11.964001084330445,2358,2.5,9.5,49,16506,86,0.0,8810,7048,1728.0,0.0,1.0,0.0,0.0,0.0,0.0,1.0,0.0,1.0,0.0,1.0,0.0,0.0,1.0,1.0,0.0
5,1918,0.0,816,1416,1416,2,7,0,2,576,112000,11.626254150277232,2232,2.0,9.0,35,11160,89,0.0,7080,5664,1728.0,0.0,1.0,0.0,0.0,1.0,0.0,1.0,0.0,1.0,0.0,1.0,1.0,0.0,1.0,0.0,0.0
6,1939,0.0,560,698,1258,1,6,0,1,280,105000,11.56171562913966,1818,1.0,7.0,30,10908,70,0.0,3774,3774,840.0,0.0,1.0,0.0,0.0,1.0,0.0,0.0,0.0,0.0,1.0,1.0,0.0,0.0,1.0,1.0,0.0
4,1922,0.0,796,796,1154,1,7,0,1,240,125500,11.740061037553977,1950,2.0,8.0,32,7800,88,0.0,4616,4616,720.0,0.0,1.0,0.0,0.0,1.0,0.0,0.0,0.0,1.0,0.0,1.0,0.0,0.0,1.0,1.0,0.0
7,1978,184.0,1392,1392,2784,3,12,2,2,564,250000,12.429216196844385,4176,4.5,15.5,35,29232,28,552.0,8352,11136,1692.0,0.0,1.0,0.0,0.0,0.0,0.0,0.0,0.0,1.0,0.0,0.0,1.0,0.0,0.0,0.0,0.0
6,1916,0.0,714,1664,2526,2,10,1,1,216,136000,11.820410164718188,3240,2.0,12.0,42,19440,91,0.0,7578,10104,648.0,0.0,1.0,0.0,0.0,1.0,0.0,0.0,0.0,1.0,0.0,0.0,0.0,0.0,1.0,1.0,0.0
9,2006,160.0,1746,1746,1746,2,7,2,3,758,377500,12.841325847671216,3492,3.0,9.0,45,31428,3,800.0,8730,8730,2274.0,0.0,0.0,1.0,1.0,0.0,1.0,1.0,1.0,0.0,0.0,0.0,1.0,1.0,0.0,0.0,0.0
6,1941,0.0,735,869,1218,1,6,1,2,440,131000,11.782952602183288,1953,1.5,7.0,36,11718,66,0.0,6090,3654,1320.0,0.0,1.0,0.0,0.0,1.0,0.0,1.0,0.0,0.0,1.0,0.0,0.0,0.0,1.0,1.0,0.0
7,2000,244.0,1525,1525,1525,2,6,0,2,541,235000,12.367340793126296,3050,3.0,8.0,35,21350,6,976.0,7625,6100,1623.0,1.0,0.0,1.0,0.0,0.0,1.0,1.0,0.0,1.0,0.0,1.0,1.0,0.0,0.0,0.0,0.0
5,1967,0.0,1584,1584,1584,2,8,0,3,792,124000,11.728036844587177,3168,2.0,10.0,25,15840,42,0.0,4752,4752,2376.0,0.0,1.0,0.0,0.0,1.0,0.0,0.0,0.0,0.0,1.0,1.0,0.0,0.0,1.0,0.0,0.0
5,1967,0.0,864,900,900,1,6,1,1,288,123000,11.719939634354557,1764,2.0,7.0,25,8820,39,0.0,2700,2700,864.0,0.0,1.0,0.0,0.0,1.0,0.0,0.0,0.0,0.0,1.0,0.0,1.0,0.0,0.0,0.0,0.0
6,1905,0.0,482,1221,1912,2,7,1,2,672,163000,12.0015054797889,2394,2.0,9.0,42,14364,103,0.0,9560,5736,2688.0,0.0,1.0,0.0,0.0,0.0,0.0,1.0,0.0,0.0,1.0,0.0,0.0,0.0,1.0,1.0,0.0
7,2006,45.0,1356,1500,1500,2,6,1,3,648,246578,12.415433652431746,2856,3.0,8.0,35,19992,0,180.0,7500,6000,1944.0,1.0,0.0,1.0,0.0,0.0,1.0,1.0,0.0,1.0,0.0,0.0,1.0,1.0,0.0,0.0,0.0
8,2005,245.0,1094,1133,2482,2,9,1,3,642,281213,12.54686766829102,3576,2.5,11.5,40,28608,2,980.0,12410,9928,1926.0,1.0,0.0,1.0,0.0,0.0,0.0,1.0,0.0,1.0,0.0,0.0,0.0,1.0,0.0,0.0,1.0
5,1948,0.0,747,1687,1687,1,7,2,2,572,160000,11.982929094215963,2434,2.0,8.0,25,12170,62,0.0,5061,5061,1716.0,0.0,1.0,0.0,0.0,1.0,0.0,0.0,0.0,0.0,1.0,0.0,0.0,0.0,1.0,0.0,1.0
5,1920,0.0,939,939,1513,1,8,0,1,180,137500,11.831379196088765,2452,1.5,9.5,40,12260,87,0.0,7565,4539,360.0,0.0,1.0,0.0,0.0,1.0,0.0,1.0,0.0,0.0,1.0,1.0,0.0,0.0,1.0,1.0,0.0
5,1950,0.0,1208,1136,1904,1,7,0,1,240,138000,11.83500896413934,3112,2.5,8.5,20,15560,59,0.0,7616,5712,720.0,0.0,1.0,0.0,0.0,1.0,0.0,0.0,0.0,0.0,1.0,1.0,1.0,0.0,1.0,0.0,0.0
6,1925,0.0,976,1160,1608,2,7,1,1,216,137450,11.83101549359339,2584,2.5,9.5,36,15504,84,0.0,8040,6432,432.0,0.0,1.0,0.0,0.0,1.0,0.0,1.0,0.0,1.0,0.0,0.0,0.0,0.0,1.0,0.0,0.0
6,1929,0.0,862,950,1158,1,5,1,1,208,120000,11.695247021764184,2020,1.0,6.0,42,12120,79,0.0,3474,3474,624.0,0.0,1.0,0.0,0.0,1.0,0.0,0.0,0.0,0.0,1.0,0.0,0.0,0.0,0.0,1.0,0.0
6,2004,0.0,839,864,1593,2,8,1,2,398,193000,12.170445467887022,2432,3.5,10.5,30,14592,4,0.0,7965,4779,1194.0,0.0,1.0,1.0,0.0,1.0,1.0,1.0,0.0,0.0,1.0,0.0,1.0,1.0,0.0,0.0,0.0
7,2006,0.0,1286,1294,1294,2,6,1,2,662,193879,12.174989532116426,2580,2.0,8.0,35,18060,0,0.0,6470,5176,1986.0,1.0,0.0,1.0,0.0,0.0,0.0,1.0,0.0,1.0,0.0,0.0,1.0,0.0,0.0,0.0,0.0
8,2007,84.0,1485,1464,1464,2,6,0,3,754,282922,12.552926520261092,2949,3.0,8.0,40,23592,0,336.0,7320,5856,2262.0,1.0,0.0,1.0,0.0,0.0,1.0,1.0,0.0,1.0,0.0,1.0,1.0,0.0,1.0,0.0,1.0
3,1915,0.0,672,694,1214,1,6,0,3,936,105000,11.56171562913966,1886,1.0,7.0,12,5658,91,0.0,3642,3642,2808.0,0.0,1.0,1.0,0.0,1.0,0.0,0.0,0.0,0.0,1.0,1.0,0.0,0.0,1.0,1.0,0.0
8,2004,174.0,1594,1646,1646,2,5,1,2,482,275000,12.524526376648708,3240,3.5,7.0,40,25920,4,696.0,8230,6584,1446.0,1.0,0.0,1.0,1.0,0.0,1.0,1.0,0.0,1.0,0.0,0.0,1.0,1.0,0.0,0.0,1.0
5,1972,0.0,768,768,768,1,5,0,2,396,133000,11.79810440720389,1536,2.0,6.0,35,7680,37,0.0,2304,2304,1188.0,0.0,1.0,0.0,0.0,0.0,1.0,0.0,0.0,0.0,1.0,1.0,0.0,0.0,1.0,0.0,0.0
5,1985,0.0,833,833,833,1,5,0,0,0,112000,11.626254150277232,1666,2.0,6.0,25,8330,24,0.0,4165,2499,1452.0,0.0,1.0,0.0,0.0,1.0,0.0,1.0,0.0,0.0,1.0,1.0,0.0,0.0,0.0,0.0,0.0
4,1910,0.0,622,741,1363,1,6,0,2,528,125500,11.740061037553977,1985,1.0,7.0,28,7940,100,0.0,5452,4089,1584.0,0.0,1.0,0.0,0.0,0.0,0.0,0.0,0.0,0.0,1.0,1.0,0.0,0.0,1.0,1.0,0.0
7,1986,123.0,791,1236,2093,2,7,1,2,542,215000,12.2783933071098,2884,2.5,9.5,42,20188,22,369.0,8372,6279,1626.0,0.0,1.0,0.0,0.0,0.0,0.0,0.0,0.0,0.0,1.0,0.0,1.0,1.0,0.0,0.0,0.0
7,2001,0.0,944,944,1840,2,6,0,2,622,230000,12.345834587905332,2784,3.5,8.5,35,19488,8,0.0,9200,7360,1866.0,1.0,0.0,1.0,0.0,0.0,1.0,1.0,0.0,1.0,0.0,1.0,1.0,0.0,0.0,0.0,0.0
6,1950,0.0,856,1112,1668,1,6,0,1,271,140000,11.84939770159144,2524,1.5,7.5,48,15144,59,0.0,8340,5004,813.0,0.0,1.0,0.0,0.0,1.0,0.0,1.0,0.0,0.0,1.0,1.0,1.0,0.0,1.0,0.0,0.0
4,1949,0.0,0,1040,1040,2,6,0,2,420,90000,11.407564949312402,1040,2.0,8.0,20,4160,60,0.0,2080,3120,1260.0,0.0,1.0,0.0,0.0,0.0,0.0,0.0,0.0,0.0,1.0,1.0,0.0,0.0,1.0,0.0,0.0
8,2005,366.0,1844,1844,1844,2,7,1,2,620,257000,12.456831363877356,3688,3.0,9.0,40,29504,4,1464.0,9220,7376,1860.0,1.0,0.0,1.0,0.0,0.0,1.0,1.0,0.0,1.0,0.0,0.0,1.0,1.0,0.0,0.0,0.0
6,1923,0.0,833,1053,1848,1,8,1,2,370,207000,12.240474072247506,2681,1.5,9.5,42,16086,85,0.0,7392,7392,1110.0,0.0,1.0,0.0,0.0,1.0,0.0,0.0,0.0,1.0,0.0,0.0,0.0,0.0,1.0,1.0,0.0
7,2007,130.0,1386,1569,1569,2,7,1,3,660,175900,12.077670930725647,2955,2.5,9.0,35,20685,2,520.0,7845,6276,1980.0,1.0,0.0,1.0,0.0,0.0,0.0,1.0,0.0,1.0,0.0,0.0,1.0,0.0,0.0,0.0,0.0
4,1885,0.0,777,1246,2290,2,11,0,2,560,122500,11.715866308966918,3067,2.0,13.0,24,12268,125,0.0,9160,6870,1680.0,0.0,1.0,1.0,0.0,1.0,0.0,0.0,0.0,0.0,1.0,1.0,0.0,0.0,1.0,1.0,0.0
8,1998,731.0,1284,1310,2450,2,7,1,3,1069,340000,12.736700896592344,3734,3.5,9.5,40,29872,11,2924.0,12250,9800,3207.0,1.0,0.0,1.0,0.0,0.0,1.0,1.0,0.0,1.0,0.0,0.0,1.0,1.0,0.0,0.0,1.0
5,1963,0.0,1144,1144,1144,1,6,0,1,336,124000,11.728036844587177,2288,2.5,7.5,25,11440,45,0.0,3432,3432,1008.0,0.0,1.0,0.0,0.0,1.0,0.0,0.0,0.0,0.0,1.0,1.0,0.0,0.0,1.0,0.0,0.0
6,1969,312.0,1844,1844,1844,2,7,1,2,540,223000,12.314927050442256,3688,3.0,9.0,30,22128,37,1248.0,7376,7376,1620.0,1.0,0.0,0.0,0.0,1.0,0.0,0.0,0.0,1.0,0.0,0.0,1.0,0.0,0.0,0.0,1.0
6,1968,420.0,708,708,1416,2,7,1,2,776,179900,12.100156419938624,2124,2.5,9.5,36,12744,38,1260.0,5664,4248,2328.0,0.0,1.0,0.0,0.0,1.0,0.0,0.0,0.0,0.0,1.0,0.0,1.0,0.0,0.0,0.0,0.0
6,1977,0.0,1069,1069,1069,2,4,1,2,440,127500,11.755871643580615,2138,2.0,6.0,30,12828,33,0.0,3207,3207,1320.0,0.0,1.0,0.0,0.0,0.0,0.0,0.0,0.0,0.0,1.0,0.0,1.0,0.0,0.0,0.0,0.0
6,2003,170.0,848,848,848,1,3,0,2,420,136500,11.824079893607152,1696,2.0,4.0,30,10176,5,680.0,4240,3392,1260.0,1.0,0.0,1.0,0.0,0.0,1.0,1.0,0.0,1.0,0.0,1.0,1.0,1.0,0.0,0.0,0.0
6,1966,0.0,697,1575,2201,2,8,1,2,432,274970,12.524417279788771,2898,2.0,10.0,42,17388,40,0.0,6603,8804,1728.0,1.0,0.0,0.0,0.0,0.0,0.0,0.0,0.0,1.0,0.0,0.0,1.0,0.0,1.0,1.0,0.0
5,1958,0.0,1024,1344,1344,1,6,1,1,484,144000,11.877568578558138,2368,2.0,7.0,25,11840,49,0.0,4032,4032,1452.0,0.0,1.0,0.0,0.0,1.0,0.0,0.0,0.0,0.0,1.0,0.0,0.0,0.0,1.0,0.0,0.0
6,1959,243.0,1252,1252,1252,1,7,0,2,528,142000,11.8635823365834,2504,1.0,8.0,36,15024,49,972.0,6260,5008,1584.0,1.0,0.0,0.0,0.0,1.0,0.0,1.0,0.0,1.0,0.0,1.0,0.0,0.0,1.0,0.0,0.0
7,1994,448.0,1223,1223,2127,2,5,2,2,525,271000,12.509874099861838,3350,3.5,7.5,35,23450,14,1792.0,10635,8508,1575.0,1.0,0.0,1.0,0.0,0.0,1.0,1.0,0.0,1.0,0.0,0.0,1.0,0.0,0.0,0.0,1.0
5,1945,0.0,913,1048,1558,1,6,1,1,288,140000,11.84939770159144,2471,2.5,7.5,30,12355,63,0.0,4674,4674,864.0,0.0,1.0,0.0,0.0,1.0,0.0,0.0,0.0,0.0,1.0,0.0,1.0,0.0,1.0,0.0,0.0
5,1940,294.0,788,804,804,1,4,2,1,240,119000,11.686878772093667,1592,2.0,5.0,35,7960,70,882.0,2412,3216,720.0,0.0,1.0,0.0,0.0,1.0,0.0,0.0,0.0,1.0,0.0,0.0,1.0,0.0,1.0,1.0,0.0
6,1981,310.0,1440,1440,1440,2,7,1,2,467,182900,12.116694834378958,2880,2.0,9.0,42,17280,26,1240.0,7200,5760,1401.0,1.0,0.0,0.0,0.0,0.0,0.0,1.0,0.0,1.0,0.0,0.0,1.0,1.0,0.0,0.0,0.0
5,2005,0.0,732,734,1838,2,7,1,2,372,192140,12.16597955196373,2570,2.5,9.5,25,12850,1,0.0,9190,5514,1116.0,1.0,0.0,1.0,0.0,0.0,0.0,1.0,0.0,0.0,1.0,0.0,0.0,1.0,0.0,0.0,0.0
6,1976,0.0,958,958,958,2,5,0,2,440,143750,11.875830958659597,1916,2.0,7.0,36,11496,33,0.0,2874,2874,1320.0,0.0,1.0,0.0,0.0,0.0,0.0,0.0,0.0,0.0,1.0,1.0,1.0,0.0,0.0,0.0,0.0
4,1927,0.0,656,968,968,2,5,0,1,216,64500,11.074420502783864,1624,2.0,7.0,24,6496,80,0.0,2904,2904,432.0,0.0,1.0,0.0,0.0,1.0,0.0,0.0,0.0,0.0,1.0,1.0,0.0,0.0,1.0,1.0,0.0
6,2000,318.0,936,962,1792,2,8,1,2,451,186500,12.136186518066006,2728,3.5,10.5,30,16368,8,954.0,8960,5376,1353.0,0.0,1.0,1.0,0.0,0.0,0.0,1.0,0.0,0.0,1.0,0.0,1.0,1.0,0.0,0.0,0.0
5,1977,0.0,1126,1126,1126,2,5,1,2,484,160000,11.982929094215963,2252,3.0,7.0,25,11260,29,0.0,2252,3378,1452.0,0.0,1.0,0.0,0.0,1.0,0.0,0.0,0.0,0.0,1.0,0.0,1.0,0.0,0.0,0.0,0.0
6,1962,237.0,1319,1537,1537,1,7,1,2,462,174000,12.066810578196666,2856,2.5,8.5,54,17136,46,948.0,4611,6148,1386.0,1.0,0.0,0.0,0.0,1.0,0.0,0.0,0.0,1.0,0.0,0.0,1.0,0.0,0.0,0.0,0.0
4,1971,0.0,864,864,864,1,5,0,2,528,120500,11.699405031912846,1728,1.0,6.0,24,6912,36,0.0,2592,2592,1584.0,0.0,1.0,1.0,0.0,1.0,0.0,0.0,0.0,0.0,1.0,1.0,0.0,0.0,1.0,0.0,0.0
8,2008,426.0,1932,1932,1932,2,7,1,3,774,394617,12.885670953244288,3864,3.0,9.0,40,30912,0,2130.0,9660,9660,2322.0,0.0,0.0,1.0,1.0,0.0,1.0,1.0,1.0,0.0,0.0,0.0,1.0,1.0,0.0,0.0,1.0
6,1957,0.0,912,1236,1236,1,6,0,2,923,149700,11.91638857040772,2148,2.0,7.0,42,12888,53,0.0,3708,3708,2769.0,0.0,1.0,0.0,0.0,1.0,1.0,0.0,0.0,0.0,1.0,1.0,1.0,0.0,1.0,1.0,0.0
7,1979,96.0,539,1040,1725,2,6,1,2,550,197000,12.190959007720126,2264,2.5,8.5,42,15848,28,288.0,5175,5175,1650.0,0.0,1.0,0.0,0.0,1.0,1.0,0.0,0.0,0.0,1.0,0.0,1.0,0.0,0.0,0.0,0.0
6,1922,0.0,588,1423,2555,2,11,1,2,672,191000,12.160028707028768,2759,2.0,13.0,42,16554,86,0.0,5110,7665,2016.0,0.0,1.0,0.0,1.0,0.0,0.0,0.0,0.0,0.0,1.0,0.0,0.0,1.0,0.0,0.0,1.0
6,2004,147.0,848,848,848,1,3,1,2,420,149300,11.91371298352728,1696,2.0,4.0,30,10176,4,588.0,4240,3392,1260.0,1.0,0.0,1.0,0.0,0.0,1.0,1.0,0.0,1.0,0.0,0.0,1.0,0.0,0.0,0.0,0.0
10,2008,160.0,1017,1026,2007,2,10,1,3,812,310000,12.644327576461327,3024,3.5,12.5,50,30240,1,800.0,10035,10035,2436.0,0.0,0.0,1.0,1.0,0.0,1.0,1.0,1.0,0.0,0.0,0.0,1.0,1.0,0.0,0.0,1.0
6,1916,0.0,952,952,952,1,4,1,1,192,121000,11.703545824578878,1904,1.0,5.0,36,11424,93,0.0,1904,1904,384.0,0.0,1.0,0.0,0.0,1.0,0.0,0.0,0.0,0.0,0.0,0.0,0.0,0.0,1.0,1.0,0.0
7,2004,106.0,1422,1422,1422,2,7,0,2,626,179600,12.098487434850236,2844,2.0,9.0,35,19908,3,424.0,7110,5688,1878.0,1.0,0.0,1.0,0.0,0.0,0.0,1.0,0.0,1.0,0.0,1.0,1.0,0.0,0.0,0.0,0.0
6,1966,0.0,814,913,913,1,6,0,1,240,129000,11.76756768334381,1727,2.0,7.0,30,10362,41,0.0,3652,2739,720.0,0.0,1.0,0.0,0.0,1.0,0.0,0.0,0.0,0.0,1.0,1.0,0.0,0.0,1.0,0.0,0.0
5,1962,189.0,1188,1188,1188,1,6,0,1,312,157900,11.969717200243734,2376,1.0,7.0,35,11880,48,567.0,3564,3564,936.0,0.0,1.0,0.0,0.0,1.0,0.0,0.0,0.0,0.0,1.0,1.0,1.0,0.0,1.0,0.0,0.0
8,1995,438.0,1220,1220,2090,2,8,1,2,556,240000,12.388394202324127,3310,3.5,10.5,40,26480,12,1752.0,10450,8360,1668.0,1.0,0.0,1.0,0.0,0.0,1.0,1.0,0.0,1.0,0.0,0.0,1.0,0.0,0.0,0.0,0.0
4,1910,0.0,560,796,1346,1,6,0,1,384,112000,11.626254150277232,1906,1.5,7.5,28,7624,97,0.0,5384,4038,768.0,0.0,1.0,0.0,0.0,0.0,0.0,0.0,0.0,0.0,1.0,1.0,0.0,0.0,1.0,1.0,0.0
5,1970,0.0,630,630,630,1,3,0,0,0,92000,11.429543856031176,1260,2.0,4.0,35,6300,36,0.0,3150,3150,1452.0,0.0,1.0,0.0,0.0,0.0,1.0,1.0,1.0,0.0,0.0,1.0,0.0,0.0,0.0,1.0,0.0
5,1974,0.0,896,896,1792,2,8,0,0,0,136000,11.820410164718188,2688,3.0,11.0,25,13440,35,0.0,5376,5376,1452.0,0.0,1.0,0.0,0.0,0.0,0.0,0.0,0.0,0.0,1.0,1.0,0.0,0.0,0.0,0.0,0.0
8,2008,194.0,1573,1578,1578,2,7,1,3,840,287090,12.567551034433226,3151,2.0,9.0,40,25208,1,776.0,7890,7890,2520.0,1.0,0.0,1.0,0.0,0.0,0.0,1.0,1.0,0.0,0.0,0.0,1.0,1.0,0.0,0.0,1.0
5,2005,80.0,547,1072,1072,1,5,0,2,525,145000,11.884489021402713,1619,2.0,6.0,25,8095,1,240.0,4288,3216,1575.0,0.0,1.0,1.0,0.0,0.0,1.0,0.0,0.0,0.0,1.0,1.0,0.0,1.0,0.0,1.0,0.0
5,2006,0.0,1140,1140,1140,1,6,0,0,0,84500,11.344506813345266,2280,1.0,7.0,25,11400,0,0.0,5700,3420,1452.0,0.0,1.0,1.0,0.0,0.0,0.0,1.0,0.0,0.0,1.0,1.0,0.0,0.0,0.0,0.0,0.0
7,2004,0.0,1221,1221,1221,2,6,0,2,400,185000,12.128111104060462,2442,3.0,8.0,35,17094,5,0.0,6105,4884,1200.0,1.0,0.0,1.0,0.0,0.0,1.0,1.0,0.0,1.0,0.0,1.0,1.0,0.0,0.0,0.0,1.0
6,1999,0.0,953,953,1647,2,7,1,2,460,175000,12.072541252905651,2600,2.5,9.5,30,15600,8,0.0,8235,4941,1380.0,0.0,1.0,1.0,0.0,0.0,0.0,1.0,0.0,0.0,1.0,0.0,1.0,0.0,0.0,0.0,0.0
6,1978,119.0,1542,2073,2073,2,7,2,2,500,210000,12.254862809699606,3615,3.0,9.0,36,21690,32,357.0,6219,6219,1500.0,0.0,1.0,0.0,0.0,0.0,0.0,0.0,0.0,0.0,1.0,0.0,1.0,0.0,1.0,0.0,0.0
7,1941,0.0,1152,1188,2340,2,9,2,1,252,266500,12.493129522588037,3492,2.0,11.0,63,24444,69,0.0,11700,9360,756.0,0.0,0.0,0.0,0.0,1.0,1.0,1.0,0.0,1.0,0.0,0.0,1.0,0.0,0.0,0.0,1.0
5,1950,0.0,1078,1078,1078,1,5,0,1,240,142125,11.864462231052835,2156,2.0,6.0,30,10780,60,0.0,4312,4312,720.0,0.0,1.0,0.0,0.0,1.0,1.0,0.0,0.0,1.0,0.0,1.0,1.0,0.0,1.0,0.0,0.0
5,1965,0.0,1256,1256,1256,1,6,0,1,276,147500,11.901583454762012,2512,2.5,7.5,30,12560,43,0.0,5024,3768,828.0,1.0,0.0,0.0,0.0,1.0,0.0,0.0,0.0,0.0,1.0,1.0,1.0,1.0,0.0,1.0,0.0
