Id,MSSubClass,MSZoning,LotFrontage,LotArea,Street,Alley,LotShape,LandContour,LotConfig,LandSlope,Condition1,BldgType,HouseStyle,OverallQual,OverallCond,YearBuilt,RoofStyle,RoofMatl,Exterior1st,Exterior2nd,MasVnrType,MasVnrArea,ExterQual,ExterCond,Foundation,BsmtQual,BsmtCond,BsmtExposure,BsmtFinType1,BsmtFinSF1,BsmtFinType2,BsmtUnfSF,TotalBsmtSF,Heating,HeatingQC,CentralAir,Electrical,1stFlrSF,2ndFlrSF,LowQualFinSF,GrLivArea,BsmtFullBath,FullBath,HalfBath,BedroomAbvGr,KitchenAbvGr,KitchenQual,TotRmsAbvGrd,Functional,Fireplaces,FireplaceQu,GarageType,GarageFinish,GarageCars,GarageArea,GarageQual,GarageCond,PavedDrive,PoolArea,Fence,MiscVal,SaleType,SaleCondition,SalePrice,InternalSF,PorchDeckSF,TotalBath,TotRmsAbvGrdWithBath,InternalQual,InternalCond,HouseAge,RemodAge,GarageAge,ExterQaulScore,ExterCondScore,HeatingQCScore,KitchenQualScore,GarageQualScore,GarageCondScore,Neighborhood_Price_Bucket
1,60,RL,65.0,8450,Pave,Not Applicable,Reg,Lvl,Inside,Gtl,Norm,1Fam,2Story,7,5,2003,Gable,CompShg,VinylSd,VinylSd,BrkFace,196.0,Gd,TA,PConc,Gd,TA,No,GLQ,706,Unf,150,856,GasA,Ex,Y,SBrkr,856,854,0,1710,1,2,1,3,1,Gd,8,Typ,0,Not Applicable,Attchd,RFn,2,548,TA,TA,Y,0,Not Applicable,0,WD,Normal,208500,2566,61,3.5,10.5,17962,12830,5,5,5.0,784.0,588.0,8550,6840,1644.0,1644.0,Level_3
2,20,RL,80.0,9600,Pave,Not Applicable,Reg,Lvl,FR2,Gtl,Other,1Fam,1Story,6,8,1976,Gable,CompShg,MetalSd,MetalSd,Not Applicable,0.0,TA,TA,CBlock,Gd,TA,Gd,ALQ,978,Unf,284,1262,GasA,Ex,Y,SBrkr,1262,0,0,1262,0,2,0,3,1,TA,6,Typ,1,TA,Attchd,RFn,2,460,TA,TA,Y,0,Not Applicable,0,WD,Normal,181500,2524,298,2.5,8.0,15144,20192,31,31,31.0,0.0,0.0,6310,3786,1380.0,1380.0,Level_4
3,60,RL,68.0,11250,Pave,Not Applicable,IR1,Lvl,Inside,Gtl,Norm,1Fam,2Story,7,5,2001,Gable,CompShg,VinylSd,VinylSd,BrkFace,162.0,Gd,TA,PConc,Gd,TA,Mn,GLQ,486,Unf,434,920,GasA,Ex,Y,SBrkr,920,866,0,1786,1,2,1,3,1,Gd,6,Typ,1,TA,Attchd,RFn,2,608,TA,TA,Y,0,Not Applicable,0,WD,Normal,223500,2706,42,3.5,8.5,18942,13530,7,6,7.0,648.0,486.0,8930,7144,1824.0,1824.0,Level_3
4,70,RL,60.0,9550,Pave,Not Applicable,IR1,Lvl,Corner,Gtl,Norm,1Fam,2Story,7,5,1915,Gable,CompShg,Wd Sdng,Wd Shng,Not Applicable,0.0,TA,TA,BrkTil,TA,Other,No,ALQ,216,Unf,540,756,GasA,Gd,Y,SBrkr,961,756,0,1717,1,1,0,3,1,Gd,7,Typ,1,Gd,Detchd,Unf,3,642,TA,TA,Y,0,Not Applicable,0,WD,Abnorml,140000,2473,307,2.0,8.0,17311,12365,91,36,8.0,0.0,0.0,6868,6868,1926.0,1926.0,Level_4
5,60,RL,84.0,14260,Pave,Not Applicable,IR1,Lvl,FR2,Gtl,Norm,1Fam,2Story,8,5,2000,Gable,CompShg,VinylSd,VinylSd,BrkFace,350.0,Gd,TA,PConc,Gd,TA,Av,GLQ,655,Unf,490,1145,GasA,Ex,Y,SBrkr,1145,1053,0,2198,1,2,1,4,1,Gd,9,Typ,1,TA,Attchd,RFn,3,836,TA,TA,Y,0,Not Applicable,0,WD,Normal,250000,3343,276,3.5,11.5,26744,16715,8,8,8.0,1400.0,1050.0,10990,8792,2508.0,2508.0,Level_4
6,50,RL,85.0,14115,Pave,Not Applicable,IR1,Lvl,Inside,Gtl,Norm,1Fam,1.5Fin,5,5,1993,Gable,CompShg,VinylSd,VinylSd,Not Applicable,0.0,TA,TA,Wood,Gd,TA,No,GLQ,732,Unf,64,796,GasA,Ex,Y,SBrkr,796,566,0,1362,1,1,1,1,1,TA,5,Typ,0,Not Applicable,Attchd,Unf,2,480,TA,TA,Y,0,MnPrv,700,WD,Normal,143000,2158,390,2.5,6.5,10790,10790,16,14,16.0,0.0,0.0,6810,4086,1440.0,1440.0,Level_2
7,20,RL,75.0,10084,Pave,Not Applicable,Reg,Lvl,Inside,Gtl,Norm,1Fam,1Story,8,5,2004,Gable,CompShg,VinylSd,VinylSd,Stone,186.0,Gd,TA,PConc,Ex,TA,Av,GLQ,1369,Unf,317,1686,GasA,Ex,Y,SBrkr,1694,0,0,1694,1,2,0,3,1,Gd,7,Typ,1,Gd,Attchd,RFn,2,636,TA,TA,Y,0,Not Applicable,0,WD,Normal,307000,3380,312,3.0,9.0,27040,16900,3,2,3.0,744.0,558.0,8470,6776,1908.0,1908.0,Level_4
8,60,RL,69.0,10382,Pave,Not Applicable,IR1,Lvl,Corner,Gtl,Other,1Fam,2Story,7,6,1973,Gable,CompShg,HdBoard,HdBoard,Stone,240.0,TA,TA,CBlock,Gd,TA,Mn,ALQ,859,Other,216,1107,GasA,Ex,Y,SBrkr,1107,983,0,2090,1,2,1,3,1,TA,7,Typ,2,TA,Attchd,RFn,2,484,TA,TA,Y,0,Not Applicable,350,WD,Normal,200000,3197,667,3.5,9.5,22379,19182,36,36,36.0,720.0,720.0,10450,6270,1452.0,1452.0,Level_3
9,50,RM,51.0,6120,Pave,Not Applicable,Reg,Lvl,Inside,Gtl,Other,1Fam,1.5Fin,7,5,1931,Gable,CompShg,BrkFace,Wd Shng,Not Applicable,0.0,TA,TA,BrkTil,TA,TA,No,Unf,0,Unf,952,952,GasA,Gd,Y,FuseF,1022,752,0,1774,0,2,0,2,2,TA,8,Other,2,TA,Detchd,Unf,2,468,Other,TA,Y,0,Not Applicable,0,WD,Abnorml,129900,2726,295,2.0,10.0,19082,13630,77,58,77.0,0.0,0.0,7096,5322,936.0,1404.0,Level_1
10,190,RL,50.0,7420,Pave,Not Applicable,Reg,Lvl,Corner,Gtl,Other,2fmCon,1.5Unf,5,6,1939,Gable,CompShg,MetalSd,MetalSd,Not Applicable,0.0,TA,TA,BrkTil,TA,TA,No,GLQ,851,Unf,140,991,GasA,Ex,Y,SBrkr,1077,0,0,1077,1,1,0,2,2,TA,5,Typ,2,TA,Attchd,RFn,1,205,Other,TA,Y,0,Not Applicable,0,WD,Normal,118000,2068,4,2.0,6.0,10340,12408,69,58,69.0,0.0,0.0,5385,3231,820.0,615.0,Level_1
11,20,RL,70.0,11200,Pave,Not Applicable,Reg,Lvl,Inside,Gtl,Norm,1Fam,1Story,5,5,1965,Other,CompShg,HdBoard,HdBoard,Not Applicable,0.0,TA,TA,CBlock,TA,TA,No,Rec,906,Unf,134,1040,GasA,Ex,Y,SBrkr,1040,0,0,1040,1,1,0,3,1,TA,5,Typ,0,Not Applicable,Detchd,Unf,1,384,TA,TA,Y,0,Not Applicable,0,WD,Normal,129500,2080,0,2.0,6.0,10400,10400,43,43,43.0,0.0,0.0,5200,3120,1152.0,1152.0,Level_2
12,60,RL,85.0,11924,Pave,Not Applicable,IR1,Lvl,Inside,Gtl,Norm,1Fam,2Story,9,5,2005,Other,CompShg,WdShing,Wd Shng,Stone,286.0,Ex,TA,PConc,Ex,TA,No,GLQ,998,Unf,177,1175,GasA,Ex,Y,SBrkr,1182,1142,0,2324,1,3,0,4,1,Ex,11,Typ,2,Gd,BuiltIn,Fin,3,736,TA,TA,Y,0,Not Applicable,0,New,Partial,345000,3499,168,4.0,14.0,31491,17495,1,0,1.0,1430.0,858.0,11620,11620,2208.0,2208.0,Level_4
13,20,RL,69.0,12968,Pave,Not Applicable,IR2,Lvl,Inside,Gtl,Norm,1Fam,1Story,5,6,1962,Other,CompShg,HdBoard,Plywood,Not Applicable,0.0,TA,TA,CBlock,TA,TA,No,ALQ,737,Unf,175,912,GasA,TA,Y,SBrkr,912,0,0,912,1,1,0,2,1,TA,4,Typ,0,Not Applicable,Detchd,Unf,1,352,TA,TA,Y,0,Not Applicable,0,WD,Normal,144000,1824,316,2.0,5.0,9120,10944,46,46,46.0,0.0,0.0,2736,2736,1056.0,1056.0,Level_2
14,20,RL,91.0,10652,Pave,Not Applicable,IR1,Lvl,Inside,Gtl,Norm,1Fam,1Story,7,5,2006,Gable,CompShg,VinylSd,VinylSd,Stone,306.0,Gd,TA,PConc,Gd,TA,Av,Unf,0,Unf,1494,1494,GasA,Ex,Y,SBrkr,1494,0,0,1494,0,2,0,3,1,Gd,7,Typ,1,Gd,Attchd,RFn,3,840,TA,TA,Y,0,Not Applicable,0,New,Partial,279500,2988,193,2.0,9.0,20916,14940,1,0,1.0,1224.0,918.0,7470,5976,2520.0,2520.0,Level_3
15,20,RL,69.0,10920,Pave,Not Applicable,IR1,Lvl,Corner,Gtl,Norm,1Fam,1Story,6,5,1960,Other,CompShg,MetalSd,MetalSd,BrkFace,212.0,TA,TA,CBlock,TA,TA,No,BLQ,733,Unf,520,1253,GasA,TA,Y,SBrkr,1253,0,0,1253,1,1,1,2,1,TA,5,Typ,1,Fa,Attchd,RFn,1,352,TA,TA,Y,0,GdWo,0,WD,Normal,157000,2506,389,2.5,6.5,15036,12530,48,48,48.0,636.0,636.0,3759,3759,1056.0,1056.0,Level_2
16,45,RM,51.0,6120,Pave,Not Applicable,Reg,Lvl,Corner,Gtl,Norm,1Fam,1.5Unf,7,8,1929,Gable,CompShg,Wd Sdng,Wd Sdng,Not Applicable,0.0,TA,TA,BrkTil,TA,TA,No,Unf,0,Unf,832,832,GasA,Ex,Y,FuseA,854,0,0,854,0,1,0,2,1,TA,5,Typ,0,Not Applicable,Detchd,Unf,2,576,TA,TA,Y,0,GdPrv,0,WD,Normal,132000,1686,160,1.0,6.0,11802,13488,78,6,16.0,0.0,0.0,4270,2562,1728.0,1728.0,Level_1
17,20,RL,69.0,11241,Pave,Not Applicable,IR1,Lvl,CulDSac,Gtl,Norm,1Fam,1Story,6,7,1970,Gable,CompShg,Wd Sdng,Wd Sdng,BrkFace,180.0,TA,TA,CBlock,TA,TA,No,ALQ,578,Unf,426,1004,GasA,Ex,Y,SBrkr,1004,0,0,1004,1,1,0,2,1,TA,5,Typ,1,TA,Attchd,Fin,2,480,TA,TA,Y,0,Not Applicable,700,WD,Normal,149000,2008,0,2.0,6.0,12048,14056,40,40,40.0,540.0,540.0,5020,3012,1440.0,1440.0,Level_2
18,90,RL,72.0,10791,Pave,Not Applicable,Reg,Lvl,Inside,Gtl,Norm,Duplex,1Story,4,5,1967,Gable,CompShg,MetalSd,MetalSd,Not Applicable,0.0,TA,TA,Slab,Not Applicable,Other,Not Applicable,Not Applicable,0,Other,0,0,GasA,TA,Y,SBrkr,1296,0,0,1296,0,2,0,2,2,TA,6,Typ,0,Not Applicable,CarPort,Unf,2,516,TA,TA,Y,0,Not Applicable,500,WD,Normal,90000,1296,0,2.0,8.0,5184,6480,39,39,39.0,0.0,0.0,3888,3888,1548.0,1548.0,Level_2
19,20,RL,66.0,13695,Pave,Not Applicable,Reg,Lvl,Inside,Gtl,Other,1Fam,1Story,5,5,2004,Gable,CompShg,VinylSd,VinylSd,Not Applicable,0.0,TA,TA,PConc,TA,TA,No,GLQ,646,Unf,468,1114,GasA,Ex,Y,SBrkr,1114,0,0,1114,1,1,1,3,1,Gd,6,Typ,0,Not Applicable,Detchd,Unf,2,576,TA,TA,Y,0,Not Applicable,0,WD,Normal,159000,2228,102,2.5,7.5,11140,11140,4,4,4.0,0.0,0.0,5570,4456,1728.0,1728.0,Level_3
20,20,RL,70.0,7560,Pave,Not Applicable,Reg,Lvl,Inside,Gtl,Norm,1Fam,1Story,5,6,1958,Other,CompShg,BrkFace,Plywood,Not Applicable,0.0,TA,TA,CBlock,TA,TA,No,LwQ,504,Unf,525,1029,GasA,TA,Y,SBrkr,1339,0,0,1339,0,1,0,3,1,TA,6,Other,0,Not Applicable,Attchd,Unf,1,294,TA,TA,Y,0,MnPrv,0,COD,Abnorml,139000,2368,0,1.0,7.0,11840,14208,51,44,51.0,0.0,0.0,4017,4017,882.0,882.0,Level_2
21,60,RL,101.0,14215,Pave,Not Applicable,IR1,Lvl,Corner,Gtl,Norm,1Fam,2Story,8,5,2005,Gable,CompShg,VinylSd,VinylSd,BrkFace,380.0,Gd,TA,PConc,Ex,TA,Av,Unf,0,Unf,1158,1158,GasA,Ex,Y,SBrkr,1158,1218,0,2376,0,3,1,4,1,Gd,9,Typ,1,Gd,BuiltIn,RFn,3,853,TA,TA,Y,0,Not Applicable,0,New,Partial,325300,3534,394,3.5,12.5,28272,17670,1,0,1.0,1520.0,1140.0,11880,9504,2559.0,2559.0,Level_4
22,45,RM,57.0,7449,Pave,Grvl,Reg,Other,Inside,Gtl,Norm,1Fam,1.5Unf,7,7,1930,Gable,CompShg,Wd Sdng,Wd Sdng,Not Applicable,0.0,TA,TA,PConc,TA,TA,No,Unf,0,Unf,637,637,GasA,Ex,Y,FuseF,1108,0,0,1108,0,1,0,3,1,Gd,6,Typ,1,Gd,Attchd,Unf,1,280,TA,TA,N,0,GdPrv,0,WD,Normal,139400,1745,205,1.0,7.0,12215,12215,77,57,77.0,0.0,0.0,5540,4432,840.0,840.0,Level_1
23,20,RL,75.0,9742,Pave,Not Applicable,Reg,Lvl,Inside,Gtl,Norm,1Fam,1Story,8,5,2002,Other,CompShg,VinylSd,VinylSd,BrkFace,281.0,Gd,TA,PConc,Gd,TA,No,Unf,0,Unf,1777,1777,GasA,Ex,Y,SBrkr,1795,0,0,1795,0,2,0,3,1,Gd,7,Typ,1,Gd,Attchd,RFn,2,534,TA,TA,Y,0,Not Applicable,0,WD,Normal,230000,3572,330,2.0,9.0,28576,17860,6,6,6.0,1124.0,843.0,8975,7180,1602.0,1602.0,Level_3
24,120,RM,44.0,4224,Pave,Not Applicable,Reg,Lvl,Inside,Gtl,Norm,TwnhsE,1Story,5,7,1976,Gable,CompShg,CemntBd,CmentBd,Not Applicable,0.0,TA,TA,PConc,Gd,TA,No,GLQ,840,Unf,200,1040,GasA,TA,Y,SBrkr,1060,0,0,1060,1,1,0,3,1,TA,6,Typ,1,TA,Attchd,Unf,2,572,TA,TA,Y,0,Not Applicable,0,WD,Normal,129900,2100,210,2.0,7.0,10500,14700,31,31,31.0,0.0,0.0,3180,3180,1716.0,1716.0,Level_1
25,20,RL,69.0,8246,Pave,Not Applicable,IR1,Lvl,Inside,Gtl,Norm,1Fam,1Story,5,8,1968,Gable,CompShg,Plywood,Plywood,Not Applicable,0.0,TA,Gd,CBlock,TA,TA,Mn,Rec,188,Other,204,1060,GasA,Ex,Y,SBrkr,1060,0,0,1060,1,1,0,3,1,Gd,6,Typ,1,TA,Attchd,Unf,1,270,TA,TA,Y,0,MnPrv,0,WD,Normal,154000,2120,496,2.0,7.0,10600,16960,42,9,42.0,0.0,0.0,5300,4240,810.0,810.0,Level_2
26,20,RL,110.0,14230,Pave,Not Applicable,Reg,Lvl,Corner,Gtl,Norm,1Fam,1Story,8,5,2007,Gable,CompShg,VinylSd,VinylSd,Stone,640.0,Gd,TA,PConc,Gd,TA,No,Unf,0,Unf,1566,1566,GasA,Ex,Y,SBrkr,1600,0,0,1600,0,2,0,3,1,Gd,7,Typ,1,Gd,Attchd,RFn,3,890,TA,TA,Y,0,Not Applicable,0,WD,Normal,256300,3166,56,2.0,9.0,25328,15830,2,2,2.0,2560.0,1920.0,8000,6400,2670.0,2670.0,Level_4
27,20,RL,60.0,7200,Pave,Not Applicable,Reg,Lvl,Corner,Gtl,Norm,1Fam,1Story,5,7,1951,Gable,CompShg,Wd Sdng,Wd Sdng,Not Applicable,0.0,TA,TA,CBlock,TA,TA,Mn,BLQ,234,Other,180,900,GasA,TA,Y,SBrkr,900,0,0,900,0,1,0,3,1,Gd,5,Typ,0,Not Applicable,Detchd,Unf,2,576,TA,TA,Y,0,Not Applicable,0,WD,Normal,134800,1800,254,1.5,6.0,9000,12600,59,10,5.0,0.0,0.0,2700,3600,1728.0,1728.0,Level_2
28,20,RL,98.0,11478,Pave,Not Applicable,Reg,Lvl,Inside,Gtl,Norm,1Fam,1Story,8,5,2007,Gable,CompShg,VinylSd,VinylSd,Stone,200.0,Gd,TA,PConc,Ex,TA,No,GLQ,1218,Unf,486,1704,GasA,Ex,Y,SBrkr,1704,0,0,1704,1,2,0,3,1,Gd,7,Typ,1,Gd,Attchd,RFn,3,772,TA,TA,Y,0,Not Applicable,0,WD,Normal,306000,3408,50,3.0,9.0,27264,17040,3,2,2.0,800.0,600.0,8520,6816,2316.0,2316.0,Level_4
29,20,RL,47.0,16321,Pave,Not Applicable,IR1,Lvl,CulDSac,Gtl,Norm,1Fam,1Story,5,6,1957,Gable,CompShg,MetalSd,MetalSd,Not Applicable,0.0,TA,TA,CBlock,TA,TA,Gd,BLQ,1277,Unf,207,1484,GasA,TA,Y,SBrkr,1600,0,0,1600,1,1,0,2,1,TA,6,Typ,2,Gd,Attchd,RFn,1,319,TA,TA,Y,0,Not Applicable,0,WD,Normal,207500,3084,546,2.0,7.0,15420,18504,49,9,49.0,0.0,0.0,4800,4800,957.0,957.0,Level_2
30,30,RM,60.0,6324,Pave,Not Applicable,IR1,Lvl,Inside,Gtl,Other,1Fam,1Story,4,6,1927,Gable,CompShg,MetalSd,MetalSd,Not Applicable,0.0,TA,TA,BrkTil,TA,TA,No,Unf,0,Unf,520,520,GasA,Fa,N,SBrkr,520,0,0,520,0,1,0,1,1,Fa,4,Typ,0,Not Applicable,Detchd,Unf,1,240,Other,TA,Y,0,Not Applicable,0,WD,Normal,68500,1040,136,1.0,5.0,4160,6240,81,58,88.0,0.0,0.0,1040,1040,480.0,720.0,Level_1
31,70,C (all),50.0,8500,Pave,Pave,Reg,Lvl,Inside,Gtl,Other,1Fam,2Story,4,4,1920,Other,CompShg,BrkFace,BrkFace,Not Applicable,0.0,TA,Fa,BrkTil,TA,TA,No,Unf,0,Unf,649,649,GasA,TA,N,SBrkr,649,668,0,1317,0,1,0,3,1,TA,6,Typ,0,Not Applicable,Detchd,Unf,1,250,TA,Other,N,0,MnPrv,0,WD,Normal,40000,1966,226,1.0,7.0,7864,7864,88,58,88.0,0.0,0.0,3951,3951,750.0,500.0,Level_1
32,20,RL,69.0,8544,Pave,Not Applicable,IR1,Lvl,CulDSac,Gtl,Norm,1Fam,1Story,5,6,1966,Gable,CompShg,HdBoard,HdBoard,Not Applicable,0.0,TA,TA,CBlock,TA,TA,No,Unf,0,Unf,1228,1228,GasA,Gd,Y,SBrkr,1228,0,0,1228,0,1,1,3,1,Gd,6,Typ,0,Not Applicable,Attchd,Unf,1,271,TA,TA,Y,0,MnPrv,0,WD,Normal,149350,2456,65,1.5,7.5,12280,14736,42,2,42.0,0.0,0.0,4912,4912,813.0,813.0,Level_2
33,20,RL,85.0,11049,Pave,Not Applicable,Reg,Lvl,Corner,Gtl,Norm,1Fam,1Story,8,5,2007,Gable,CompShg,VinylSd,VinylSd,Not Applicable,0.0,Gd,TA,PConc,Ex,TA,Av,Unf,0,Unf,1234,1234,GasA,Ex,Y,SBrkr,1234,0,0,1234,0,2,0,3,1,Gd,7,Typ,0,Not Applicable,Attchd,RFn,2,484,TA,TA,Y,0,Not Applicable,0,WD,Normal,179900,2468,30,2.0,9.0,19744,12340,1,1,1.0,0.0,0.0,6170,4936,1452.0,1452.0,Level_3
34,20,RL,70.0,10552,Pave,Not Applicable,IR1,Lvl,Inside,Gtl,Norm,1Fam,1Story,5,5,1959,Other,CompShg,BrkFace,BrkFace,Not Applicable,0.0,TA,TA,CBlock,TA,TA,No,Rec,1018,Unf,380,1398,GasA,Gd,Y,SBrkr,1700,0,0,1700,0,1,1,4,1,Gd,6,Typ,1,Gd,Attchd,RFn,2,447,TA,TA,Y,0,Not Applicable,0,WD,Normal,165500,3098,38,2.0,7.5,15490,15490,51,51,51.0,0.0,0.0,6800,6800,1341.0,1341.0,Level_2
35,120,RL,60.0,7313,Pave,Not Applicable,Reg,Lvl,Inside,Gtl,Norm,TwnhsE,1Story,9,5,2005,Other,CompShg,MetalSd,MetalSd,BrkFace,246.0,Ex,TA,PConc,Ex,TA,No,GLQ,1153,Unf,408,1561,GasA,Ex,Y,SBrkr,1561,0,0,1561,1,2,0,2,1,Ex,6,Typ,1,Gd,Attchd,Fin,2,556,TA,TA,Y,0,Not Applicable,0,WD,Normal,277500,3122,250,3.0,8.0,28098,15610,2,2,2.0,1230.0,738.0,7805,7805,1668.0,1668.0,Level_4
36,60,RL,108.0,13418,Pave,Not Applicable,Reg,Lvl,Inside,Gtl,Norm,1Fam,2Story,8,5,2004,Gable,CompShg,VinylSd,VinylSd,Stone,132.0,Gd,TA,PConc,Ex,TA,Av,Unf,0,Unf,1117,1117,GasA,Ex,Y,SBrkr,1132,1320,0,2452,0,3,1,4,1,Gd,9,Typ,1,Gd,BuiltIn,Fin,3,691,TA,TA,Y,0,Not Applicable,0,WD,Normal,309000,3569,145,3.5,12.5,28552,17845,2,1,2.0,528.0,396.0,12260,9808,2073.0,2073.0,Level_4
37,20,RL,112.0,10859,Pave,Not Applicable,Reg,Lvl,Corner,Gtl,Norm,1Fam,1Story,5,5,1994,Gable,CompShg,VinylSd,VinylSd,Not Applicable,0.0,TA,TA,PConc,Gd,TA,No,Unf,0,Unf,1097,1097,GasA,Ex,Y,SBrkr,1097,0,0,1097,0,1,1,3,1,TA,6,Typ,0,Not Applicable,Attchd,Unf,2,672,TA,TA,Y,0,Not Applicable,0,WD,Normal,145000,2194,456,1.5,7.5,10970,10970,15,14,14.0,0.0,0.0,5485,3291,2016.0,2016.0,Level_3
38,20,RL,74.0,8532,Pave,Not Applicable,Reg,Lvl,Inside,Gtl,Norm,1Fam,1Story,5,6,1954,Other,CompShg,Wd Sdng,Wd Sdng,BrkFace,650.0,TA,TA,CBlock,TA,TA,No,Rec,1213,Unf,84,1297,GasA,Gd,Y,SBrkr,1297,0,0,1297,0,1,0,3,1,TA,5,Typ,1,TA,Attchd,Fin,2,498,TA,TA,Y,0,Not Applicable,0,WD,Normal,153000,2594,0,1.5,6.0,12970,15564,55,19,55.0,1950.0,1950.0,5188,3891,1494.0,1494.0,Level_2
39,20,RL,68.0,7922,Pave,Not Applicable,Reg,Lvl,Inside,Gtl,Norm,1Fam,1Story,5,7,1953,Gable,CompShg,VinylSd,VinylSd,Not Applicable,0.0,TA,Gd,CBlock,TA,TA,No,GLQ,731,Unf,326,1057,GasA,TA,Y,SBrkr,1057,0,0,1057,1,1,0,3,1,Gd,5,Typ,0,Not Applicable,Detchd,Unf,1,246,TA,TA,Y,0,Not Applicable,0,WD,Abnorml,109000,2114,52,2.0,6.0,10570,14798,57,3,57.0,0.0,0.0,3171,4228,738.0,738.0,Level_2
40,90,RL,65.0,6040,Pave,Not Applicable,Reg,Lvl,Inside,Gtl,Norm,Duplex,1Story,4,5,1955,Gable,CompShg,AsbShng,Plywood,Not Applicable,0.0,TA,TA,PConc,Not Applicable,Other,Not Applicable,Not Applicable,0,Other,0,0,GasA,TA,N,FuseP,1152,0,0,1152,0,2,0,2,2,Fa,6,Typ,0,Not Applicable,Not Applicable,Not Applicable,0,0,Other,Other,N,0,Not Applicable,0,WD,AdjLand,82000,1152,0,2.0,8.0,4608,5760,53,53,28.0,0.0,0.0,3456,2304,,,Level_1
41,20,RL,84.0,8658,Pave,Not Applicable,Reg,Lvl,Inside,Gtl,Norm,1Fam,1Story,6,5,1965,Gable,CompShg,Wd Sdng,Wd Sdng,BrkFace,101.0,TA,TA,CBlock,TA,TA,No,Rec,643,Unf,445,1088,GasA,Ex,Y,SBrkr,1324,0,0,1324,0,2,0,3,1,TA,6,Typ,1,TA,Attchd,RFn,2,440,TA,TA,Y,0,GdWo,0,WD,Abnorml,160000,2412,138,2.0,8.0,14472,12060,41,41,41.0,303.0,303.0,6620,3972,1320.0,1320.0,Level_2
42,20,RL,115.0,16905,Pave,Not Applicable,Reg,Lvl,Inside,Gtl,Norm,1Fam,1Story,5,6,1959,Gable,CompShg,VinylSd,VinylSd,Not Applicable,0.0,TA,Gd,CBlock,TA,TA,Gd,BLQ,967,Unf,383,1350,GasA,Gd,Y,SBrkr,1328,0,0,1328,0,1,1,2,1,TA,5,Typ,2,Gd,Attchd,RFn,1,308,TA,TA,P,0,Not Applicable,0,WD,Normal,170000,2678,104,2.0,6.5,13390,16068,48,48,48.0,0.0,0.0,5312,3984,924.0,924.0,Level_4
43,85,RL,69.0,9180,Pave,Not Applicable,IR1,Lvl,CulDSac,Gtl,Norm,1Fam,SFoyer,5,7,1983,Gable,CompShg,HdBoard,HdBoard,Not Applicable,0.0,TA,TA,CBlock,Gd,TA,Av,ALQ,747,Other,0,840,GasA,Gd,Y,SBrkr,884,0,0,884,1,1,0,2,1,Gd,5,Typ,0,Not Applicable,Attchd,RFn,2,504,TA,Other,Y,0,MnPrv,0,WD,Normal,144000,1724,240,2.0,6.0,8620,12068,24,24,24.0,0.0,0.0,3536,3536,1512.0,2016.0,Level_3
44,20,RL,69.0,9200,Pave,Not Applicable,IR1,Lvl,CulDSac,Gtl,Norm,1Fam,1Story,5,6,1975,Other,CompShg,VinylSd,VinylSd,Not Applicable,0.0,TA,TA,CBlock,Gd,TA,Av,LwQ,280,Other,167,938,GasA,TA,Y,SBrkr,938,0,0,938,1,1,0,3,1,TA,5,Typ,0,Not Applicable,Detchd,Unf,1,308,TA,TA,Y,0,MnPrv,0,WD,Normal,130250,1876,145,2.0,6.0,9380,11256,33,28,31.0,0.0,0.0,2814,2814,924.0,924.0,Level_3
45,20,RL,70.0,7945,Pave,Not Applicable,Reg,Lvl,Inside,Gtl,Norm,1Fam,1Story,5,6,1959,Gable,CompShg,BrkFace,Wd Sdng,Not Applicable,0.0,TA,TA,CBlock,TA,TA,No,ALQ,179,Other,465,1150,GasA,Ex,Y,FuseA,1150,0,0,1150,1,1,0,3,1,TA,6,Typ,0,Not Applicable,Attchd,RFn,1,300,TA,TA,Y,0,Not Applicable,0,WD,Normal,141000,2300,0,2.0,7.0,11500,13800,47,47,47.0,0.0,0.0,5750,3450,900.0,900.0,Level_2
46,120,RL,61.0,7658,Pave,Not Applicable,Reg,Lvl,Inside,Gtl,Norm,TwnhsE,1Story,9,5,2005,Other,CompShg,MetalSd,MetalSd,BrkFace,412.0,Ex,TA,PConc,Ex,TA,No,GLQ,456,Unf,1296,1752,GasA,Ex,Y,SBrkr,1752,0,0,1752,1,2,0,2,1,Ex,6,Typ,1,Gd,Attchd,RFn,2,576,TA,TA,Y,0,Not Applicable,0,WD,Normal,319900,3504,278,3.0,8.0,31536,17520,5,5,5.0,2060.0,1236.0,8760,8760,1728.0,1728.0,Level_4
47,50,RL,48.0,12822,Pave,Not Applicable,IR1,Lvl,CulDSac,Gtl,Norm,1Fam,1.5Fin,7,5,2003,Gable,CompShg,VinylSd,VinylSd,Not Applicable,0.0,Gd,TA,PConc,Ex,TA,No,GLQ,1351,Unf,83,1434,GasA,Ex,Y,SBrkr,1518,631,0,2149,1,1,1,1,1,Gd,6,Typ,1,Ex,Attchd,RFn,2,670,TA,TA,Y,0,Not Applicable,0,WD,Abnorml,239686,3583,409,2.5,7.5,25081,17915,6,6,6.0,0.0,0.0,10745,8596,2010.0,2010.0,Level_2
48,20,FV,84.0,11096,Pave,Not Applicable,Reg,Lvl,Inside,Gtl,Norm,1Fam,1Story,8,5,2006,Gable,CompShg,VinylSd,VinylSd,Not Applicable,0.0,Gd,TA,PConc,Gd,TA,Av,GLQ,24,Unf,1632,1656,GasA,Ex,Y,SBrkr,1656,0,0,1656,0,2,0,3,1,Gd,7,Typ,0,Not Applicable,Attchd,RFn,3,826,TA,TA,Y,0,Not Applicable,0,WD,Normal,249700,3312,146,2.0,9.0,26496,16560,1,1,1.0,0.0,0.0,8280,6624,2478.0,2478.0,Level_4
49,190,RM,33.0,4456,Pave,Not Applicable,Reg,Lvl,Inside,Gtl,Norm,2fmCon,2Story,4,5,1920,Gable,CompShg,MetalSd,MetalSd,Not Applicable,0.0,TA,TA,BrkTil,TA,TA,No,Unf,0,Unf,736,736,GasA,Gd,Y,SBrkr,736,716,0,1452,0,2,0,2,3,TA,8,Typ,0,Not Applicable,Not Applicable,Not Applicable,0,0,Other,Other,N,0,Not Applicable,0,New,Partial,113000,2188,102,2.0,10.0,8752,10940,89,1,29.0,0.0,0.0,5808,4356,,,Level_1
50,20,RL,66.0,7742,Pave,Not Applicable,Reg,Lvl,Inside,Gtl,Norm,1Fam,1Story,5,7,1966,Gable,CompShg,HdBoard,HdBoard,Not Applicable,0.0,TA,TA,CBlock,TA,TA,No,BLQ,763,Unf,192,955,GasA,Ex,Y,SBrkr,955,0,0,955,1,1,0,3,1,TA,6,Typ,0,Not Applicable,Attchd,Unf,1,386,TA,TA,Y,0,MnPrv,0,WD,Normal,127000,1910,0,2.0,7.0,9550,13370,41,41,41.0,0.0,0.0,4775,2865,1158.0,1158.0,Level_2
51,60,RL,69.0,13869,Pave,Not Applicable,IR2,Lvl,Corner,Gtl,Norm,1Fam,2Story,6,6,1997,Gable,CompShg,VinylSd,VinylSd,Not Applicable,0.0,TA,TA,PConc,Gd,TA,Av,GLQ,182,Unf,612,794,GasA,Gd,Y,SBrkr,794,676,0,1470,0,2,0,3,1,TA,6,Typ,0,Not Applicable,Attchd,Fin,2,388,TA,TA,Y,0,Not Applicable,0,WD,Normal,177000,2264,75,2.5,8.0,13584,13584,10,10,10.0,0.0,0.0,5880,4410,1164.0,1164.0,Level_3
52,50,RM,52.0,6240,Pave,Not Applicable,Reg,Lvl,Inside,Gtl,Norm,1Fam,1.5Fin,6,6,1934,Gable,CompShg,Wd Sdng,Wd Sdng,Not Applicable,0.0,TA,TA,PConc,TA,TA,No,Unf,0,Unf,816,816,GasA,TA,Y,SBrkr,816,0,360,1176,0,1,0,3,1,TA,6,Typ,1,Gd,Detchd,Unf,2,528,TA,TA,Y,0,MnPrv,400,WD,Normal,114500,1632,112,1.0,7.0,9792,9792,72,56,21.0,0.0,0.0,3528,3528,1584.0,1584.0,Level_1
53,90,RM,110.0,8472,Grvl,Not Applicable,IR2,Other,Corner,Other,Other,Duplex,1Story,5,5,1963,Gable,CompShg,Wd Sdng,Wd Sdng,Not Applicable,0.0,Fa,TA,CBlock,Gd,TA,Gd,LwQ,104,Other,0,816,GasA,TA,N,SBrkr,816,0,0,816,1,1,0,2,1,TA,5,Typ,0,Not Applicable,CarPort,Unf,2,516,TA,TA,Y,0,Not Applicable,0,WD,Normal,110000,1632,106,2.0,6.0,8160,8160,47,47,47.0,0.0,0.0,2448,2448,1548.0,1548.0,Level_1
54,20,RL,68.0,50271,Pave,Not Applicable,IR1,Other,Inside,Gtl,Norm,1Fam,1Story,9,5,1981,Gable,Other,WdShing,Wd Shng,Not Applicable,0.0,Gd,TA,CBlock,Ex,TA,Gd,GLQ,1810,Unf,32,1842,GasA,Gd,Y,SBrkr,1842,0,0,1842,2,0,1,0,1,Gd,5,Typ,1,Gd,Attchd,Fin,3,894,TA,TA,Y,0,Not Applicable,0,WD,Normal,385000,3684,929,2.5,5.5,33156,18420,25,19,25.0,0.0,0.0,7368,7368,2682.0,2682.0,Level_4
55,80,RL,60.0,7134,Pave,Not Applicable,Reg,Other,Inside,Other,Norm,1Fam,SLvl,5,5,1955,Gable,CompShg,MetalSd,MetalSd,Not Applicable,0.0,TA,TA,CBlock,TA,TA,No,ALQ,384,Unf,0,384,GasA,TA,Y,SBrkr,1360,0,0,1360,0,1,0,3,1,TA,6,Other,1,TA,Detchd,Unf,2,572,TA,TA,Y,0,MnPrv,0,WD,Normal,130000,1744,50,1.0,7.0,8720,8720,52,52,45.0,0.0,0.0,4080,4080,1716.0,1716.0,Level_2
56,20,RL,100.0,10175,Pave,Not Applicable,IR1,Lvl,Inside,Gtl,Norm,1Fam,1Story,6,5,1964,Gable,CompShg,HdBoard,Plywood,BrkFace,272.0,TA,TA,CBlock,TA,TA,No,BLQ,490,Unf,935,1425,GasA,Gd,Y,SBrkr,1425,0,0,1425,0,2,0,3,1,TA,7,Typ,1,Gd,Attchd,RFn,2,576,TA,TA,Y,0,Not Applicable,0,WD,Normal,180500,2850,407,2.0,9.0,17100,14250,44,44,44.0,816.0,816.0,5700,4275,1728.0,1728.0,Level_2
57,160,FV,24.0,2645,Pave,Pave,Reg,Lvl,Inside,Gtl,Norm,Twnhs,2Story,8,5,1999,Gable,CompShg,MetalSd,MetalSd,BrkFace,456.0,Gd,TA,PConc,Gd,TA,No,GLQ,649,Unf,321,970,GasA,Ex,Y,SBrkr,983,756,0,1739,1,2,1,3,1,Gd,7,Typ,0,Not Applicable,Attchd,Fin,2,480,TA,TA,Y,0,Not Applicable,0,WD,Abnorml,172500,2709,115,3.5,9.5,21672,13545,10,9,10.0,1824.0,1368.0,8695,6956,1440.0,1440.0,Level_4
58,60,RL,89.0,11645,Pave,Not Applicable,IR1,Lvl,Corner,Gtl,Norm,1Fam,2Story,7,5,2004,Gable,CompShg,VinylSd,VinylSd,Not Applicable,0.0,Gd,TA,PConc,Gd,TA,No,Unf,0,Unf,860,860,GasA,Ex,Y,SBrkr,860,860,0,1720,0,2,1,3,1,Gd,7,Typ,0,Not Applicable,Attchd,RFn,2,565,TA,TA,Y,0,Not Applicable,0,WD,Normal,196500,2580,70,2.5,9.5,18060,12900,2,2,2.0,0.0,0.0,8600,6880,1695.0,1695.0,Level_3
59,60,RL,66.0,13682,Pave,Not Applicable,IR2,Other,CulDSac,Gtl,Norm,1Fam,2Story,10,5,2006,Other,CompShg,VinylSd,VinylSd,BrkFace,1031.0,Ex,TA,PConc,Ex,TA,Gd,Unf,0,Unf,1410,1410,GasA,Ex,Y,SBrkr,1426,1519,0,2945,0,3,1,3,1,Gd,10,Typ,1,Gd,BuiltIn,Fin,3,641,TA,TA,Y,0,Not Applicable,0,New,Partial,438780,4355,229,3.5,13.5,43550,21775,0,0,0.0,5155.0,3093.0,14725,11780,1923.0,1923.0,Level_4
60,20,RL,60.0,7200,Pave,Not Applicable,Reg,Other,Inside,Gtl,Norm,1Fam,1Story,5,7,1972,Gable,CompShg,HdBoard,HdBoard,Not Applicable,0.0,TA,TA,CBlock,TA,TA,Av,ALQ,632,Unf,148,780,GasA,Ex,Y,SBrkr,780,0,0,780,0,1,0,2,1,TA,4,Typ,0,Not Applicable,Detchd,Unf,1,352,TA,TA,Y,0,MnPrv,0,WD,Normal,124900,1560,196,1.0,5.0,7800,10920,36,36,35.0,0.0,0.0,3900,2340,1056.0,1056.0,Level_3
61,20,RL,63.0,13072,Pave,Not Applicable,Reg,Lvl,Inside,Gtl,Other,1Fam,1Story,6,5,2004,Gable,CompShg,VinylSd,VinylSd,Not Applicable,0.0,TA,TA,PConc,Gd,TA,No,ALQ,941,Unf,217,1158,GasA,Ex,Y,SBrkr,1158,0,0,1158,1,1,1,3,1,Gd,5,Typ,0,Not Applicable,Detchd,Unf,2,576,TA,TA,Y,0,Not Applicable,0,New,Partial,158000,2316,50,2.5,6.5,13896,11580,2,2,0.0,0.0,0.0,5790,4632,1728.0,1728.0,Level_3
62,75,RM,60.0,7200,Pave,Not Applicable,Reg,Lvl,Inside,Gtl,Norm,1Fam,2.5Unf,5,7,1920,Gable,CompShg,MetalSd,MetalSd,Not Applicable,0.0,TA,TA,BrkTil,TA,Other,No,Unf,0,Unf,530,530,GasA,TA,N,SBrkr,581,530,0,1111,0,1,0,3,1,Fa,6,Typ,0,Not Applicable,Detchd,Unf,1,288,TA,TA,N,0,Not Applicable,0,WD,Normal,101000,1641,144,1.0,7.0,8205,11487,87,11,72.0,0.0,0.0,3333,2222,864.0,864.0,Level_1
63,120,RL,44.0,6442,Pave,Not Applicable,IR1,Lvl,Inside,Gtl,Norm,TwnhsE,1Story,8,5,2006,Gable,CompShg,VinylSd,VinylSd,Stone,178.0,Gd,TA,PConc,Gd,Other,Mn,GLQ,24,Unf,1346,1370,GasA,Ex,Y,SBrkr,1370,0,0,1370,0,2,0,2,1,Gd,6,Typ,1,Gd,Attchd,RFn,2,484,TA,TA,Y,0,Not Applicable,0,WD,Normal,202500,2740,169,2.0,8.0,21920,13700,1,1,1.0,712.0,534.0,6850,5480,1452.0,1452.0,Level_4
64,70,RM,50.0,10300,Pave,Not Applicable,IR1,Other,Inside,Gtl,Other,1Fam,2Story,7,6,1921,Gable,CompShg,Stucco,Stucco,Not Applicable,0.0,TA,TA,BrkTil,TA,TA,No,Unf,0,Unf,576,576,GasA,Gd,Y,SBrkr,902,808,0,1710,0,2,0,3,1,TA,9,Typ,0,Not Applicable,Detchd,Unf,2,480,TA,TA,Y,0,GdPrv,0,WD,Normal,140000,2286,87,2.0,11.0,16002,13716,89,60,20.0,0.0,0.0,6840,5130,1440.0,1440.0,Level_1
65,60,RL,69.0,9375,Pave,Not Applicable,Reg,Lvl,Inside,Gtl,Norm,1Fam,2Story,7,5,1997,Gable,CompShg,VinylSd,VinylSd,BrkFace,573.0,TA,TA,PConc,Gd,TA,No,GLQ,739,Unf,318,1057,GasA,Ex,Y,SBrkr,1057,977,0,2034,1,2,1,3,1,Gd,8,Typ,0,Not Applicable,Attchd,RFn,2,645,TA,TA,Y,0,GdPrv,0,WD,Normal,219500,3091,612,3.5,10.5,21637,15455,12,11,11.0,1719.0,1719.0,10170,8136,1935.0,1935.0,Level_3
66,60,RL,76.0,9591,Pave,Not Applicable,Reg,Lvl,Inside,Gtl,Norm,1Fam,2Story,8,5,2004,Gable,CompShg,VinylSd,VinylSd,BrkFace,344.0,Gd,TA,PConc,Ex,TA,Av,Unf,0,Unf,1143,1143,GasA,Ex,Y,SBrkr,1143,1330,0,2473,0,2,1,4,1,Gd,9,Typ,1,Gd,BuiltIn,RFn,3,852,TA,TA,Y,0,Not Applicable,0,WD,Normal,317000,3616,343,2.5,11.5,28928,18080,3,2,3.0,1376.0,1032.0,12365,9892,2556.0,2556.0,Level_4
67,20,RL,69.0,19900,Pave,Not Applicable,Reg,Lvl,Inside,Gtl,Other,1Fam,1Story,7,5,1970,Gable,CompShg,Plywood,Plywood,BrkFace,287.0,TA,TA,CBlock,Gd,TA,Gd,GLQ,912,Unf,1035,1947,GasA,TA,Y,SBrkr,2207,0,0,2207,1,2,0,3,1,TA,7,Other,1,Gd,Attchd,RFn,2,576,TA,TA,Y,0,Not Applicable,0,WD,Normal,180000,4154,301,3.0,9.0,29078,20770,40,21,40.0,861.0,861.0,6621,6621,1728.0,1728.0,Level_2
68,20,RL,72.0,10665,Pave,Not Applicable,IR1,Lvl,Inside,Gtl,Norm,1Fam,1Story,7,5,2003,Gable,CompShg,VinylSd,VinylSd,BrkFace,167.0,Gd,TA,PConc,Gd,TA,Av,GLQ,1013,Unf,440,1453,GasA,Ex,Y,SBrkr,1479,0,0,1479,1,2,0,3,1,Gd,7,Typ,0,Not Applicable,Attchd,RFn,2,558,TA,TA,Y,0,Not Applicable,0,WD,Normal,226000,2932,173,3.0,9.0,20524,14660,4,4,4.0,668.0,501.0,7395,5916,1674.0,1674.0,Level_3
69,30,RM,47.0,4608,Pave,Not Applicable,Reg,Lvl,Corner,Gtl,Other,1Fam,1Story,4,6,1945,Gable,CompShg,MetalSd,MetalSd,Not Applicable,0.0,TA,Gd,CBlock,TA,TA,No,Unf,0,Unf,747,747,GasA,TA,Y,SBrkr,747,0,0,747,0,1,0,2,1,TA,4,Typ,0,Not Applicable,Attchd,Unf,1,220,TA,TA,Y,0,Not Applicable,0,WD,Normal,80000,1494,0,1.0,5.0,5976,8964,65,60,65.0,0.0,0.0,2241,2241,660.0,660.0,Level_1
70,50,RL,81.0,15593,Pave,Not Applicable,Reg,Lvl,Corner,Gtl,Norm,1Fam,1.5Fin,7,4,1953,Gable,CompShg,BrkFace,AsbShng,Not Applicable,0.0,Gd,TA,CBlock,TA,TA,No,BLQ,603,Unf,701,1304,Other,TA,Y,SBrkr,1304,983,0,2287,0,2,0,3,1,TA,7,Typ,1,TA,Attchd,Fin,2,667,TA,TA,Y,0,Not Applicable,0,WD,Normal,225000,3591,135,2.0,9.0,25137,14364,53,53,53.0,0.0,0.0,6861,6861,2001.0,2001.0,Level_3
71,20,RL,95.0,13651,Pave,Not Applicable,IR1,Lvl,Inside,Gtl,Norm,1Fam,1Story,7,6,1973,Gable,CompShg,Plywood,Plywood,BrkFace,1115.0,TA,Gd,CBlock,Gd,TA,Gd,ALQ,1880,Unf,343,2223,GasA,Ex,Y,SBrkr,2223,0,0,2223,1,2,0,3,1,TA,8,Typ,2,Gd,Attchd,Fin,2,516,TA,TA,Y,0,Not Applicable,0,WD,Normal,244000,4446,300,3.0,10.0,31122,26676,34,34,34.0,3345.0,4460.0,11115,6669,1548.0,1548.0,Level_2
72,20,RL,69.0,7599,Pave,Not Applicable,Reg,Lvl,Corner,Gtl,Norm,1Fam,1Story,4,6,1982,Gable,CompShg,HdBoard,Plywood,Not Applicable,0.0,TA,TA,CBlock,TA,TA,No,ALQ,565,Unf,280,845,GasA,TA,Y,SBrkr,845,0,0,845,1,1,0,2,1,TA,4,Typ,0,Not Applicable,Detchd,Unf,2,360,TA,TA,Y,0,Not Applicable,0,WD,Normal,129500,1690,0,2.0,5.0,6760,10140,25,1,20.0,0.0,0.0,2535,2535,1080.0,1080.0,Level_2
73,60,RL,74.0,10141,Pave,Not Applicable,IR1,Lvl,Corner,Gtl,Norm,1Fam,2Story,7,5,1998,Gable,CompShg,VinylSd,VinylSd,BrkFace,40.0,TA,TA,PConc,Gd,TA,No,Unf,0,Unf,832,832,GasA,Gd,Y,SBrkr,885,833,0,1718,0,2,1,3,1,TA,7,Typ,1,TA,Attchd,Fin,2,427,TA,TA,Y,0,Not Applicable,0,WD,Normal,185000,2550,385,2.5,9.5,17850,12750,11,11,11.0,120.0,120.0,6872,5154,1281.0,1281.0,Level_3
74,20,RL,85.0,10200,Pave,Not Applicable,Reg,Lvl,Inside,Gtl,Norm,1Fam,1Story,5,7,1954,Gable,CompShg,Wd Sdng,Wd Sdng,BrkFace,104.0,TA,TA,CBlock,TA,TA,No,ALQ,320,Other,404,1086,GasA,Gd,Y,SBrkr,1086,0,0,1086,1,1,0,3,1,TA,6,Typ,0,Not Applicable,Attchd,Unf,2,490,TA,TA,Y,0,GdWo,0,WD,Normal,144900,2172,0,2.0,7.0,10860,15204,56,7,21.0,312.0,312.0,4344,3258,1470.0,1470.0,Level_2
75,50,RM,60.0,5790,Pave,Not Applicable,Reg,Lvl,Corner,Gtl,Norm,1Fam,2Story,3,6,1915,Other,CompShg,VinylSd,VinylSd,Not Applicable,0.0,Gd,Gd,CBlock,Fa,TA,No,Unf,0,Unf,840,840,GasA,Gd,N,SBrkr,840,765,0,1605,0,2,0,3,2,TA,8,Typ,0,Not Applicable,Detchd,Unf,1,379,TA,TA,Y,0,Not Applicable,0,WD,Normal,107400,2445,202,2.0,10.0,7335,14670,95,60,95.0,0.0,0.0,6420,4815,1137.0,1137.0,Level_1
76,180,RM,21.0,1596,Pave,Not Applicable,Reg,Lvl,Inside,Gtl,Norm,Twnhs,SLvl,4,5,1973,Gable,CompShg,CemntBd,CmentBd,Not Applicable,0.0,TA,TA,CBlock,Gd,TA,Gd,GLQ,462,Unf,0,462,GasA,TA,Y,SBrkr,526,462,0,988,1,1,0,2,1,TA,5,Typ,0,Not Applicable,BuiltIn,Unf,1,297,TA,TA,Y,0,GdWo,0,WD,Normal,91000,1450,221,2.0,6.0,5800,7250,36,36,36.0,0.0,0.0,2964,2964,891.0,891.0,Level_1
77,20,RL,69.0,8475,Pave,Not Applicable,IR1,Lvl,Inside,Gtl,Norm,1Fam,1Story,4,7,1956,Gable,CompShg,VinylSd,VinylSd,Not Applicable,0.0,TA,TA,CBlock,TA,TA,No,ALQ,228,Unf,724,952,GasA,Ex,Y,FuseA,952,0,0,952,0,1,0,2,1,TA,4,Typ,0,Not Applicable,Detchd,Unf,1,283,TA,TA,Y,0,Not Applicable,0,WD,Normal,135750,1904,0,1.0,5.0,7616,13328,52,52,52.0,0.0,0.0,4760,2856,849.0,849.0,Level_2
78,50,RM,50.0,8635,Pave,Not Applicable,Reg,Lvl,Inside,Gtl,Norm,1Fam,1.5Fin,5,5,1948,Gable,CompShg,Wd Sdng,Wd Sdng,Not Applicable,0.0,TA,TA,CBlock,TA,TA,No,BLQ,336,Other,295,672,GasA,TA,Y,SBrkr,1072,213,0,1285,1,1,0,2,1,TA,6,Other,0,Not Applicable,Detchd,Unf,1,240,TA,TA,Y,0,MnPrv,0,WD,Normal,127000,1957,0,2.0,7.0,9785,9785,60,7,60.0,0.0,0.0,3855,3855,720.0,720.0,Level_1
79,90,RL,72.0,10778,Pave,Not Applicable,Reg,Lvl,Inside,Gtl,Norm,Duplex,1Story,4,5,1968,Other,CompShg,HdBoard,HdBoard,Not Applicable,0.0,TA,TA,CBlock,TA,TA,No,Unf,0,Unf,1768,1768,GasA,TA,N,SBrkr,1768,0,0,1768,0,2,0,4,2,TA,8,Typ,0,Not Applicable,Not Applicable,Not Applicable,0,0,Other,Other,Y,0,Not Applicable,0,WD,Normal,136500,3536,0,2.0,10.0,14144,17680,42,42,30.0,0.0,0.0,5304,5304,,,Level_2
80,50,RM,60.0,10440,Pave,Grvl,Reg,Lvl,Corner,Gtl,Norm,1Fam,2Story,5,6,1910,Gable,CompShg,Wd Sdng,Wd Sdng,Not Applicable,0.0,TA,TA,PConc,TA,TA,No,Unf,0,Unf,440,440,GasA,Gd,Y,SBrkr,682,548,0,1230,0,1,1,2,1,TA,5,Typ,0,Not Applicable,Detchd,Unf,2,440,TA,TA,Y,0,MnPrv,0,WD,Normal,110000,1670,202,1.5,6.5,8350,10020,99,28,43.0,0.0,0.0,4920,3690,1320.0,1320.0,Level_1
81,60,RL,100.0,13000,Pave,Not Applicable,Reg,Lvl,Corner,Gtl,Norm,1Fam,2Story,6,6,1968,Gable,CompShg,VinylSd,VinylSd,BrkFace,576.0,TA,Gd,CBlock,Gd,TA,No,Rec,448,Unf,448,896,GasA,TA,Y,SBrkr,1182,960,0,2142,0,2,1,4,1,Gd,8,Typ,1,Gd,Attchd,Fin,1,509,TA,TA,Y,0,Not Applicable,0,WD,Normal,193500,3038,324,2.5,10.5,18228,18228,41,41,41.0,1728.0,2304.0,6426,8568,1527.0,1527.0,Level_2
82,120,RM,32.0,4500,Pave,Not Applicable,Reg,Lvl,FR2,Gtl,Norm,TwnhsE,1Story,6,5,1998,Other,CompShg,VinylSd,VinylSd,BrkFace,443.0,TA,Gd,PConc,Ex,Other,No,GLQ,1201,Unf,36,1237,GasA,Ex,Y,SBrkr,1337,0,0,1337,1,2,0,2,1,TA,5,Typ,0,Not Applicable,Attchd,Fin,2,405,TA,TA,Y,0,Not Applicable,0,WD,Normal,153500,2574,199,3.0,7.0,15444,12870,8,8,8.0,1329.0,1772.0,6685,4011,1215.0,1215.0,Level_2
83,20,RL,78.0,10206,Pave,Not Applicable,Reg,Lvl,Inside,Gtl,Norm,1Fam,1Story,8,5,2007,Gable,CompShg,VinylSd,VinylSd,Stone,468.0,TA,TA,PConc,Gd,TA,No,GLQ,33,Unf,1530,1563,GasA,Ex,Y,SBrkr,1563,0,0,1563,0,2,0,3,1,Gd,6,Typ,1,Gd,Attchd,RFn,3,758,TA,TA,Y,0,Not Applicable,0,WD,Normal,245000,3126,243,2.0,8.0,25008,15630,1,1,1.0,1404.0,1404.0,7815,6252,2274.0,2274.0,Level_4
84,20,RL,80.0,8892,Pave,Not Applicable,IR1,Lvl,Inside,Gtl,Norm,1Fam,1Story,5,5,1960,Gable,CompShg,MetalSd,MetalSd,BrkCmn,66.0,TA,TA,CBlock,TA,TA,No,Unf,0,Unf,1065,1065,GasA,Gd,Y,SBrkr,1065,0,0,1065,0,1,1,3,1,TA,6,Typ,0,Not Applicable,Detchd,Unf,2,461,TA,TA,Y,0,Not Applicable,0,COD,Normal,126500,2130,74,1.5,7.5,10650,10650,47,47,33.0,198.0,198.0,4260,3195,1383.0,1383.0,Level_2
85,80,RL,69.0,8530,Pave,Not Applicable,IR1,Lvl,Inside,Gtl,Norm,1Fam,SLvl,7,5,1995,Gable,CompShg,HdBoard,HdBoard,BrkFace,22.0,TA,TA,PConc,Gd,TA,No,Unf,0,Unf,384,384,GasA,Gd,Y,SBrkr,804,670,0,1474,0,2,1,3,1,TA,7,Typ,1,TA,BuiltIn,Fin,2,400,TA,TA,Y,0,Not Applicable,700,WD,Normal,168500,1858,192,2.5,9.5,13006,9290,14,13,14.0,66.0,66.0,5896,4422,1200.0,1200.0,Level_3
86,60,RL,121.0,16059,Pave,Not Applicable,Reg,Lvl,Corner,Gtl,Norm,1Fam,2Story,8,5,1991,Other,CompShg,HdBoard,HdBoard,BrkFace,284.0,Gd,TA,CBlock,Gd,TA,No,Unf,0,Unf,1288,1288,GasA,Ex,Y,SBrkr,1301,1116,0,2417,0,2,1,4,1,Gd,9,Typ,1,TA,Attchd,Unf,2,462,TA,TA,Y,0,Not Applicable,0,WD,Normal,260000,3705,209,2.5,11.5,29640,18525,15,14,15.0,1136.0,852.0,12085,9668,1386.0,1386.0,Level_4
87,60,RL,122.0,11911,Pave,Not Applicable,IR2,Lvl,Inside,Gtl,Norm,1Fam,2Story,6,5,2005,Gable,CompShg,VinylSd,VinylSd,Not Applicable,0.0,Gd,TA,PConc,Gd,TA,Av,Unf,0,Unf,684,684,GasA,Ex,Y,SBrkr,684,876,0,1560,0,2,1,3,1,Gd,6,Typ,1,Gd,BuiltIn,Fin,2,400,TA,TA,Y,0,Not Applicable,0,WD,Normal,174000,2244,138,2.5,8.5,13464,11220,4,4,4.0,0.0,0.0,7800,6240,1200.0,1200.0,Level_3
88,160,FV,40.0,3951,Pave,Pave,Reg,Lvl,Corner,Gtl,Norm,TwnhsE,2Story,6,5,2009,Gable,CompShg,VinylSd,VinylSd,Stone,76.0,Gd,TA,PConc,Gd,TA,Av,Unf,0,Unf,612,612,GasA,Ex,Y,SBrkr,612,612,0,1224,0,2,1,2,1,Gd,4,Typ,0,Not Applicable,Detchd,RFn,2,528,TA,TA,Y,0,Not Applicable,0,New,Partial,164500,1836,234,2.5,6.5,11016,9180,0,0,0.0,304.0,228.0,6120,4896,1584.0,1584.0,Level_4
89,50,C (all),105.0,8470,Pave,Not Applicable,IR1,Lvl,Corner,Gtl,Other,1Fam,1.5Fin,3,2,1915,Other,CompShg,Plywood,Plywood,Not Applicable,0.0,Fa,Fa,CBlock,TA,Other,No,Unf,0,Unf,1013,1013,GasA,TA,N,SBrkr,1013,0,513,1526,0,1,0,2,1,Fa,6,Typ,0,Not Applicable,Not Applicable,Not Applicable,0,0,Other,Other,N,0,MnPrv,0,ConLD,Abnorml,85000,2026,156,1.0,7.0,6078,4052,94,27,29.0,0.0,0.0,4578,3052,,,Level_1
90,20,RL,60.0,8070,Pave,Not Applicable,Reg,Lvl,Inside,Gtl,Norm,1Fam,1Story,4,5,1994,Gable,CompShg,VinylSd,VinylSd,Not Applicable,0.0,TA,TA,PConc,Gd,TA,No,GLQ,588,Unf,402,990,GasA,Ex,Y,SBrkr,990,0,0,990,1,1,0,3,1,TA,5,Typ,0,Not Applicable,Not Applicable,Not Applicable,0,0,Other,Other,Y,0,Not Applicable,0,WD,Normal,123600,1980,0,2.0,6.0,7920,9900,13,12,27.0,0.0,0.0,4950,2970,,,Level_3
91,20,RL,60.0,7200,Pave,Not Applicable,Reg,Lvl,Inside,Gtl,Norm,1Fam,1Story,4,5,1950,Gable,CompShg,BrkFace,Wd Sdng,Not Applicable,0.0,TA,TA,Slab,Not Applicable,Other,Not Applicable,Not Applicable,0,Other,0,0,GasA,TA,Y,FuseA,1040,0,0,1040,0,1,0,2,1,TA,4,Typ,0,Not Applicable,Detchd,Unf,2,420,TA,TA,Y,0,Not Applicable,0,WD,Normal,109900,1040,29,1.0,5.0,4160,5200,56,56,56.0,0.0,0.0,3120,3120,1260.0,1260.0,Level_2
92,20,RL,85.0,8500,Pave,Not Applicable,Reg,Lvl,Inside,Gtl,Norm,1Fam,1Story,5,3,1961,Other,CompShg,HdBoard,HdBoard,BrkCmn,203.0,TA,TA,CBlock,TA,TA,No,Rec,600,Unf,635,1235,GasA,TA,Y,SBrkr,1235,0,0,1235,0,1,0,2,1,TA,6,Typ,0,Not Applicable,Attchd,Unf,2,480,TA,TA,Y,0,GdWo,0,WD,Abnorml,98600,2470,0,1.0,7.0,12350,7410,45,45,45.0,609.0,609.0,3705,3705,1440.0,1440.0,Level_2
93,30,RL,80.0,13360,Pave,Grvl,IR1,Other,Inside,Gtl,Norm,1Fam,1Story,5,7,1921,Gable,CompShg,Wd Sdng,Wd Sdng,Not Applicable,0.0,TA,Gd,BrkTil,Gd,TA,No,ALQ,713,Unf,163,876,GasA,Ex,Y,SBrkr,964,0,0,964,1,1,0,2,1,TA,5,Typ,0,Not Applicable,Detchd,Unf,2,432,TA,TA,Y,0,Not Applicable,0,WD,Normal,163500,1840,44,2.0,6.0,9200,12880,88,3,88.0,0.0,0.0,4820,2892,1296.0,1296.0,Level_4
94,190,C (all),60.0,7200,Pave,Not Applicable,Reg,Lvl,Corner,Gtl,Norm,2fmCon,2.5Unf,6,6,1910,Other,CompShg,MetalSd,MetalSd,Not Applicable,0.0,TA,TA,BrkTil,TA,Other,Mn,Rec,1046,Unf,168,1214,Other,Ex,N,SBrkr,1260,1031,0,2291,0,2,0,4,2,TA,9,Typ,1,Gd,Detchd,Unf,2,506,TA,TA,Y,0,Not Applicable,0,WD,Normal,133900,3505,99,2.5,11.0,21030,21030,97,9,107.0,0.0,0.0,11455,6873,1518.0,1518.0,Level_1
95,60,RL,69.0,9337,Pave,Not Applicable,IR1,Lvl,Inside,Gtl,Norm,1Fam,2Story,6,5,1997,Gable,CompShg,VinylSd,VinylSd,Not Applicable,0.0,TA,Gd,PConc,Gd,TA,No,GLQ,648,Unf,176,824,GasA,Ex,Y,SBrkr,905,881,0,1786,1,2,1,3,1,Gd,7,Typ,0,Not Applicable,Attchd,RFn,2,684,TA,TA,Y,0,Not Applicable,0,WD,Normal,204750,2610,162,3.5,9.5,15660,13050,10,10,10.0,0.0,0.0,8930,7144,2052.0,2052.0,Level_3
96,60,RL,69.0,9765,Pave,Not Applicable,IR2,Lvl,Corner,Gtl,Norm,1Fam,2Story,6,8,1993,Gable,CompShg,VinylSd,VinylSd,BrkFace,68.0,Ex,Gd,PConc,Gd,Other,No,ALQ,310,Unf,370,680,GasA,Gd,Y,SBrkr,680,790,0,1470,0,2,1,3,1,TA,6,Typ,1,TA,BuiltIn,Fin,2,420,TA,TA,Y,0,Not Applicable,480,WD,Normal,185000,2150,295,2.5,8.5,12900,17200,16,16,16.0,340.0,272.0,5880,4410,1260.0,1260.0,Level_3
97,20,RL,78.0,10264,Pave,Not Applicable,IR1,Lvl,Inside,Gtl,Norm,1Fam,1Story,7,5,1999,Gable,CompShg,VinylSd,VinylSd,BrkFace,183.0,Gd,TA,PConc,Gd,TA,Av,ALQ,1162,Unf,426,1588,GasA,Ex,Y,SBrkr,1588,0,0,1588,0,2,0,3,1,Gd,6,Typ,0,Not Applicable,Attchd,RFn,2,472,TA,TA,Y,0,Not Applicable,0,WD,Normal,214000,3176,187,2.0,8.0,22232,15880,7,7,7.0,732.0,549.0,7940,6352,1416.0,1416.0,Level_3
98,20,RL,73.0,10921,Pave,Not Applicable,Reg,Other,Inside,Gtl,Norm,1Fam,1Story,4,5,1965,Other,CompShg,HdBoard,HdBoard,BrkFace,48.0,TA,TA,CBlock,TA,TA,No,Rec,520,Unf,440,960,GasA,TA,Y,FuseF,960,0,0,960,1,1,0,3,1,TA,6,Typ,0,Not Applicable,Attchd,Fin,1,432,TA,TA,P,0,Not Applicable,0,WD,Normal,94750,1920,120,2.0,7.0,7680,9600,42,42,42.0,144.0,144.0,2880,2880,1296.0,1296.0,Level_1
99,30,RL,85.0,10625,Pave,Not Applicable,Reg,Lvl,Corner,Gtl,Norm,1Fam,1Story,5,5,1920,Gable,CompShg,Wd Sdng,Wd Sdng,Not Applicable,0.0,TA,TA,BrkTil,TA,TA,No,ALQ,108,Unf,350,458,GasA,Fa,N,SBrkr,835,0,0,835,0,1,0,2,1,TA,5,Typ,0,Not Applicable,Basment,Unf,1,366,Other,TA,Y,0,Not Applicable,400,COD,Abnorml,83000,1293,77,1.0,6.0,6465,6465,90,60,90.0,0.0,0.0,1670,2505,732.0,1098.0,Level_1
100,20,RL,77.0,9320,Pave,Not Applicable,IR1,Lvl,Inside,Gtl,Norm,1Fam,1Story,4,5,1959,Gable,CompShg,Plywood,Plywood,Not Applicable,0.0,TA,TA,CBlock,TA,TA,No,ALQ,569,Unf,381,950,GasA,Fa,Y,SBrkr,1225,0,0,1225,1,1,1,3,1,TA,6,Typ,0,Not Applicable,Not Applicable,Not Applicable,0,0,Other,Other,Y,0,Not Applicable,400,WD,Normal,128950,2175,352,2.5,7.5,8700,10875,51,51,30.0,0.0,0.0,2450,3675,,,Level_2
101,20,RL,69.0,10603,Pave,Not Applicable,IR1,Lvl,Inside,Gtl,Norm,1Fam,1Story,6,7,1977,Gable,CompShg,Plywood,Plywood,BrkFace,28.0,TA,TA,PConc,TA,TA,Mn,ALQ,1200,Unf,410,1610,GasA,Gd,Y,SBrkr,1610,0,0,1610,1,2,0,3,1,Gd,6,Typ,2,TA,Attchd,RFn,2,480,TA,TA,Y,0,Not Applicable,0,WD,Normal,205000,3220,236,3.0,8.0,19320,22540,33,9,33.0,84.0,84.0,6440,6440,1440.0,1440.0,Level_3
102,60,RL,77.0,9206,Pave,Not Applicable,Reg,Lvl,Inside,Gtl,Norm,1Fam,2Story,6,5,1985,Gable,CompShg,HdBoard,HdBoard,BrkFace,336.0,Gd,TA,CBlock,Gd,TA,No,Unf,0,Unf,741,741,GasA,TA,Y,SBrkr,977,755,0,1732,0,2,1,3,1,Gd,7,Typ,1,TA,Attchd,Fin,2,476,TA,TA,Y,0,Not Applicable,0,WD,Normal,178000,2473,238,2.5,9.5,14838,12365,25,25,25.0,1344.0,1008.0,5196,6928,1428.0,1428.0,Level_3
103,90,RL,64.0,7018,Pave,Not Applicable,Reg,Other,Inside,Gtl,Norm,Duplex,1Story,5,5,1979,Gable,CompShg,HdBoard,HdBoard,Not Applicable,0.0,TA,Fa,Slab,Not Applicable,Other,Not Applicable,Not Applicable,0,Other,0,0,GasA,TA,Y,SBrkr,1535,0,0,1535,0,2,0,4,2,TA,8,Typ,0,Not Applicable,Attchd,Unf,2,410,TA,TA,Y,0,Not Applicable,0,WD,Alloca,118964,1535,0,2.0,10.0,7675,7675,30,30,30.0,0.0,0.0,4605,4605,1230.0,1230.0,Level_3
104,20,RL,94.0,10402,Pave,Not Applicable,IR1,Lvl,Corner,Gtl,Norm,1Fam,1Story,7,5,2009,Gable,CompShg,VinylSd,VinylSd,Not Applicable,0.0,TA,TA,PConc,Gd,TA,No,Unf,0,Unf,1226,1226,GasA,Ex,Y,SBrkr,1226,0,0,1226,0,2,0,3,1,Gd,6,Typ,0,Not Applicable,Attchd,RFn,3,740,TA,TA,Y,0,Not Applicable,0,WD,Normal,198900,2452,36,2.0,8.0,17164,12260,1,1,1.0,0.0,0.0,6130,4904,2220.0,2220.0,Level_3
105,50,RM,69.0,7758,Pave,Not Applicable,Reg,Lvl,Corner,Gtl,Norm,1Fam,1.5Fin,7,4,1931,Gable,CompShg,Stucco,Stucco,BrkFace,600.0,TA,Fa,PConc,TA,TA,No,LwQ,224,Unf,816,1040,GasA,Ex,Y,FuseF,1226,592,0,1818,0,1,1,4,1,TA,7,Typ,2,TA,Detchd,Unf,1,240,TA,TA,Y,0,Not Applicable,0,WD,Normal,169500,2858,184,1.5,8.5,20006,11432,76,57,56.0,1800.0,1200.0,9090,5454,720.0,720.0,Level_1
106,60,FV,75.0,9375,Pave,Not Applicable,Reg,Lvl,Inside,Gtl,Norm,1Fam,2Story,8,5,2003,Other,CompShg,VinylSd,VinylSd,BrkFace,768.0,Gd,TA,PConc,Ex,TA,No,Unf,0,Unf,1053,1053,GasA,Ex,Y,SBrkr,1053,939,0,1992,0,2,1,3,1,Gd,9,Typ,1,Gd,Attchd,RFn,2,648,TA,TA,Y,0,Not Applicable,0,WD,Normal,250000,3045,185,2.5,11.5,24360,15225,5,4,5.0,3072.0,2304.0,9960,7968,1944.0,1944.0,Level_4
107,30,RM,60.0,10800,Pave,Grvl,Reg,Lvl,Inside,Gtl,Norm,1Fam,1Story,4,7,1885,Other,CompShg,VinylSd,VinylSd,Not Applicable,0.0,TA,TA,BrkTil,Fa,TA,No,Unf,0,Unf,641,641,GasA,Gd,Y,SBrkr,1047,0,0,1047,0,1,0,2,1,TA,6,Typ,0,Not Applicable,Detchd,Unf,1,273,Other,Other,N,0,Not Applicable,450,WD,Normal,100000,1688,0,1.0,7.0,6752,11816,122,12,53.0,0.0,0.0,4188,3141,546.0,546.0,Level_1
108,20,RM,50.0,6000,Pave,Not Applicable,Reg,Lvl,Inside,Gtl,Norm,1Fam,1Story,5,5,1948,Gable,CompShg,VinylSd,VinylSd,Not Applicable,0.0,TA,TA,CBlock,TA,TA,No,ALQ,104,Other,516,789,GasA,Ex,Y,SBrkr,789,0,0,789,0,1,0,2,1,TA,5,Typ,0,Not Applicable,Detchd,Unf,1,250,TA,TA,Y,0,Not Applicable,0,WD,Partial,115000,1578,0,1.0,6.0,7890,7890,60,58,60.0,0.0,0.0,3945,2367,750.0,750.0,Level_1
109,50,RM,85.0,8500,Pave,Not Applicable,Reg,Lvl,Corner,Gtl,Other,1Fam,1.5Fin,5,7,1919,Gable,CompShg,CemntBd,CmentBd,Not Applicable,0.0,TA,TA,CBlock,TA,TA,No,Unf,0,Unf,793,793,Other,TA,N,FuseF,997,520,0,1517,0,2,0,3,1,Fa,7,Typ,0,Not Applicable,Not Applicable,Not Applicable,0,0,Other,Other,N,0,Not Applicable,0,WD,Normal,115000,2310,144,2.0,9.0,11550,16170,88,2,27.0,0.0,0.0,4551,3034,,,Level_1
110,20,RL,105.0,11751,Pave,Not Applicable,IR1,Lvl,Inside,Gtl,Norm,1Fam,1Story,6,6,1977,Other,CompShg,Plywood,Plywood,BrkFace,480.0,TA,TA,CBlock,Gd,TA,No,BLQ,705,Unf,1139,1844,GasA,Ex,Y,SBrkr,1844,0,0,1844,0,2,0,3,1,TA,7,Typ,1,TA,Attchd,RFn,2,546,TA,TA,Y,0,MnPrv,0,COD,Normal,190000,3688,122,2.0,9.0,22128,22128,33,33,33.0,1440.0,1440.0,9220,5532,1638.0,1638.0,Level_3
111,50,RL,75.0,9525,Pave,Not Applicable,Reg,Lvl,Inside,Gtl,Norm,1Fam,1.5Fin,6,4,1954,Gable,CompShg,Wd Sdng,Wd Sdng,Not Applicable,0.0,TA,TA,CBlock,TA,Other,No,Rec,444,Unf,550,994,GasA,Gd,Y,SBrkr,1216,639,0,1855,0,2,0,4,1,TA,7,Typ,0,Not Applicable,Attchd,Unf,1,325,TA,TA,Y,0,Not Applicable,0,WD,Normal,136900,2849,182,2.0,9.0,17094,11396,52,34,52.0,0.0,0.0,7420,5565,975.0,975.0,Level_1
112,80,RL,69.0,7750,Pave,Not Applicable,IR1,Lvl,Inside,Gtl,Norm,1Fam,SLvl,7,5,2000,Gable,CompShg,VinylSd,VinylSd,Not Applicable,0.0,TA,TA,PConc,Gd,TA,No,GLQ,250,Unf,134,384,GasA,Ex,Y,SBrkr,774,656,0,1430,0,2,1,3,1,TA,7,Typ,1,TA,BuiltIn,Fin,2,400,TA,TA,Y,0,Not Applicable,0,WD,Normal,180000,1814,180,2.5,9.5,12698,9070,10,10,10.0,0.0,0.0,7150,4290,1200.0,1200.0,Level_3
113,60,RL,77.0,9965,Pave,Not Applicable,Reg,Lvl,Inside,Gtl,Norm,1Fam,2Story,7,5,2007,Gable,CompShg,VinylSd,VinylSd,Stone,220.0,Gd,TA,PConc,Ex,TA,Av,GLQ,984,Unf,280,1264,GasA,Ex,Y,SBrkr,1282,1414,0,2696,1,2,1,4,1,Ex,10,Typ,1,Gd,BuiltIn,Fin,3,792,TA,TA,Y,0,Not Applicable,0,New,Partial,383970,3960,472,3.5,12.5,27720,19800,0,0,0.0,880.0,660.0,13480,13480,2376.0,2376.0,Level_3
114,20,RL,69.0,21000,Pave,Not Applicable,Reg,Other,Corner,Gtl,Norm,1Fam,1Story,6,5,1953,Other,CompShg,Wd Sdng,Wd Sdng,BrkFace,184.0,TA,Gd,CBlock,Gd,TA,Mn,ALQ,35,Other,905,1809,GasA,TA,Y,SBrkr,2259,0,0,2259,1,2,0,3,1,Gd,7,Typ,2,Gd,Basment,Unf,2,450,TA,TA,Y,0,MnPrv,0,COD,Abnorml,217000,4068,478,3.0,9.0,24408,20340,54,54,54.0,552.0,736.0,6777,9036,1350.0,1350.0,Level_4
115,70,RL,61.0,7259,Pave,Not Applicable,IR1,Lvl,Inside,Other,Norm,1Fam,2Story,6,8,1945,Other,CompShg,Wd Sdng,Wd Sdng,Not Applicable,0.0,TA,TA,CBlock,TA,TA,No,ALQ,774,Other,104,1028,GasA,Ex,Y,SBrkr,1436,884,0,2320,1,2,1,3,1,Gd,9,Typ,1,TA,Detchd,Unf,1,180,TA,TA,Y,0,MnPrv,0,WD,Normal,259500,3348,224,3.5,11.5,20088,26784,62,5,62.0,0.0,0.0,11600,9280,540.0,540.0,Level_4
116,160,FV,34.0,3230,Pave,Pave,Reg,Lvl,Corner,Gtl,Norm,TwnhsE,2Story,6,5,1999,Gable,CompShg,MetalSd,MetalSd,BrkFace,1129.0,TA,TA,PConc,Gd,TA,No,GLQ,419,Unf,310,729,GasA,Gd,Y,SBrkr,729,729,0,1458,0,2,1,2,1,TA,5,Typ,1,Fa,Detchd,Unf,2,440,TA,TA,Y,0,Not Applicable,0,WD,Normal,176000,2187,32,2.5,7.5,13122,10935,8,8,8.0,3387.0,3387.0,5832,4374,1320.0,1320.0,Level_4
117,20,RL,69.0,11616,Pave,Not Applicable,Reg,Lvl,Inside,Gtl,Norm,1Fam,1Story,5,5,1962,Gable,CompShg,Wd Sdng,Wd Sdng,BrkFace,116.0,TA,TA,CBlock,TA,TA,No,LwQ,170,Other,252,1092,GasA,TA,Y,SBrkr,1092,0,0,1092,0,1,0,3,1,TA,6,Typ,1,Po,Attchd,Unf,1,288,TA,TA,Y,0,Not Applicable,0,WD,Normal,139000,2184,164,1.5,7.0,10920,10920,47,47,47.0,348.0,348.0,3276,3276,864.0,864.0,Level_2
118,20,RL,74.0,8536,Pave,Not Applicable,Reg,Lvl,Corner,Gtl,Norm,1Fam,1Story,5,5,2006,Gable,CompShg,VinylSd,VinylSd,Not Applicable,0.0,TA,TA,PConc,Gd,TA,No,Unf,0,Unf,1125,1125,GasA,Gd,Y,SBrkr,1125,0,0,1125,0,1,1,2,1,TA,5,Typ,0,Not Applicable,Attchd,Unf,2,430,TA,TA,Y,0,Not Applicable,0,New,Partial,155000,2250,144,1.5,6.5,11250,11250,1,0,0.0,0.0,0.0,4500,3375,1290.0,1290.0,Level_1
119,60,RL,90.0,12376,Pave,Not Applicable,Reg,Lvl,Corner,Gtl,Norm,1Fam,2Story,7,5,1990,Other,CompShg,Plywood,Plywood,Not Applicable,0.0,TA,TA,PConc,Gd,TA,Mn,GLQ,1470,Unf,203,1673,GasA,Gd,Y,SBrkr,1699,1523,0,3222,1,3,0,5,1,Gd,11,Typ,2,TA,Attchd,Unf,3,594,TA,TA,Y,0,Not Applicable,0,WD,Normal,320000,4895,367,4.0,14.0,34265,24475,20,20,20.0,0.0,0.0,12888,12888,1782.0,1782.0,Level_3
120,60,RL,65.0,8461,Pave,Not Applicable,Reg,Lvl,Inside,Gtl,Norm,1Fam,2Story,6,5,2005,Gable,CompShg,VinylSd,VinylSd,Not Applicable,0.0,Gd,TA,PConc,Gd,TA,No,Unf,0,Unf,728,728,GasA,Ex,Y,SBrkr,728,728,0,1456,0,2,1,3,1,Gd,8,Typ,1,Gd,Attchd,Fin,2,390,TA,TA,Y,0,Not Applicable,0,New,Partial,163990,2184,24,2.5,10.5,13104,10920,1,0,1.0,0.0,0.0,7280,5824,1170.0,1170.0,Level_3
121,80,RL,69.0,21453,Pave,Not Applicable,IR1,Other,CulDSac,Other,Norm,1Fam,SLvl,6,5,1969,Other,Other,Plywood,Plywood,Not Applicable,0.0,TA,TA,CBlock,TA,TA,Gd,ALQ,938,Unf,0,938,GasA,Ex,Y,SBrkr,988,0,0,988,1,1,0,1,1,TA,4,Typ,2,TA,Attchd,Unf,2,540,TA,TA,Y,0,Not Applicable,0,WD,Normal,180000,1926,260,2.0,5.0,11556,9630,37,37,37.0,0.0,0.0,4940,2964,1620.0,1620.0,Level_3
122,50,RM,50.0,6060,Pave,Not Applicable,Reg,Lvl,Inside,Gtl,Norm,1Fam,1.5Fin,4,5,1939,Gable,CompShg,AsbShng,AsbShng,Not Applicable,0.0,TA,TA,PConc,TA,TA,No,Unf,0,Unf,732,732,GasA,Gd,Y,SBrkr,772,351,0,1123,0,1,0,3,1,TA,4,Typ,0,Not Applicable,Detchd,Unf,1,264,TA,TA,P,0,MnPrv,0,WD,Normal,100000,1855,140,1.0,5.0,7420,9275,68,57,28.0,0.0,0.0,4492,3369,792.0,792.0,Level_1
123,20,RL,75.0,9464,Pave,Not Applicable,Reg,Lvl,Corner,Gtl,Norm,1Fam,1Story,6,7,1958,Other,CompShg,MetalSd,MetalSd,BrkFace,135.0,TA,Gd,CBlock,TA,TA,No,BLQ,570,Unf,510,1080,GasA,Gd,Y,SBrkr,1080,0,0,1080,0,1,0,3,1,TA,5,Typ,0,Not Applicable,Attchd,Unf,1,288,TA,TA,Y,0,Not Applicable,0,WD,Normal,136000,2160,130,1.0,6.0,12960,15120,50,50,50.0,405.0,540.0,4320,3240,864.0,864.0,Level_2
124,120,RL,55.0,7892,Pave,Not Applicable,Reg,Lvl,Inside,Gtl,Norm,TwnhsE,1Story,6,5,1993,Gable,CompShg,Plywood,Plywood,Not Applicable,0.0,Gd,TA,PConc,Gd,TA,No,GLQ,300,Unf,899,1199,GasA,Ex,Y,SBrkr,1199,0,0,1199,0,2,0,2,1,Gd,5,Typ,0,Not Applicable,Attchd,RFn,2,530,TA,TA,Y,0,Not Applicable,0,WD,Normal,153900,2398,63,2.0,7.0,14388,11990,15,15,15.0,0.0,0.0,5995,4796,1590.0,1590.0,Level_3
125,20,RL,48.0,17043,Pave,Not Applicable,IR1,Lvl,CulDSac,Gtl,Norm,1Fam,1Story,6,5,1979,Gable,CompShg,HdBoard,HdBoard,Not Applicable,0.0,TA,Gd,CBlock,Gd,Other,No,Unf,0,Unf,1362,1362,GasA,TA,Y,SBrkr,1586,0,0,1586,0,2,0,3,1,TA,7,Typ,1,TA,Attchd,Unf,2,435,TA,TA,Y,0,Not Applicable,0,WD,Normal,181000,2948,192,2.0,9.0,17688,14740,30,11,30.0,0.0,0.0,4758,4758,1305.0,1305.0,Level_3
126,190,RM,60.0,6780,Pave,Not Applicable,Reg,Lvl,Inside,Gtl,Norm,2fmCon,1.5Fin,6,8,1935,Gable,CompShg,Wd Sdng,Wd Sdng,Not Applicable,0.0,TA,Fa,CBlock,TA,TA,Av,GLQ,490,Unf,30,520,GasA,Gd,N,SBrkr,520,0,234,754,1,1,0,2,1,TA,5,Typ,0,Not Applicable,Not Applicable,Not Applicable,0,0,Other,Other,N,0,Not Applicable,0,WD,Normal,84500,1040,53,2.0,6.0,6240,8320,71,24,26.0,0.0,0.0,3016,2262,,,Level_1
127,120,RL,69.0,4928,Pave,Not Applicable,IR1,Lvl,Inside,Gtl,Norm,TwnhsE,1Story,6,5,1976,Gable,CompShg,Plywood,Plywood,Not Applicable,0.0,TA,TA,CBlock,Gd,TA,No,ALQ,120,Unf,958,1078,GasA,TA,Y,SBrkr,958,0,0,958,0,2,0,2,1,TA,5,Typ,1,TA,Attchd,RFn,2,440,TA,TA,Y,0,Not Applicable,0,WD,Normal,128000,2036,205,2.0,7.0,12216,10180,31,31,30.0,0.0,0.0,2874,2874,1320.0,1320.0,Level_2
128,45,RM,55.0,4388,Pave,Not Applicable,IR1,Other,Inside,Gtl,Other,1Fam,1.5Unf,5,7,1930,Gable,CompShg,WdShing,Wd Sdng,Not Applicable,0.0,TA,Gd,BrkTil,TA,TA,No,LwQ,116,Unf,556,672,GasA,Ex,Y,SBrkr,840,0,0,840,0,1,0,3,1,TA,5,Typ,1,TA,Not Applicable,Not Applicable,0,0,Other,Other,N,0,Not Applicable,0,WD,Normal,87000,1512,0,1.0,6.0,7560,10584,77,57,27.0,0.0,0.0,4200,2520,,,Level_1
129,60,RL,69.0,7590,Pave,Not Applicable,Reg,Lvl,Inside,Gtl,Other,1Fam,2Story,6,5,1966,Gable,CompShg,VinylSd,VinylSd,BrkFace,266.0,TA,TA,CBlock,TA,TA,No,BLQ,512,Unf,148,660,GasA,TA,Y,SBrkr,660,688,0,1348,0,1,1,3,1,TA,6,Typ,1,Fa,Attchd,RFn,2,453,TA,TA,Y,0,Not Applicable,0,WD,Normal,155000,2008,296,1.5,7.5,12048,10040,40,40,40.0,798.0,798.0,4044,4044,1359.0,1359.0,Level_2
130,20,RL,69.0,8973,Pave,Not Applicable,Reg,Lvl,Inside,Gtl,Norm,1Fam,1Story,5,7,1958,Gable,CompShg,Plywood,Plywood,BrkFace,85.0,TA,TA,CBlock,TA,TA,No,Rec,567,Other,413,1008,GasA,TA,Y,FuseA,1053,0,0,1053,0,1,1,3,1,Ex,6,Typ,0,Not Applicable,2Types,RFn,2,750,TA,TA,Y,0,MnWw,0,WD,Abnorml,150000,2061,260,2.0,7.5,10305,14427,48,15,8.0,255.0,255.0,3159,5265,2250.0,2250.0,Level_2
131,60,RL,88.0,14200,Pave,Not Applicable,Reg,Lvl,Corner,Gtl,Norm,1Fam,2Story,7,6,1966,Gable,CompShg,MetalSd,MetalSd,BrkFace,309.0,TA,TA,CBlock,TA,TA,No,Rec,445,Unf,479,924,GasA,Ex,Y,SBrkr,1216,941,0,2157,0,2,1,4,1,Gd,8,Typ,2,Gd,Attchd,Fin,2,487,TA,TA,Y,0,GdPrv,0,WD,Normal,226000,3081,171,2.5,10.5,21567,18486,40,40,40.0,927.0,927.0,10785,8628,1461.0,1461.0,Level_2
132,60,RL,69.0,12224,Pave,Not Applicable,IR1,Lvl,Corner,Gtl,Norm,1Fam,2Story,6,5,2000,Gable,CompShg,VinylSd,VinylSd,BrkFace,40.0,Gd,TA,PConc,Gd,TA,No,GLQ,695,Unf,297,992,GasA,Ex,Y,SBrkr,1022,1032,0,2054,1,2,1,3,1,Gd,7,Typ,1,TA,BuiltIn,RFn,2,390,TA,TA,Y,0,Not Applicable,0,WD,Normal,244000,3046,72,3.5,9.5,18276,15230,9,9,9.0,160.0,120.0,10270,8216,1170.0,1170.0,Level_3
133,20,RL,75.0,7388,Pave,Not Applicable,Reg,Lvl,Corner,Gtl,Norm,1Fam,1Story,5,6,1959,Gable,CompShg,MetalSd,MetalSd,Not Applicable,0.0,TA,TA,CBlock,TA,TA,No,Rec,405,Unf,658,1063,GasA,Gd,Y,SBrkr,1327,0,0,1327,1,1,0,3,1,Gd,7,Typ,0,Not Applicable,Detchd,Unf,2,624,TA,TA,Y,0,Not Applicable,0,WD,Normal,150750,2390,0,2.0,8.0,11950,14340,48,5,33.0,0.0,0.0,5308,5308,1872.0,1872.0,Level_2
134,20,RL,69.0,6853,Pave,Not Applicable,IR1,Lvl,Inside,Gtl,Norm,1Fam,1Story,8,5,2001,Gable,CompShg,VinylSd,VinylSd,BrkFace,136.0,Gd,TA,PConc,Ex,TA,No,GLQ,1005,Unf,262,1267,GasA,Ex,Y,SBrkr,1296,0,0,1296,1,2,0,2,1,Gd,6,Typ,0,Not Applicable,Attchd,Fin,2,471,TA,TA,Y,0,Not Applicable,0,WD,Normal,220000,2563,217,3.0,8.0,20504,12815,8,7,8.0,544.0,408.0,6480,5184,1413.0,1413.0,Level_4
135,20,RL,78.0,10335,Pave,Not Applicable,IR1,Lvl,Inside,Gtl,Norm,1Fam,1Story,5,6,1968,Gable,CompShg,Plywood,Plywood,Not Applicable,0.0,TA,TA,CBlock,TA,TA,No,Rec,570,Unf,891,1461,GasA,Gd,Y,SBrkr,1721,0,0,1721,0,2,1,3,1,TA,7,Other,1,TA,Attchd,RFn,2,440,TA,TA,Y,0,MnPrv,0,WD,Normal,180000,3182,276,2.5,9.5,15910,19092,38,13,38.0,0.0,0.0,6884,5163,1320.0,1320.0,Level_2
136,20,RL,80.0,10400,Pave,Not Applicable,Reg,Lvl,Inside,Gtl,Norm,1Fam,1Story,7,6,1970,Other,CompShg,Plywood,Plywood,BrkFace,288.0,TA,TA,PConc,TA,TA,No,Unf,0,Unf,1304,1304,GasA,Gd,Y,SBrkr,1682,0,0,1682,0,2,0,3,1,TA,7,Typ,1,Gd,Attchd,Unf,2,530,TA,TA,Y,0,MnPrv,0,WD,Normal,174000,2986,98,2.0,9.0,20902,17916,38,38,38.0,864.0,864.0,6728,5046,1590.0,1590.0,Level_3
137,20,RL,69.0,10355,Pave,Not Applicable,IR1,Lvl,Corner,Gtl,Norm,1Fam,1Story,5,5,1967,Gable,CompShg,MetalSd,MetalSd,BrkFace,196.0,TA,TA,CBlock,TA,TA,No,BLQ,695,Unf,519,1214,GasA,TA,Y,SBrkr,1214,0,0,1214,0,2,0,3,1,TA,5,Typ,1,Fa,Attchd,RFn,1,318,TA,TA,Y,0,Not Applicable,0,WD,Normal,143000,2428,111,2.0,7.0,12140,12140,40,40,40.0,588.0,588.0,3642,3642,954.0,954.0,Level_2
138,90,RL,82.0,11070,Pave,Not Applicable,Reg,Lvl,Inside,Gtl,Norm,Duplex,1Story,7,5,1988,Gable,CompShg,VinylSd,VinylSd,BrkFace,70.0,TA,TA,CBlock,TA,TA,No,Unf,0,Unf,1907,1907,GasA,Gd,Y,SBrkr,1959,0,0,1959,0,3,0,5,2,TA,9,Typ,0,Not Applicable,2Types,Unf,3,766,TA,TA,Y,0,Not Applicable,0,WD,Family,171000,3866,0,3.0,12.0,27062,19330,18,17,17.0,210.0,210.0,7836,5877,2298.0,2298.0,Level_2
139,60,RL,73.0,9066,Pave,Not Applicable,IR1,Lvl,Inside,Gtl,Norm,1Fam,2Story,8,5,1999,Gable,CompShg,VinylSd,VinylSd,BrkFace,320.0,Gd,TA,PConc,Gd,TA,Mn,GLQ,668,Unf,336,1004,GasA,Ex,Y,SBrkr,1004,848,0,1852,0,2,1,3,1,Gd,7,Typ,2,TA,Attchd,Fin,3,660,TA,TA,Y,0,GdPrv,0,WD,Normal,230000,2856,330,2.5,9.5,22848,14280,9,8,9.0,1280.0,960.0,9260,7408,1980.0,1980.0,Level_3
140,60,RL,65.0,15426,Pave,Not Applicable,IR1,Lvl,Inside,Gtl,Norm,1Fam,2Story,6,5,1997,Gable,CompShg,VinylSd,VinylSd,Not Applicable,0.0,TA,TA,PConc,Gd,TA,No,GLQ,821,Unf,107,928,GasA,Ex,Y,SBrkr,928,836,0,1764,1,2,1,3,1,Gd,7,Typ,0,Not Applicable,Attchd,RFn,2,470,TA,TA,Y,0,MnPrv,0,WD,Normal,231500,2692,375,3.5,9.5,16152,13460,12,12,12.0,0.0,0.0,8820,7056,1410.0,1410.0,Level_3
141,20,RL,70.0,10500,Pave,Not Applicable,Reg,Lvl,FR2,Gtl,Norm,1Fam,1Story,4,5,1971,Gable,CompShg,HdBoard,HdBoard,Not Applicable,0.0,TA,TA,CBlock,TA,TA,No,ALQ,432,Unf,432,864,GasA,TA,Y,SBrkr,864,0,0,864,0,1,0,3,1,TA,5,Typ,1,Po,Not Applicable,Not Applicable,0,0,Other,Other,Y,0,Not Applicable,0,ConLI,Normal,115000,1728,0,1.0,6.0,6912,8640,39,39,30.0,0.0,0.0,2592,2592,,,Level_2
142,20,RL,78.0,11645,Pave,Not Applicable,Reg,Lvl,Inside,Gtl,Norm,1Fam,1Story,7,5,2005,Gable,CompShg,VinylSd,VinylSd,Not Applicable,0.0,Gd,TA,PConc,Gd,TA,Av,GLQ,1300,Unf,434,1734,GasA,Ex,Y,SBrkr,1734,0,0,1734,1,2,0,3,1,Gd,7,Typ,0,Not Applicable,Attchd,Fin,2,660,TA,TA,Y,0,Not Applicable,0,WD,Normal,260000,3468,184,3.0,9.0,24276,17340,1,1,1.0,0.0,0.0,8670,6936,1980.0,1980.0,Level_3
143,50,RL,71.0,8520,Pave,Not Applicable,Reg,Lvl,Corner,Gtl,Other,1Fam,1.5Fin,5,4,1952,Gable,CompShg,BrkFace,Wd Sdng,Not Applicable,0.0,TA,Fa,CBlock,TA,TA,No,Rec,507,Unf,403,910,GasA,Fa,Y,SBrkr,910,475,0,1385,0,2,0,4,1,TA,6,Typ,0,Not Applicable,Detchd,Unf,2,720,TA,TA,Y,0,MnPrv,0,WD,Normal,166000,2295,0,2.0,8.0,11475,9180,58,58,10.0,0.0,0.0,2770,4155,2160.0,2160.0,Level_2
144,20,RL,78.0,10335,Pave,Not Applicable,IR1,Lvl,Inside,Gtl,Norm,1Fam,1Story,7,5,1999,Gable,CompShg,VinylSd,VinylSd,BrkFace,183.0,Gd,TA,PConc,Gd,TA,Gd,GLQ,679,Unf,811,1490,GasA,Ex,Y,SBrkr,1501,0,0,1501,1,2,0,3,1,Gd,6,Typ,0,Not Applicable,Attchd,RFn,2,577,TA,TA,Y,0,Not Applicable,0,WD,Normal,204000,2991,173,3.0,8.0,20937,14955,10,10,10.0,732.0,549.0,7505,6004,1731.0,1731.0,Level_3
145,90,RM,70.0,9100,Pave,Not Applicable,Reg,Lvl,Inside,Gtl,Other,Duplex,1Story,5,5,1963,Gable,CompShg,HdBoard,HdBoard,BrkFace,336.0,TA,TA,CBlock,TA,TA,No,Rec,1332,Unf,396,1728,GasA,TA,Y,SBrkr,1728,0,0,1728,1,2,0,6,2,TA,10,Typ,0,Not Applicable,Detchd,Unf,2,504,TA,TA,Y,0,Not Applicable,0,ConLI,Abnorml,125000,3456,0,3.0,12.0,17280,17280,43,43,43.0,1008.0,1008.0,5184,5184,1512.0,1512.0,Level_2
146,160,RM,24.0,2522,Pave,Not Applicable,Reg,Lvl,Inside,Gtl,Norm,Twnhs,2Story,6,5,2004,Gable,CompShg,VinylSd,VinylSd,Stone,50.0,Gd,TA,PConc,Gd,TA,No,Unf,0,Unf,970,970,GasA,Ex,Y,SBrkr,970,739,0,1709,0,2,0,3,1,Gd,7,Other,0,Not Applicable,Detchd,Unf,2,380,TA,TA,Y,0,Not Applicable,0,WD,Normal,130000,2679,40,2.0,9.0,16074,13395,2,0,2.0,200.0,150.0,8545,6836,1140.0,1140.0,Level_1
147,30,RM,51.0,6120,Pave,Not Applicable,Reg,Lvl,Corner,Gtl,Norm,1Fam,1Story,5,7,1931,Gable,CompShg,Wd Sdng,Wd Sdng,Not Applicable,0.0,TA,TA,BrkTil,TA,TA,No,BLQ,209,Unf,506,715,GasA,TA,Y,FuseA,875,0,0,875,1,1,0,2,1,TA,5,Typ,0,Not Applicable,Detchd,Unf,1,180,Other,TA,Y,0,Not Applicable,0,WD,Normal,105000,1590,48,2.0,6.0,7950,11130,78,16,78.0,0.0,0.0,2625,2625,360.0,540.0,Level_1
148,60,RL,69.0,9505,Pave,Not Applicable,IR1,Lvl,CulDSac,Gtl,Norm,1Fam,2Story,7,5,2001,Gable,CompShg,VinylSd,VinylSd,BrkFace,180.0,Gd,TA,PConc,Gd,TA,No,Unf,0,Unf,884,884,GasA,Ex,Y,SBrkr,884,1151,0,2035,0,2,1,3,1,Gd,8,Typ,1,Gd,BuiltIn,Fin,2,434,TA,TA,Y,0,Not Applicable,0,WD,Normal,222500,2919,192,2.5,10.5,20433,14595,9,9,9.0,720.0,540.0,10175,8140,1302.0,1302.0,Level_3
149,20,RL,63.0,7500,Pave,Not Applicable,Reg,Lvl,Inside,Gtl,Norm,1Fam,1Story,7,5,2004,Gable,CompShg,VinylSd,VinylSd,BrkFace,120.0,TA,TA,PConc,Gd,TA,No,GLQ,680,Unf,400,1080,GasA,Ex,Y,SBrkr,1080,0,0,1080,1,1,0,3,1,Gd,6,Typ,0,Not Applicable,Not Applicable,Not Applicable,0,0,Other,Other,Y,0,Not Applicable,0,WD,Normal,141000,2160,0,2.0,7.0,15120,10800,4,3,28.0,360.0,360.0,5400,4320,,,Level_3
150,50,RM,69.0,6240,Pave,Not Applicable,Reg,Lvl,Inside,Gtl,Norm,1Fam,1.5Fin,5,4,1936,Gable,CompShg,MetalSd,MetalSd,Not Applicable,0.0,TA,TA,BrkTil,Gd,TA,No,Unf,0,Unf,896,896,GasA,Gd,Y,FuseA,896,448,0,1344,0,1,0,3,1,TA,7,Typ,0,Not Applicable,Detchd,Unf,1,240,Other,TA,Y,0,Not Applicable,0,WD,Normal,115000,2240,314,1.0,8.0,11200,8960,70,56,70.0,0.0,0.0,5376,4032,480.0,720.0,Level_1
151,20,RL,120.0,10356,Pave,Not Applicable,Reg,Lvl,Corner,Gtl,Norm,1Fam,1Story,5,6,1975,Gable,CompShg,HdBoard,HdBoard,Not Applicable,0.0,TA,TA,CBlock,TA,TA,Av,BLQ,716,Unf,253,969,GasA,TA,Y,SBrkr,969,0,0,969,0,1,1,3,1,TA,5,Typ,0,Not Applicable,Attchd,Unf,2,440,TA,TA,Y,0,MnPrv,0,WD,Normal,122000,1938,0,1.5,6.5,9690,11628,32,32,32.0,0.0,0.0,2907,2907,1320.0,1320.0,Level_3
152,20,RL,107.0,13891,Pave,Not Applicable,Reg,Lvl,Inside,Gtl,Norm,1Fam,1Story,8,5,2007,Other,CompShg,VinylSd,VinylSd,Stone,436.0,Gd,TA,PConc,Ex,TA,Gd,GLQ,1400,Unf,310,1710,GasA,Ex,Y,SBrkr,1710,0,0,1710,1,2,0,2,1,Gd,6,Typ,1,Gd,Attchd,RFn,3,866,TA,TA,Y,0,Not Applicable,0,New,Partial,372402,3420,102,3.0,8.0,27360,17100,1,0,1.0,1744.0,1308.0,8550,6840,2598.0,2598.0,Level_4
153,60,RL,69.0,14803,Pave,Not Applicable,IR1,Lvl,CulDSac,Gtl,Norm,1Fam,2Story,6,5,1971,Gable,CompShg,HdBoard,HdBoard,BrkFace,252.0,TA,TA,CBlock,TA,TA,No,Rec,416,Unf,409,825,GasA,Gd,Y,SBrkr,1097,896,0,1993,0,2,1,4,1,TA,8,Typ,1,Gd,Attchd,RFn,2,495,TA,TA,Y,0,GdWo,0,WD,Normal,190000,2818,66,2.5,10.5,16908,14090,35,35,35.0,756.0,756.0,7972,5979,1485.0,1485.0,Level_3
154,20,RL,69.0,13500,Pave,Not Applicable,Reg,Lvl,Inside,Gtl,Norm,1Fam,1Story,6,7,1960,Other,CompShg,BrkFace,Plywood,Not Applicable,0.0,TA,TA,CBlock,Gd,TA,Gd,BLQ,429,Other,93,1602,GasA,Gd,Y,SBrkr,1252,0,0,1252,1,1,0,1,1,TA,4,Typ,1,Gd,Attchd,RFn,2,564,TA,TA,Y,0,Not Applicable,0,WD,Normal,235000,2854,409,2.0,5.0,17124,19978,48,33,48.0,0.0,0.0,5008,3756,1692.0,1692.0,Level_3
155,30,RM,84.0,11340,Pave,Not Applicable,Reg,Lvl,Corner,Gtl,Norm,1Fam,1Story,6,5,1923,Gable,CompShg,Wd Sdng,Wd Sdng,Not Applicable,0.0,TA,TA,BrkTil,TA,TA,No,Unf,0,Unf,1200,1200,GasA,TA,Y,FuseA,1200,0,0,1200,0,1,0,4,1,TA,7,Typ,0,Not Applicable,Detchd,Unf,1,312,Other,Other,Y,0,Not Applicable,0,WD,Family,125000,2400,228,1.0,8.0,14400,12000,83,56,83.0,0.0,0.0,3600,3600,624.0,624.0,Level_1
156,50,RL,60.0,9600,Pave,Not Applicable,Reg,Lvl,Corner,Gtl,Other,1Fam,1.5Fin,6,5,1924,Gable,CompShg,Wd Sdng,Wd Sdng,Not Applicable,0.0,TA,TA,BrkTil,TA,TA,No,Unf,0,Unf,572,572,Other,Fa,N,FuseF,572,524,0,1096,0,1,0,2,1,TA,5,Typ,0,Not Applicable,Not Applicable,Not Applicable,0,0,Other,Other,N,0,Not Applicable,0,WD,Normal,79000,1668,136,1.0,6.0,10008,8340,84,58,28.0,0.0,0.0,2192,3288,,,Level_1
157,20,RL,60.0,7200,Pave,Not Applicable,Reg,Lvl,Inside,Gtl,Norm,1Fam,1Story,5,7,1950,Other,CompShg,Wd Sdng,Wd Sdng,Not Applicable,0.0,TA,TA,CBlock,Not Applicable,Other,Not Applicable,Not Applicable,0,Other,0,0,GasA,TA,Y,FuseF,1040,0,0,1040,0,1,0,2,1,TA,5,Typ,0,Not Applicable,Detchd,Unf,2,625,TA,TA,Y,0,Not Applicable,0,WD,Normal,109500,1040,0,1.0,6.0,5200,7280,56,56,56.0,0.0,0.0,3120,3120,1875.0,1875.0,Level_2
158,60,RL,92.0,12003,Pave,Not Applicable,Reg,Lvl,Corner,Gtl,Norm,1Fam,2Story,8,5,2009,Gable,CompShg,VinylSd,VinylSd,BrkFace,84.0,Gd,TA,PConc,Ex,TA,No,Unf,0,Unf,774,774,GasA,Ex,Y,SBrkr,774,1194,0,1968,0,2,1,4,1,Ex,8,Typ,1,Gd,BuiltIn,Fin,3,680,TA,TA,Y,0,Not Applicable,0,New,Partial,269500,2742,75,2.5,10.5,21936,13710,1,0,1.0,336.0,252.0,9840,9840,2040.0,2040.0,Level_4
159,60,FV,100.0,12552,Pave,Not Applicable,Reg,Lvl,Corner,Gtl,Norm,1Fam,2Story,7,5,2004,Gable,CompShg,VinylSd,VinylSd,Not Applicable,0.0,Gd,TA,PConc,Gd,TA,No,GLQ,222,Unf,769,991,GasA,Ex,Y,SBrkr,991,956,0,1947,0,2,1,3,1,Gd,8,Typ,1,Gd,Attchd,RFn,2,678,TA,TA,Y,0,GdWo,0,WD,Normal,254900,2938,136,2.5,10.5,20566,14690,6,5,6.0,0.0,0.0,9735,7788,2034.0,2034.0,Level_4
160,60,RL,134.0,19378,Pave,Not Applicable,IR1,Other,Corner,Gtl,Norm,1Fam,2Story,7,5,2005,Gable,CompShg,VinylSd,VinylSd,BrkFace,456.0,Gd,TA,PConc,Gd,TA,Mn,GLQ,57,Unf,1335,1392,GasA,Ex,Y,SBrkr,1392,1070,0,2462,1,2,1,4,1,Gd,9,Typ,1,Gd,Attchd,RFn,2,576,TA,TA,Y,0,Not Applicable,0,New,Partial,320000,3854,539,3.5,11.5,26978,19270,1,0,0.0,1824.0,1368.0,12310,9848,1728.0,1728.0,Level_3
161,20,RL,69.0,11120,Pave,Not Applicable,IR1,Lvl,CulDSac,Gtl,Norm,1Fam,1Story,6,6,1984,Gable,CompShg,Plywood,Plywood,Not Applicable,0.0,TA,TA,PConc,Gd,TA,No,BLQ,660,Unf,572,1232,GasA,TA,Y,SBrkr,1232,0,0,1232,0,2,0,3,1,TA,6,Typ,0,Not Applicable,Attchd,Unf,2,516,TA,TA,Y,0,Not Applicable,0,WD,Normal,162500,2464,0,2.0,8.0,14784,14784,24,24,24.0,0.0,0.0,3696,3696,1548.0,1548.0,Level_4
162,60,RL,110.0,13688,Pave,Not Applicable,IR1,Lvl,Inside,Gtl,Norm,1Fam,2Story,9,5,2003,Gable,CompShg,VinylSd,VinylSd,BrkFace,664.0,Gd,TA,PConc,Ex,TA,Av,GLQ,1016,Unf,556,1572,GasA,Ex,Y,SBrkr,1572,1096,0,2668,1,2,1,3,1,Ex,10,Typ,2,Gd,BuiltIn,Fin,3,726,TA,TA,Y,0,Not Applicable,0,WD,Normal,412500,4240,400,3.5,12.5,38160,21200,5,4,5.0,2656.0,1992.0,13340,13340,2178.0,2178.0,Level_4
163,20,RL,95.0,12182,Pave,Not Applicable,Reg,Lvl,Corner,Gtl,Norm,1Fam,1Story,7,5,2005,Gable,CompShg,VinylSd,VinylSd,BrkFace,226.0,Gd,TA,PConc,Gd,TA,Mn,BLQ,1201,Unf,340,1541,GasA,Ex,Y,SBrkr,1541,0,0,1541,0,2,0,3,1,Gd,7,Typ,1,Gd,Attchd,RFn,2,532,TA,TA,Y,0,Not Applicable,0,New,Partial,220000,3082,70,2.0,9.0,21574,15410,5,5,5.0,904.0,678.0,7705,6164,1596.0,1596.0,Level_4
164,45,RL,55.0,5500,Pave,Not Applicable,Reg,Lvl,Inside,Gtl,Norm,1Fam,1.5Unf,4,6,1956,Gable,CompShg,MetalSd,MetalSd,Not Applicable,0.0,TA,TA,CBlock,TA,TA,No,Unf,0,Unf,882,882,GasA,Ex,Y,SBrkr,882,0,0,882,0,1,0,1,1,TA,4,Typ,0,Not Applicable,Not Applicable,Not Applicable,0,0,Other,Other,Y,0,MnPrv,0,WD,Normal,103200,1764,0,1.0,5.0,7056,10584,51,51,27.0,0.0,0.0,4410,2646,,,Level_1
165,40,RM,40.0,5400,Pave,Pave,Reg,Lvl,Corner,Gtl,Norm,1Fam,1Story,6,7,1926,Gable,CompShg,MetalSd,MetalSd,Not Applicable,0.0,TA,Gd,BrkTil,TA,TA,Mn,LwQ,370,Unf,779,1149,GasA,Gd,Y,FuseA,1149,467,0,1616,0,2,0,3,1,Gd,5,Typ,0,Not Applicable,Detchd,Unf,1,216,TA,TA,Y,0,Not Applicable,0,WD,Normal,152000,2765,183,2.0,7.0,16590,19355,81,3,81.0,0.0,0.0,6464,6464,648.0,648.0,Level_1
166,190,RL,62.0,10106,Pave,Not Applicable,Reg,Lvl,Inside,Gtl,Norm,2fmCon,1.5Fin,5,7,1940,Gable,CompShg,Wd Sdng,Wd Sdng,Not Applicable,0.0,TA,Gd,BrkTil,TA,TA,No,ALQ,351,Other,112,644,GasA,Gd,Y,SBrkr,808,547,0,1355,1,2,0,4,2,TA,6,Typ,0,Not Applicable,Not Applicable,Not Applicable,0,0,Other,Other,Y,0,Not Applicable,0,WD,Normal,127500,1999,140,3.0,8.0,9995,13993,68,9,28.0,0.0,0.0,5420,4065,,,Level_1
167,20,RL,69.0,10708,Pave,Not Applicable,IR1,Lvl,Inside,Gtl,Norm,1Fam,1Story,5,5,1955,Other,CompShg,Wd Sdng,Wd Sdng,Not Applicable,0.0,Gd,TA,CBlock,TA,TA,No,LwQ,379,Other,470,1617,GasA,Ex,Y,FuseA,1867,0,0,1867,1,1,0,2,1,TA,7,Typ,3,Gd,Attchd,Fin,1,303,TA,TA,Y,0,GdWo,0,COD,Normal,190000,3484,618,2.0,8.0,17420,17420,54,16,54.0,0.0,0.0,9335,5601,909.0,909.0,Level_3
168,60,RL,86.0,10562,Pave,Not Applicable,Reg,Lvl,Inside,Gtl,Norm,1Fam,2Story,8,5,2007,Gable,CompShg,VinylSd,VinylSd,Stone,300.0,Gd,TA,PConc,Ex,TA,No,GLQ,1288,Unf,294,1582,GasA,Ex,Y,SBrkr,1610,551,0,2161,1,1,1,3,1,Ex,8,Typ,1,Gd,Attchd,Fin,3,789,TA,TA,Y,0,Not Applicable,0,New,Partial,325624,3743,298,2.5,9.5,29944,18715,0,0,0.0,1200.0,900.0,10805,10805,2367.0,2367.0,Level_4
169,60,RL,62.0,8244,Pave,Not Applicable,IR1,Lvl,Inside,Gtl,Norm,1Fam,2Story,7,5,2004,Gable,CompShg,VinylSd,VinylSd,Not Applicable,0.0,Gd,TA,PConc,Gd,TA,No,Unf,0,Unf,840,840,GasA,Ex,Y,SBrkr,840,880,0,1720,0,2,1,3,1,Gd,7,Typ,1,Gd,Attchd,Fin,2,440,TA,TA,Y,0,Not Applicable,0,WD,Normal,183500,2560,148,2.5,9.5,17920,12800,3,3,3.0,0.0,0.0,8600,6880,1320.0,1320.0,Level_3
170,20,RL,69.0,16669,Pave,Not Applicable,IR1,Lvl,Corner,Gtl,Norm,1Fam,1Story,8,6,1981,Other,Other,Plywood,Plywood,BrkFace,653.0,Gd,TA,CBlock,Gd,TA,No,Unf,0,Unf,1686,1686,GasA,TA,Y,SBrkr,1707,0,0,1707,0,2,1,2,1,TA,6,Typ,1,TA,Attchd,RFn,2,511,TA,TA,Y,0,Not Applicable,0,WD,Normal,228000,3393,638,2.5,8.5,27144,20358,25,25,25.0,2612.0,1959.0,5121,5121,1533.0,1533.0,Level_4
171,50,RM,69.0,12358,Pave,Not Applicable,IR1,Lvl,Inside,Gtl,Other,1Fam,1.5Fin,5,6,1941,Gable,CompShg,MetalSd,MetalSd,Not Applicable,0.0,TA,TA,CBlock,TA,TA,No,Rec,360,Unf,360,720,GasA,TA,Y,SBrkr,854,0,528,1382,0,1,1,2,1,TA,7,Typ,0,Not Applicable,Detchd,Unf,2,660,TA,TA,Y,0,Not Applicable,0,WD,Normal,128500,1574,237,1.5,8.5,7870,9444,66,57,16.0,0.0,0.0,4146,4146,1980.0,1980.0,Level_1
172,20,RL,141.0,31770,Pave,Not Applicable,IR1,Lvl,Corner,Gtl,Norm,1Fam,1Story,6,5,1960,Other,CompShg,BrkFace,Plywood,Stone,112.0,TA,TA,CBlock,TA,Other,Gd,BLQ,639,Unf,441,1080,GasA,Fa,Y,SBrkr,1656,0,0,1656,1,1,0,3,1,TA,7,Typ,2,Gd,Attchd,Fin,2,528,TA,TA,P,0,Not Applicable,0,WD,Normal,215000,2736,272,2.0,8.0,16416,13680,50,50,50.0,336.0,336.0,3312,4968,1584.0,1584.0,Level_2
173,160,RL,44.0,5306,Pave,Not Applicable,IR1,Lvl,Inside,Gtl,Norm,TwnhsE,2Story,7,7,1987,Gable,CompShg,HdBoard,HdBoard,Not Applicable,0.0,Gd,Gd,PConc,Gd,Other,No,GLQ,495,Other,354,1064,GasA,Gd,Y,SBrkr,1064,703,0,1767,1,2,0,2,1,Gd,5,Typ,1,TA,Attchd,RFn,2,504,Other,TA,Y,0,Not Applicable,0,WD,Normal,239000,2831,476,3.0,7.0,19817,19817,19,19,19.0,0.0,0.0,7068,7068,2016.0,1512.0,Level_4
174,20,RL,80.0,10197,Pave,Not Applicable,IR1,Lvl,Inside,Gtl,Norm,1Fam,1Story,6,5,1961,Gable,CompShg,WdShing,Wd Shng,BrkCmn,491.0,TA,TA,CBlock,TA,TA,No,ALQ,288,Other,700,1362,GasA,TA,Y,SBrkr,1362,0,0,1362,1,1,1,3,1,TA,6,Typ,1,TA,Attchd,Unf,2,504,TA,TA,Y,0,Not Applicable,0,COD,Normal,163000,2724,20,2.5,7.5,16344,13620,47,47,47.0,1473.0,1473.0,4086,4086,1512.0,1512.0,Level_2
175,20,RL,47.0,12416,Pave,Not Applicable,IR1,Lvl,Inside,Gtl,Norm,1Fam,1Story,6,5,1986,Gable,CompShg,VinylSd,Plywood,Stone,132.0,TA,TA,CBlock,Gd,Other,No,ALQ,1398,Other,0,1606,GasA,TA,Y,SBrkr,1651,0,0,1651,1,2,0,3,1,TA,7,Other,1,TA,Attchd,Fin,2,616,TA,TA,Y,0,Not Applicable,0,WD,Normal,184000,3257,192,3.0,9.0,19542,16285,22,22,22.0,396.0,396.0,4953,4953,1848.0,1848.0,Level_4
176,20,RL,84.0,12615,Pave,Not Applicable,Reg,Lvl,Corner,Gtl,Norm,1Fam,1Story,6,7,1950,Gable,CompShg,WdShing,Wd Shng,Not Applicable,0.0,TA,TA,CBlock,TA,Other,Av,ALQ,477,Unf,725,1202,GasA,TA,Y,SBrkr,2158,0,0,2158,1,2,0,4,1,Gd,7,Typ,1,Gd,Attchd,Unf,2,576,TA,TA,Y,0,MnPrv,0,WD,Normal,243000,3360,68,3.0,9.0,20160,23520,57,6,57.0,0.0,0.0,6474,8632,1728.0,1728.0,Level_1
177,60,RL,97.0,10029,Pave,Not Applicable,IR1,Lvl,Corner,Gtl,Norm,1Fam,2Story,6,5,1988,Gable,CompShg,Plywood,Plywood,BrkFace,268.0,Gd,TA,PConc,Gd,TA,No,GLQ,831,Unf,320,1151,GasA,TA,Y,SBrkr,1164,896,0,2060,0,2,1,4,1,TA,8,Typ,1,TA,Attchd,Unf,2,521,TA,TA,Y,0,Not Applicable,0,WD,Normal,211000,3211,420,3.0,10.5,19266,16055,19,18,19.0,1072.0,804.0,6180,6180,1563.0,1563.0,Level_3
178,50,RL,69.0,13650,Pave,Not Applicable,Reg,Lvl,Inside,Gtl,Norm,1Fam,1.5Fin,5,5,1958,Gable,CompShg,MetalSd,MetalSd,Not Applicable,0.0,Gd,Gd,CBlock,TA,TA,No,ALQ,57,Other,554,1052,GasA,Ex,Y,SBrkr,1252,668,0,1920,1,2,0,4,1,Gd,8,Typ,1,Gd,Attchd,Unf,2,451,TA,TA,Y,0,Not Applicable,0,WD,Normal,172500,2972,0,3.0,10.0,14860,14860,48,48,48.0,0.0,0.0,9600,7680,1353.0,1353.0,Level_2
179,20,RL,63.0,17423,Pave,Not Applicable,IR1,Lvl,CulDSac,Gtl,Norm,1Fam,1Story,9,5,2008,Other,CompShg,VinylSd,VinylSd,Stone,748.0,Ex,TA,PConc,Ex,TA,No,GLQ,1904,Unf,312,2216,GasA,Ex,Y,SBrkr,2234,0,0,2234,1,2,0,1,1,Ex,9,Typ,1,Gd,Attchd,Fin,3,1166,TA,TA,Y,0,Not Applicable,0,New,Partial,501837,4450,60,3.0,11.0,40050,22250,1,0,0.0,3740.0,2244.0,11170,11170,3498.0,3498.0,Level_4
180,30,RM,60.0,8520,Pave,Not Applicable,Reg,Lvl,Inside,Gtl,Norm,1Fam,1Story,5,6,1923,Gable,CompShg,Wd Sdng,Wd Sdng,Not Applicable,0.0,Gd,TA,CBlock,TA,TA,No,Unf,0,Unf,968,968,GasA,TA,Y,SBrkr,968,0,0,968,0,1,0,2,1,TA,5,Typ,0,Not Applicable,Detchd,Unf,2,480,Other,TA,N,0,Not Applicable,0,WD,Normal,100000,1936,184,1.0,6.0,9680,11616,84,1,72.0,0.0,0.0,2904,2904,960.0,1440.0,Level_1
181,160,FV,69.0,2117,Pave,Not Applicable,Reg,Lvl,Inside,Gtl,Norm,Twnhs,2Story,6,5,2000,Gable,CompShg,MetalSd,MetalSd,BrkFace,456.0,Gd,TA,PConc,Gd,TA,No,GLQ,436,Unf,320,756,GasA,Ex,Y,SBrkr,769,756,0,1525,0,2,1,3,1,Gd,5,Typ,1,TA,Detchd,Unf,2,440,TA,TA,Y,0,Not Applicable,0,WD,Normal,177000,2281,0,2.5,7.5,13686,11405,7,7,7.0,1824.0,1368.0,7625,6100,1320.0,1320.0,Level_4
182,70,RL,54.0,7588,Pave,Not Applicable,Reg,Lvl,Inside,Gtl,Norm,1Fam,2Story,7,6,1920,Gable,CompShg,Stucco,Stucco,Not Applicable,0.0,TA,TA,BrkTil,Fa,TA,No,LwQ,352,Unf,441,793,GasA,Gd,Y,SBrkr,901,901,0,1802,0,1,1,4,1,TA,9,Typ,1,Gd,Detchd,Unf,1,216,Other,TA,Y,0,Not Applicable,0,WD,Normal,200100,2595,40,1.5,10.5,18165,15570,86,56,86.0,0.0,0.0,7208,5406,432.0,648.0,Level_4
183,20,RL,60.0,9060,Pave,Not Applicable,Reg,Lvl,Inside,Gtl,Other,1Fam,1Story,5,6,1957,Other,CompShg,Wd Sdng,Wd Sdng,BrkFace,98.0,TA,TA,PConc,Not Applicable,Other,Not Applicable,Not Applicable,0,Other,0,0,GasA,Ex,Y,SBrkr,1340,0,0,1340,0,1,0,3,1,TA,7,Typ,1,Gd,Attchd,RFn,1,252,TA,TA,Y,0,MnPrv,0,WD,Normal,120000,1340,296,1.0,8.0,6700,8040,50,1,50.0,294.0,294.0,6700,4020,756.0,756.0,Level_1
184,50,RM,63.0,11426,Pave,Not Applicable,Reg,Lvl,Inside,Gtl,Norm,1Fam,1.5Fin,7,5,2003,Gable,CompShg,VinylSd,VinylSd,Not Applicable,0.0,TA,TA,PConc,Gd,TA,No,Unf,0,Unf,1362,1362,GasA,Ex,Y,SBrkr,1362,720,0,2082,0,2,1,3,1,Gd,6,Other,0,Not Applicable,Detchd,Unf,2,484,TA,TA,N,0,Not Applicable,0,WD,Normal,200000,3444,518,2.5,8.5,24108,17220,5,5,5.0,0.0,0.0,10410,8328,1452.0,1452.0,Level_1
185,50,RL,92.0,7438,Pave,Not Applicable,IR1,Lvl,Inside,Gtl,Other,1Fam,1.5Fin,5,8,1908,Gable,CompShg,AsbShng,Plywood,Not Applicable,0.0,TA,TA,PConc,Fa,TA,No,Unf,0,Unf,504,504,GasA,Gd,Y,SBrkr,936,316,0,1252,0,1,0,3,1,TA,5,Typ,0,Not Applicable,Attchd,Unf,2,576,TA,TA,Y,0,MnPrv,0,WD,Normal,127000,1756,104,1.0,6.0,8780,14048,98,15,20.0,0.0,0.0,5008,3756,1728.0,1728.0,Level_1
186,75,RM,90.0,22950,Pave,Not Applicable,IR2,Lvl,Inside,Gtl,Other,1Fam,2.5Fin,10,9,1892,Gable,Other,Wd Sdng,Wd Sdng,Not Applicable,0.0,Gd,Gd,BrkTil,TA,TA,Mn,Unf,0,Unf,1107,1107,GasA,Ex,Y,SBrkr,1518,1518,572,3608,0,2,1,4,1,Ex,12,Typ,2,TA,Detchd,Unf,3,840,Other,TA,Y,0,GdPrv,0,WD,Normal,475000,4143,670,2.5,14.5,41430,37287,114,13,13.0,0.0,0.0,18040,18040,4200.0,2520.0,Level_1
187,80,RL,69.0,9947,Pave,Not Applicable,IR1,Lvl,CulDSac,Gtl,Norm,1Fam,SLvl,7,5,1990,Gable,CompShg,HdBoard,HdBoard,Not Applicable,0.0,TA,TA,PConc,Gd,TA,Av,GLQ,611,Unf,577,1188,GasA,Ex,Y,SBrkr,1217,0,0,1217,1,2,0,3,1,Gd,6,Typ,0,Not Applicable,Attchd,Unf,2,497,TA,TA,Y,0,GdPrv,0,WD,Normal,173000,2405,195,3.0,8.0,16835,12025,19,18,19.0,0.0,0.0,6085,4868,1491.0,1491.0,Level_2
188,50,RL,60.0,10410,Pave,Not Applicable,Reg,Lvl,Inside,Gtl,Norm,1Fam,1.5Fin,5,7,1916,Gable,CompShg,HdBoard,HdBoard,Not Applicable,0.0,TA,TA,CBlock,Fa,TA,No,Unf,0,Unf,660,660,GasA,Ex,Y,SBrkr,808,704,144,1656,0,2,1,3,1,TA,8,Other,0,Not Applicable,Detchd,Unf,1,180,Other,Other,N,0,MnPrv,0,WD,Normal,135000,2172,140,2.5,10.5,10860,15204,93,22,93.0,0.0,0.0,8280,4968,360.0,360.0,Level_1
189,90,RL,64.0,7018,Pave,Not Applicable,Reg,Other,Inside,Gtl,Other,Duplex,SFoyer,5,5,1979,Gable,CompShg,Plywood,Plywood,Stone,275.0,TA,TA,CBlock,Gd,TA,Av,GLQ,1086,Unf,0,1086,GasA,TA,Y,SBrkr,1224,0,0,1224,2,0,2,2,2,TA,6,Typ,2,TA,Detchd,Unf,2,528,TA,TA,Y,0,Not Applicable,0,WD,Alloca,153337,2310,120,3.0,7.0,11550,11550,30,30,30.0,825.0,825.0,3672,3672,1584.0,1584.0,Level_3
190,120,RL,41.0,4923,Pave,Not Applicable,Reg,Lvl,Inside,Gtl,Norm,TwnhsE,1Story,8,5,2001,Gable,CompShg,CemntBd,CmentBd,Not Applicable,0.0,Gd,TA,PConc,Ex,TA,Av,GLQ,1153,Unf,440,1593,GasA,Ex,Y,SBrkr,1593,0,0,1593,1,1,1,0,1,Ex,5,Typ,1,Gd,Attchd,Fin,2,682,TA,TA,Y,0,Not Applicable,0,WD,Normal,286000,3186,344,2.5,6.5,25488,15930,7,6,7.0,0.0,0.0,7965,7965,2046.0,2046.0,Level_4
191,70,RL,70.0,10570,Pave,Not Applicable,Reg,Other,Inside,Other,Norm,1Fam,2Story,8,8,1932,Other,CompShg,BrkFace,BrkFace,Not Applicable,0.0,Gd,TA,CBlock,Gd,Other,No,Rec,297,Unf,556,853,GasA,TA,Y,SBrkr,1549,1178,0,2727,0,2,1,3,1,Gd,10,Other,2,TA,Detchd,Unf,2,440,TA,TA,Y,0,Not Applicable,0,WD,Normal,315000,3580,74,2.5,12.5,28640,28640,75,13,75.0,0.0,0.0,8181,10908,1320.0,1320.0,Level_4
192,60,RL,69.0,7472,Pave,Not Applicable,IR1,Lvl,CulDSac,Gtl,Norm,1Fam,2Story,7,9,1972,Gable,CompShg,HdBoard,HdBoard,BrkFace,138.0,TA,TA,CBlock,TA,TA,No,ALQ,626,Unf,99,725,GasA,Gd,Y,SBrkr,725,754,0,1479,1,1,1,4,1,Gd,7,Typ,0,Not Applicable,Attchd,Fin,2,484,TA,TA,Y,0,Not Applicable,0,WD,Normal,184000,2204,32,2.5,8.5,15428,19836,35,3,35.0,414.0,414.0,5916,5916,1452.0,1452.0,Level_2
193,20,RL,68.0,9017,Pave,Not Applicable,IR1,Lvl,Inside,Gtl,Norm,1Fam,1Story,7,5,1999,Gable,CompShg,VinylSd,VinylSd,Not Applicable,0.0,Gd,TA,PConc,Gd,TA,Av,GLQ,560,Unf,871,1431,GasA,Ex,Y,SBrkr,1431,0,0,1431,1,2,0,3,1,Gd,6,Typ,0,Not Applicable,Attchd,Fin,2,666,TA,TA,Y,0,Not Applicable,0,WD,Normal,192000,2862,35,3.0,8.0,20034,14310,10,10,10.0,0.0,0.0,7155,5724,1998.0,1998.0,Level_3
194,160,RM,24.0,2522,Pave,Not Applicable,Reg,Lvl,Inside,Gtl,Norm,Twnhs,2Story,7,5,2004,Gable,CompShg,VinylSd,VinylSd,Stone,50.0,Gd,TA,PConc,Gd,TA,No,Unf,0,Unf,970,970,GasA,Ex,Y,SBrkr,970,739,0,1709,0,2,0,3,1,Gd,7,Other,0,Not Applicable,Detchd,Unf,2,380,TA,TA,Y,0,Not Applicable,0,WD,Normal,130000,2679,40,2.0,9.0,18753,13395,2,2,2.0,200.0,150.0,8545,6836,1140.0,1140.0,Level_1
195,20,RL,60.0,7180,Pave,Not Applicable,IR1,Lvl,Inside,Gtl,Norm,1Fam,1Story,5,7,1972,Other,CompShg,HdBoard,HdBoard,Not Applicable,0.0,TA,TA,CBlock,TA,TA,Av,ALQ,390,Unf,474,864,GasA,TA,Y,SBrkr,864,0,0,864,0,1,0,3,1,TA,5,Typ,0,Not Applicable,Detchd,Unf,1,352,TA,TA,Y,0,Not Applicable,0,WD,Normal,127000,1728,0,1.0,6.0,8640,12096,36,36,19.0,0.0,0.0,2592,2592,1056.0,1056.0,Level_3
196,160,RL,24.0,2280,Pave,Not Applicable,Reg,Lvl,FR2,Gtl,Norm,Twnhs,2Story,6,6,1976,Gable,CompShg,Plywood,Brk Cmn,Not Applicable,0.0,TA,TA,CBlock,Gd,TA,No,ALQ,566,Unf,289,855,GasA,TA,Y,SBrkr,855,601,0,1456,0,2,1,3,1,TA,7,Typ,1,TA,Attchd,Unf,2,440,TA,TA,Y,0,Not Applicable,0,WD,Normal,148500,2311,87,2.5,9.5,13866,13866,33,33,33.0,0.0,0.0,4368,4368,1320.0,1320.0,Level_2
197,20,RL,79.0,9416,Pave,Not Applicable,Reg,Lvl,Inside,Gtl,Norm,1Fam,1Story,7,5,2007,Other,CompShg,CemntBd,CmentBd,Stone,205.0,Ex,TA,PConc,Ex,TA,No,GLQ,1126,Unf,600,1726,GasA,Ex,Y,SBrkr,1726,0,0,1726,1,2,0,3,1,Ex,8,Typ,1,Gd,Attchd,Fin,3,786,TA,TA,Y,0,Not Applicable,0,New,Partial,311872,3452,575,3.0,10.0,24164,17260,0,0,0.0,1025.0,615.0,8630,8630,2358.0,2358.0,Level_4
198,75,RL,174.0,25419,Pave,Not Applicable,Reg,Lvl,Corner,Gtl,Other,1Fam,2Story,8,4,1918,Gable,CompShg,Stucco,Stucco,Not Applicable,0.0,Gd,Gd,PConc,TA,TA,No,GLQ,1036,Other,140,1360,GasA,Gd,Y,SBrkr,1360,1360,392,3112,1,2,0,4,1,Gd,8,Typ,1,Ex,Detchd,Unf,2,795,TA,TA,Y,512,GdPrv,0,WD,Abnorml,235000,4080,568,3.5,10.0,32640,16320,88,16,88.0,0.0,0.0,12448,12448,2385.0,2385.0,Level_2
199,75,RM,92.0,5520,Pave,Not Applicable,Reg,Lvl,Corner,Gtl,Norm,1Fam,2.5Fin,6,6,1912,Gable,CompShg,Wd Sdng,Wd Sdng,Not Applicable,0.0,TA,TA,CBlock,TA,TA,No,Unf,0,Unf,755,755,GasA,Ex,Y,SBrkr,929,929,371,2229,0,1,0,5,1,TA,8,Typ,0,Not Applicable,Not Applicable,Not Applicable,0,0,Other,Other,Y,0,MnPrv,0,WD,Abnorml,104000,2613,228,1.0,9.0,15678,15678,97,59,29.0,0.0,0.0,11145,6687,,,Level_1
200,20,RL,76.0,9591,Pave,Not Applicable,Reg,Lvl,Inside,Gtl,Norm,1Fam,1Story,8,5,2004,Other,CompShg,VinylSd,VinylSd,BrkFace,262.0,Gd,TA,PConc,Ex,TA,Av,GLQ,1088,Unf,625,1713,GasA,Ex,Y,SBrkr,1713,0,0,1713,1,2,0,3,1,Ex,7,Typ,1,Gd,Attchd,Fin,3,856,TA,TA,Y,0,Not Applicable,0,WD,Normal,274900,3426,196,3.0,9.0,27408,17130,5,4,5.0,1048.0,786.0,8565,8565,2568.0,2568.0,Level_4
201,20,RM,80.0,8546,Pave,Not Applicable,Reg,Lvl,Corner,Gtl,Norm,1Fam,1Story,4,5,2003,Gable,CompShg,VinylSd,VinylSd,Not Applicable,0.0,TA,TA,PConc,Gd,TA,No,Unf,0,Unf,1121,1121,GasA,Ex,Y,SBrkr,1121,0,0,1121,0,2,0,2,1,TA,5,Typ,0,Not Applicable,Attchd,RFn,2,440,TA,TA,Y,0,Not Applicable,0,WD,Normal,140000,2242,196,2.0,7.0,8968,11210,7,6,7.0,0.0,0.0,5605,3363,1320.0,1320.0,Level_1
202,20,RL,75.0,10125,Pave,Not Applicable,Reg,Lvl,Inside,Gtl,Norm,1Fam,1Story,6,6,1977,Gable,CompShg,Plywood,Plywood,Not Applicable,0.0,TA,TA,CBlock,TA,TA,No,ALQ,641,Other,276,1196,GasA,TA,Y,SBrkr,1279,0,0,1279,0,2,0,3,1,TA,6,Typ,2,Fa,Detchd,Unf,2,473,TA,TA,Y,0,MnPrv,0,WD,Normal,171500,2475,321,2.5,8.0,14850,14850,31,31,28.0,0.0,0.0,3837,3837,1419.0,1419.0,Level_2
203,50,RL,50.0,7000,Pave,Not Applicable,Reg,Lvl,Corner,Gtl,Other,1Fam,1.5Fin,6,6,1924,Gable,CompShg,MetalSd,MetalSd,Not Applicable,0.0,TA,Gd,BrkTil,Fa,TA,No,LwQ,617,Unf,0,617,GasA,Gd,Y,SBrkr,865,445,0,1310,0,2,0,2,1,TA,6,Other,0,Not Applicable,Attchd,Unf,1,398,TA,TA,Y,0,Not Applicable,0,COD,Normal,112000,1927,126,2.0,8.0,11562,11562,82,56,82.0,0.0,0.0,5240,3930,1194.0,1194.0,Level_1
204,120,RM,69.0,4438,Pave,Not Applicable,Reg,Lvl,Inside,Gtl,Norm,TwnhsE,1Story,6,5,2004,Gable,CompShg,VinylSd,VinylSd,BrkFace,205.0,Gd,TA,PConc,Gd,TA,Av,GLQ,662,Unf,186,848,GasA,Ex,Y,SBrkr,848,0,0,848,1,1,0,1,1,Gd,3,Typ,1,Gd,Attchd,RFn,2,420,TA,TA,Y,0,Not Applicable,0,WD,Normal,149000,1696,149,2.0,4.0,10176,8480,4,4,4.0,820.0,615.0,4240,3392,1260.0,1260.0,Level_3
205,50,RM,50.0,3500,Pave,Grvl,Reg,Lvl,Inside,Gtl,Norm,1Fam,1.5Fin,5,7,1947,Gable,CompShg,AsbShng,AsbShng,Not Applicable,0.0,TA,TA,CBlock,TA,TA,No,LwQ,312,Unf,408,720,GasA,TA,Y,SBrkr,720,564,0,1284,0,1,1,2,1,TA,5,Typ,0,Not Applicable,Detchd,Unf,1,240,TA,TA,Y,0,MnWw,0,WD,Normal,110000,2004,35,1.5,6.5,10020,14028,62,59,61.0,0.0,0.0,3852,3852,720.0,720.0,Level_1
206,20,RL,99.0,11851,Pave,Not Applicable,Reg,Lvl,Corner,Gtl,Norm,1Fam,1Story,7,5,1990,Gable,CompShg,HdBoard,HdBoard,Not Applicable,0.0,TA,TA,PConc,Gd,TA,No,Unf,0,Unf,1424,1424,GasA,Ex,Y,SBrkr,1442,0,0,1442,0,2,0,3,1,TA,5,Typ,0,Not Applicable,Attchd,RFn,2,500,TA,TA,Y,0,Not Applicable,0,WD,Normal,180500,2866,542,2.0,7.0,20062,14330,19,19,19.0,0.0,0.0,7210,4326,1500.0,1500.0,Level_3
207,20,RL,40.0,13673,Pave,Not Applicable,IR1,Lvl,CulDSac,Gtl,Other,1Fam,1Story,5,5,1962,Gable,CompShg,HdBoard,HdBoard,Not Applicable,0.0,TA,Gd,CBlock,TA,TA,No,Unf,0,Unf,1140,1140,GasA,TA,Y,SBrkr,1696,0,0,1696,0,1,1,3,1,TA,8,Other,1,TA,Attchd,RFn,1,349,TA,TA,Y,0,Not Applicable,0,WD,Normal,143900,2836,30,1.5,9.5,14180,14180,45,45,45.0,0.0,0.0,5088,5088,1047.0,1047.0,Level_2
208,20,RL,69.0,12493,Pave,Not Applicable,IR1,Lvl,Inside,Gtl,Norm,1Fam,1Story,4,5,1960,Gable,CompShg,Wd Sdng,Wd Sdng,Not Applicable,0.0,TA,TA,PConc,TA,TA,No,ALQ,419,Other,375,1100,GasA,TA,Y,SBrkr,1100,0,0,1100,1,1,0,3,1,TA,6,Typ,1,Po,Attchd,RFn,1,312,TA,TA,Y,0,GdWo,0,WD,Normal,141000,2200,355,2.0,7.0,8800,11000,48,48,48.0,0.0,0.0,3300,3300,936.0,936.0,Level_2
209,60,RL,69.0,14364,Pave,Not Applicable,IR1,Other,Inside,Other,Norm,1Fam,2Story,7,5,1988,Gable,CompShg,Plywood,Plywood,BrkFace,128.0,Gd,TA,CBlock,Gd,TA,Gd,GLQ,1065,Unf,92,1157,GasA,Ex,Y,SBrkr,1180,882,0,2062,1,2,1,3,1,TA,7,Typ,1,Gd,Attchd,Fin,2,454,TA,TA,Y,0,Not Applicable,0,WD,Normal,277000,3219,269,3.5,9.5,22533,16095,19,18,19.0,512.0,384.0,10310,6186,1362.0,1362.0,Level_3
210,20,RL,75.0,8250,Pave,Not Applicable,Reg,Lvl,Inside,Gtl,Norm,1Fam,1Story,6,7,1964,Other,CompShg,HdBoard,HdBoard,Stone,260.0,TA,TA,CBlock,Gd,TA,No,Rec,787,Unf,305,1092,GasA,Ex,Y,SBrkr,1092,0,0,1092,1,1,0,3,1,TA,6,Typ,0,Not Applicable,Attchd,RFn,2,504,TA,Other,Y,0,MnPrv,0,WD,Normal,145000,2184,0,2.0,7.0,13104,15288,44,44,44.0,780.0,780.0,5460,3276,1512.0,2016.0,Level_2
211,30,RL,67.0,5604,Pave,Not Applicable,Reg,Lvl,Inside,Gtl,Norm,1Fam,1Story,5,6,1925,Gable,CompShg,Stucco,Stucco,Not Applicable,0.0,TA,TA,CBlock,TA,TA,No,Rec,468,Unf,396,864,GasA,TA,N,FuseA,864,0,0,864,1,1,0,2,1,TA,5,Typ,0,Not Applicable,Not Applicable,Not Applicable,0,0,Other,Other,Y,0,Not Applicable,0,WD,Normal,98000,1728,96,2.0,6.0,8640,10368,83,58,28.0,0.0,0.0,2592,2592,,,Level_1
212,20,RL,83.0,10420,Pave,Not Applicable,Reg,Lvl,Corner,Gtl,Norm,1Fam,1Story,6,5,2009,Gable,CompShg,VinylSd,VinylSd,Not Applicable,0.0,TA,TA,PConc,Gd,TA,Mn,GLQ,36,Unf,1176,1212,GasA,Ex,Y,SBrkr,1212,0,0,1212,0,2,0,3,1,Gd,6,Typ,0,Not Applicable,Attchd,RFn,2,460,TA,TA,Y,0,Not Applicable,0,WD,Normal,186000,2424,122,2.0,8.0,14544,12120,1,1,1.0,0.0,0.0,6060,4848,1380.0,1380.0,Level_1
213,60,FV,72.0,8640,Pave,Not Applicable,Reg,Lvl,Inside,Gtl,Norm,1Fam,2Story,7,5,2009,Gable,CompShg,VinylSd,VinylSd,Not Applicable,0.0,TA,TA,PConc,Gd,TA,No,GLQ,822,Unf,78,900,GasA,Ex,Y,SBrkr,932,920,0,1852,1,2,1,3,1,Gd,7,Typ,1,TA,Attchd,RFn,2,644,TA,TA,Y,0,Not Applicable,0,New,Partial,252678,2752,276,3.5,9.5,19264,13760,0,0,0.0,0.0,0.0,9260,7408,1932.0,1932.0,Level_4
214,20,RL,43.0,13568,Pave,Not Applicable,IR2,Lvl,CulDSac,Gtl,Norm,1Fam,1Story,5,5,1995,Gable,CompShg,VinylSd,VinylSd,Not Applicable,0.0,TA,TA,PConc,Gd,TA,No,ALQ,716,Unf,274,990,GasA,Ex,Y,SBrkr,990,0,0,990,0,1,0,3,1,TA,5,Typ,0,Not Applicable,Attchd,Unf,2,576,TA,TA,Y,0,Not Applicable,0,WD,Normal,156000,1980,224,1.5,6.0,9900,9900,11,11,10.0,0.0,0.0,4950,2970,1728.0,1728.0,Level_3
215,60,RL,69.0,10900,Pave,Not Applicable,IR1,Lvl,FR2,Gtl,Norm,1Fam,2Story,6,7,1977,Gable,CompShg,HdBoard,HdBoard,BrkFace,153.0,TA,TA,CBlock,Gd,TA,No,GLQ,378,Unf,311,689,GasA,Ex,Y,SBrkr,689,703,0,1392,0,1,1,3,1,TA,6,Typ,0,Not Applicable,Attchd,Fin,1,299,TA,TA,Y,0,MnPrv,450,WD,Normal,161750,2081,36,1.5,7.5,12486,14567,33,33,33.0,459.0,459.0,6960,4176,897.0,897.0,Level_3
216,20,RL,72.0,10011,Pave,Not Applicable,IR1,Lvl,Inside,Gtl,Norm,1Fam,1Story,5,6,1957,Gable,CompShg,HdBoard,HdBoard,BrkFace,64.0,TA,TA,CBlock,TA,TA,No,BLQ,360,Unf,710,1070,GasA,TA,Y,SBrkr,1236,0,0,1236,0,1,0,2,1,Gd,6,Other,1,Fa,Attchd,Unf,1,447,TA,TA,Y,0,MnPrv,0,WD,Normal,134450,2306,0,1.5,7.0,11530,13836,49,10,49.0,192.0,192.0,3708,4944,1341.0,1341.0,Level_2
217,20,RL,65.0,8450,Pave,Not Applicable,Reg,Lvl,Inside,Gtl,Norm,1Fam,1Story,7,5,2004,Gable,CompShg,VinylSd,VinylSd,BrkFace,266.0,Gd,TA,PConc,Gd,TA,Mn,GLQ,946,Unf,490,1436,GasA,Ex,Y,SBrkr,1436,0,0,1436,1,2,0,3,1,Gd,8,Typ,0,Not Applicable,Attchd,Unf,2,484,TA,TA,Y,0,Not Applicable,0,WD,Normal,210000,2872,237,3.0,10.0,20104,14360,4,4,4.0,1064.0,798.0,7180,5744,1452.0,1452.0,Level_3
218,70,RM,57.0,9906,Pave,Grvl,Reg,Lvl,Inside,Gtl,Norm,1Fam,2Story,4,4,1925,Gable,CompShg,MetalSd,MetalSd,Not Applicable,0.0,TA,TA,CBlock,TA,TA,No,Unf,0,Unf,686,686,GasA,Fa,N,SBrkr,810,518,0,1328,0,1,0,3,1,TA,8,Typ,0,Not Applicable,Detchd,Unf,1,210,TA,TA,Y,0,Not Applicable,0,WD,Family,107000,2014,232,1.0,9.0,8056,8056,81,56,66.0,0.0,0.0,2656,3984,630.0,630.0,Level_1
219,50,RL,69.0,15660,Pave,Not Applicable,IR1,Lvl,Corner,Gtl,Norm,1Fam,1.5Fin,7,9,1939,Gable,CompShg,VinylSd,VinylSd,BrkFace,312.0,Gd,Gd,CBlock,TA,TA,No,BLQ,341,Unf,457,798,GasA,Ex,Y,SBrkr,1137,817,0,1954,0,1,1,3,1,Gd,8,Typ,2,TA,Attchd,Unf,2,431,TA,TA,Y,0,Not Applicable,0,WD,Normal,311500,2752,269,2.0,9.5,19264,24768,69,2,69.0,1248.0,1248.0,9770,7816,1293.0,1293.0,Level_4
220,120,RL,43.0,3010,Pave,Not Applicable,Reg,Lvl,Inside,Gtl,Norm,TwnhsE,1Story,7,5,2005,Gable,CompShg,VinylSd,VinylSd,BrkFace,16.0,Gd,TA,PConc,Gd,TA,Av,GLQ,16,Unf,1232,1248,GasA,Ex,Y,SBrkr,1248,0,0,1248,0,2,0,2,1,Gd,5,Typ,0,Not Applicable,Attchd,Fin,2,438,TA,TA,Y,0,Not Applicable,0,New,Partial,167240,2496,108,2.0,7.0,17472,12480,1,0,1.0,64.0,48.0,6240,4992,1314.0,1314.0,Level_3
221,20,RL,73.0,8990,Pave,Not Applicable,IR1,Lvl,Inside,Gtl,Norm,1Fam,1Story,7,5,2006,Gable,CompShg,VinylSd,VinylSd,Not Applicable,0.0,Gd,TA,PConc,Gd,TA,Mn,Unf,0,Unf,1498,1498,GasA,Ex,Y,SBrkr,1498,0,0,1498,0,2,0,2,1,Gd,5,Typ,0,Not Applicable,Attchd,RFn,2,675,TA,TA,Y,0,Not Applicable,0,New,Partial,204900,2996,384,2.0,7.0,20972,14980,0,0,0.0,0.0,0.0,7490,5992,2025.0,2025.0,Level_3
222,60,RL,69.0,8068,Pave,Not Applicable,IR1,Lvl,Inside,Gtl,Norm,1Fam,2Story,6,5,2002,Gable,CompShg,VinylSd,VinylSd,Not Applicable,0.0,Gd,TA,PConc,Gd,TA,No,Unf,0,Unf,1010,1010,GasA,Ex,Y,SBrkr,1010,1257,0,2267,0,2,1,4,1,Gd,8,Typ,1,TA,BuiltIn,RFn,2,390,TA,TA,Y,0,Not Applicable,0,ConLI,Normal,200000,3277,166,2.5,10.5,19662,16385,7,7,7.0,0.0,0.0,11335,9068,1170.0,1170.0,Level_3
223,60,RL,85.0,11475,Pave,Not Applicable,Reg,Lvl,Inside,Gtl,Other,1Fam,2Story,6,6,1975,Gable,CompShg,VinylSd,VinylSd,Not Applicable,0.0,TA,TA,CBlock,Gd,TA,No,ALQ,550,Unf,163,713,GasA,TA,Y,SBrkr,811,741,0,1552,1,2,1,3,1,TA,6,Typ,1,TA,Attchd,RFn,2,434,TA,TA,Y,0,MnPrv,0,WD,Normal,179900,2265,417,3.5,8.5,13590,13590,31,31,31.0,0.0,0.0,4656,4656,1302.0,1302.0,Level_3
224,20,RL,70.0,10500,Pave,Not Applicable,Reg,Lvl,FR2,Gtl,Norm,1Fam,1Story,4,6,1971,Gable,CompShg,HdBoard,HdBoard,Not Applicable,0.0,TA,TA,CBlock,TA,TA,No,ALQ,524,Other,160,864,GasA,Gd,Y,SBrkr,864,0,0,864,0,1,0,2,1,TA,4,Typ,0,Not Applicable,Detchd,Unf,2,576,TA,TA,Y,0,Not Applicable,0,WD,Abnorml,97000,1728,216,1.0,5.0,6912,10368,38,38,20.0,0.0,0.0,3456,2592,1728.0,1728.0,Level_2
225,20,RL,103.0,13472,Pave,Not Applicable,Reg,Lvl,Inside,Gtl,Norm,1Fam,1Story,10,5,2003,Other,CompShg,VinylSd,VinylSd,BrkFace,922.0,Ex,TA,PConc,Ex,TA,Gd,GLQ,56,Unf,2336,2392,GasA,Ex,Y,SBrkr,2392,0,0,2392,0,2,0,3,1,Ex,8,Typ,1,Ex,Attchd,Fin,3,968,TA,TA,Y,0,Not Applicable,0,WD,Normal,386250,4784,353,2.0,10.0,47840,23920,6,6,6.0,4610.0,2766.0,11960,11960,2904.0,2904.0,Level_4
226,160,RM,21.0,1680,Pave,Not Applicable,Reg,Lvl,Inside,Gtl,Norm,Twnhs,2Story,5,5,1971,Gable,CompShg,HdBoard,HdBoard,BrkFace,142.0,TA,TA,CBlock,TA,TA,No,Unf,0,Unf,630,630,GasA,TA,Y,SBrkr,630,672,0,1302,0,2,1,3,1,TA,6,Typ,0,Not Applicable,Detchd,Unf,1,280,TA,TA,Y,0,Not Applicable,0,COD,Abnorml,112000,1932,0,2.5,8.5,9660,9660,38,38,18.0,426.0,426.0,3906,3906,840.0,840.0,Level_1
227,60,RL,82.0,9950,Pave,Not Applicable,IR1,Lvl,Inside,Gtl,Norm,1Fam,2Story,7,5,1995,Gable,CompShg,VinylSd,VinylSd,BrkFace,290.0,Gd,TA,PConc,Gd,TA,No,GLQ,565,Unf,638,1203,GasA,Ex,Y,SBrkr,1214,1306,0,2520,0,2,1,4,1,Gd,9,Typ,1,TA,Attchd,RFn,3,721,TA,TA,Y,0,Not Applicable,0,WD,Abnorml,290000,3723,338,2.5,11.5,26061,18615,12,12,12.0,1160.0,870.0,12600,10080,2163.0,2163.0,Level_4
228,160,RM,21.0,1869,Pave,Not Applicable,Reg,Lvl,Inside,Gtl,Norm,Twnhs,2Story,6,6,1970,Gable,CompShg,HdBoard,HdBoard,BrkFace,127.0,TA,TA,CBlock,TA,TA,No,Rec,321,Unf,162,483,GasA,TA,Y,SBrkr,483,504,0,987,0,1,1,2,1,TA,5,Typ,0,Not Applicable,Detchd,Unf,1,280,TA,TA,Y,0,Not Applicable,0,WD,Normal,106000,1470,0,1.5,6.5,8820,8820,38,38,21.0,381.0,381.0,2961,2961,840.0,840.0,Level_1
229,20,RL,70.0,8521,Pave,Not Applicable,Reg,Lvl,FR2,Gtl,Other,1Fam,1Story,5,5,1967,Gable,CompShg,HdBoard,HdBoard,Not Applicable,0.0,TA,TA,CBlock,TA,TA,No,ALQ,842,Unf,70,912,GasA,TA,Y,SBrkr,912,0,0,912,0,1,0,3,1,TA,5,Typ,1,Fa,Detchd,Unf,1,336,TA,TA,Y,0,MnPrv,0,WD,Normal,125000,1824,0,1.0,6.0,9120,9120,43,43,36.0,0.0,0.0,2736,2736,1008.0,1008.0,Level_2
230,120,RL,43.0,3182,Pave,Not Applicable,Reg,Lvl,Inside,Gtl,Norm,TwnhsE,1Story,7,5,2005,Gable,CompShg,VinylSd,VinylSd,BrkFace,16.0,Gd,TA,PConc,Gd,TA,Av,GLQ,16,Unf,1357,1373,GasA,Ex,Y,SBrkr,1555,0,0,1555,0,2,0,2,1,Gd,7,Typ,1,TA,Attchd,Fin,2,430,TA,TA,Y,0,Not Applicable,0,WD,Normal,192500,2928,163,2.0,9.0,20496,14640,4,3,4.0,64.0,48.0,7775,6220,1290.0,1290.0,Level_3
231,20,RL,73.0,8760,Pave,Not Applicable,Reg,Lvl,Inside,Gtl,Norm,1Fam,1Story,6,6,1959,Other,CompShg,MetalSd,MetalSd,BrkFace,220.0,TA,TA,CBlock,TA,TA,No,Unf,0,Unf,1194,1194,GasA,TA,Y,SBrkr,1194,0,0,1194,1,1,0,3,1,TA,6,Typ,0,Not Applicable,Attchd,RFn,1,312,TA,TA,Y,0,Not Applicable,0,WD,Normal,148000,2388,120,2.0,7.0,14328,14328,51,51,51.0,660.0,660.0,3582,3582,936.0,936.0,Level_2
232,60,RL,174.0,15138,Pave,Not Applicable,IR1,Lvl,Inside,Gtl,Norm,1Fam,2Story,8,5,1995,Gable,CompShg,VinylSd,VinylSd,BrkFace,506.0,Gd,TA,PConc,Gd,TA,No,GLQ,689,Unf,773,1462,GasA,Ex,Y,SBrkr,1490,1304,0,2794,1,2,1,4,1,Ex,9,Typ,1,TA,Attchd,Fin,3,810,TA,TA,Y,0,Not Applicable,0,WD,Normal,403000,4256,348,3.5,11.5,34048,21280,14,13,14.0,2024.0,1518.0,13970,13970,2430.0,2430.0,Level_4
233,160,RM,21.0,1680,Pave,Not Applicable,Reg,Lvl,Inside,Gtl,Norm,Twnhs,2Story,6,5,1972,Gable,CompShg,HdBoard,HdBoard,BrkFace,297.0,TA,TA,CBlock,TA,TA,No,Unf,0,Unf,483,483,GasA,TA,Y,SBrkr,483,504,0,987,0,1,1,2,1,TA,5,Typ,1,Po,Attchd,Unf,1,288,TA,TA,Y,0,Not Applicable,0,WD,Normal,94500,1470,0,1.5,6.5,8820,7350,34,34,34.0,891.0,891.0,2961,2961,864.0,864.0,Level_1
234,20,RL,75.0,10650,Pave,Not Applicable,Reg,Lvl,Corner,Gtl,Norm,1Fam,1Story,5,6,1976,Gable,CompShg,HdBoard,HdBoard,Not Applicable,0.0,TA,TA,CBlock,TA,Other,Av,LwQ,182,Other,0,894,GasA,TA,Y,SBrkr,894,0,0,894,1,1,0,3,1,TA,5,Typ,0,Not Applicable,Attchd,Unf,1,308,TA,TA,Y,0,MnPrv,0,WD,Normal,128200,1788,365,2.0,6.0,8940,10728,34,34,34.0,0.0,0.0,2682,2682,924.0,924.0,Level_3
235,60,RL,69.0,7851,Pave,Not Applicable,Reg,Lvl,Inside,Gtl,Norm,1Fam,2Story,6,5,2002,Gable,CompShg,VinylSd,VinylSd,Not Applicable,0.0,Gd,TA,PConc,Gd,TA,No,GLQ,625,Unf,235,860,GasA,Ex,Y,SBrkr,860,1100,0,1960,1,2,1,4,1,Gd,8,Typ,2,TA,BuiltIn,Fin,2,440,TA,TA,Y,0,Not Applicable,0,WD,Normal,216500,2820,336,3.5,10.5,16920,14100,8,8,8.0,0.0,0.0,9800,7840,1320.0,1320.0,Level_3
236,160,RM,21.0,1680,Pave,Not Applicable,Reg,Lvl,Inside,Gtl,Norm,TwnhsE,2Story,6,3,1971,Gable,CompShg,HdBoard,HdBoard,BrkFace,604.0,TA,TA,CBlock,TA,TA,No,ALQ,358,Unf,125,483,GasA,TA,Y,SBrkr,483,504,0,987,0,1,1,2,1,TA,5,Typ,0,Not Applicable,Detchd,Unf,1,264,TA,TA,Y,0,Not Applicable,0,WD,Normal,89500,1470,0,1.5,6.5,8820,4410,37,37,37.0,1812.0,1812.0,2961,2961,792.0,792.0,Level_1
237,20,RL,65.0,8773,Pave,Not Applicable,Reg,Lvl,FR2,Gtl,Norm,1Fam,1Story,7,5,2004,Gable,CompShg,VinylSd,VinylSd,BrkFace,98.0,Gd,TA,PConc,Gd,TA,Av,GLQ,24,Unf,1390,1414,GasA,Ex,Y,SBrkr,1414,0,0,1414,0,2,0,3,1,Gd,6,Typ,0,Not Applicable,Attchd,RFn,2,494,TA,TA,Y,0,Not Applicable,0,WD,Normal,185500,2828,237,2.0,8.0,19796,14140,6,6,6.0,392.0,294.0,7070,5656,1482.0,1482.0,Level_3
238,60,RL,69.0,9453,Pave,Not Applicable,IR1,Lvl,CulDSac,Gtl,Other,1Fam,2Story,7,7,1993,Gable,CompShg,HdBoard,HdBoard,Not Applicable,0.0,Gd,TA,PConc,Gd,TA,No,BLQ,402,Unf,594,996,GasA,Ex,Y,SBrkr,1014,730,0,1744,0,2,1,3,1,Gd,7,Typ,0,Not Applicable,Attchd,RFn,2,457,TA,TA,Y,0,Not Applicable,0,WD,Normal,194500,2740,678,2.5,9.5,19180,19180,17,7,17.0,0.0,0.0,8720,6976,1371.0,1371.0,Level_3
239,20,RL,93.0,12030,Pave,Not Applicable,Reg,Lvl,Inside,Gtl,Norm,1Fam,1Story,8,5,2007,Other,CompShg,VinylSd,VinylSd,BrkFace,254.0,Ex,TA,PConc,Ex,TA,No,Unf,0,Unf,1694,1694,GasA,Ex,Y,SBrkr,1694,0,0,1694,0,2,0,3,1,Gd,7,Typ,0,Not Applicable,Attchd,Fin,3,818,TA,TA,Y,0,Not Applicable,0,New,Partial,318000,3388,396,2.0,9.0,27104,16940,0,0,0.0,1270.0,762.0,8470,6776,2454.0,2454.0,Level_4
240,50,RL,52.0,8741,Pave,Not Applicable,Reg,Lvl,Inside,Gtl,Norm,1Fam,1.5Fin,6,4,1945,Gable,CompShg,VinylSd,VinylSd,Not Applicable,0.0,TA,TA,CBlock,TA,Other,No,LwQ,94,Unf,641,735,GasA,TA,Y,FuseA,798,689,0,1487,0,1,1,3,1,TA,7,Typ,1,Gd,Detchd,Unf,1,220,TA,TA,Y,0,MnPrv,0,WD,Normal,113000,2222,140,1.5,8.5,13332,8888,65,60,61.0,0.0,0.0,4461,4461,660.0,660.0,Level_1
241,20,FV,75.0,9000,Pave,Not Applicable,Reg,Lvl,Inside,Gtl,Norm,1Fam,1Story,8,5,2008,Gable,CompShg,VinylSd,VinylSd,Stone,36.0,Gd,TA,PConc,Gd,TA,Av,GLQ,1078,Unf,488,1566,GasA,Ex,Y,SBrkr,1566,0,0,1566,1,2,0,3,1,Gd,7,Typ,0,Not Applicable,Attchd,RFn,2,750,TA,TA,Y,0,Not Applicable,0,WD,Normal,262500,3132,312,3.0,9.0,25056,15660,2,2,2.0,144.0,108.0,7830,6264,2250.0,2250.0,Level_4
242,30,RM,40.0,3880,Pave,Not Applicable,Reg,Lvl,Inside,Gtl,Norm,1Fam,1Story,5,9,1945,Gable,CompShg,VinylSd,VinylSd,Not Applicable,0.0,TA,Gd,CBlock,TA,TA,No,ALQ,329,Unf,357,686,GasA,Gd,Y,SBrkr,866,0,0,866,0,1,0,2,1,Gd,4,Typ,0,Not Applicable,Not Applicable,Not Applicable,0,0,Other,Other,Y,0,Not Applicable,0,WD,Normal,110500,1552,100,1.0,5.0,7760,13968,62,10,27.0,0.0,0.0,3464,3464,,,Level_1
243,50,RM,63.0,5000,Pave,Not Applicable,Reg,Lvl,Corner,Gtl,Norm,1Fam,1.5Fin,5,4,1900,Gable,CompShg,Wd Sdng,Wd Sdng,Not Applicable,0.0,TA,TA,BrkTil,TA,TA,No,Unf,0,Unf,540,540,GasA,Gd,N,FuseA,889,551,0,1440,0,1,0,3,1,TA,6,Typ,0,Not Applicable,Attchd,Unf,1,352,Other,TA,Y,0,Not Applicable,0,WD,Normal,79000,1980,77,1.0,7.0,9900,7920,106,56,66.0,0.0,0.0,5760,4320,704.0,1056.0,Level_1
244,160,RL,75.0,10762,Pave,Not Applicable,Reg,Lvl,Corner,Gtl,Norm,TwnhsE,2Story,6,6,1980,Gable,CompShg,Plywood,Plywood,Not Applicable,0.0,TA,TA,CBlock,Gd,TA,No,Unf,0,Unf,626,626,GasA,TA,Y,SBrkr,626,591,0,1217,0,1,1,3,1,TA,6,Typ,1,TA,Attchd,RFn,1,288,TA,TA,Y,0,Not Applicable,0,WD,Normal,120000,1843,28,1.5,7.5,11058,11058,29,29,29.0,0.0,0.0,3651,3651,864.0,864.0,Level_3
245,60,RL,69.0,8880,Pave,Not Applicable,IR1,Lvl,Inside,Gtl,Norm,1Fam,2Story,7,5,1994,Gable,CompShg,VinylSd,VinylSd,Not Applicable,0.0,Gd,TA,PConc,Gd,TA,No,GLQ,695,Unf,253,948,GasA,Ex,Y,SBrkr,1222,888,0,2110,1,2,1,3,1,Gd,8,Typ,2,Fa,Attchd,RFn,2,463,TA,TA,Y,0,Not Applicable,0,WD,Normal,205000,3058,130,3.5,10.5,21406,15290,16,8,16.0,0.0,0.0,10550,8440,1389.0,1389.0,Level_3
246,20,RL,80.0,10400,Pave,Not Applicable,Reg,Lvl,Inside,Gtl,Norm,1Fam,1Story,7,5,1988,Gable,CompShg,Wd Sdng,Wd Sdng,BrkFace,102.0,TA,TA,CBlock,Gd,TA,Av,GLQ,929,Unf,916,1845,GasA,Gd,Y,SBrkr,1872,0,0,1872,0,2,0,3,1,TA,6,Typ,1,TA,Attchd,Fin,2,604,TA,TA,Y,0,Not Applicable,0,WD,Normal,241500,3717,236,2.5,8.0,26019,18585,18,18,18.0,306.0,306.0,7488,5616,1812.0,1812.0,Level_3
247,190,RM,69.0,9142,Pave,Grvl,Reg,Lvl,Inside,Gtl,Norm,2fmCon,2Story,6,8,1910,Gable,CompShg,AsbShng,AsbShng,Not Applicable,0.0,TA,Fa,Stone,Fa,TA,No,Unf,0,Unf,1020,1020,GasA,Gd,N,FuseP,908,1020,0,1928,0,2,0,4,2,Fa,9,Typ,0,Not Applicable,Detchd,Unf,1,440,Other,Other,Y,0,Not Applicable,0,WD,Normal,137000,2948,172,2.0,11.0,17688,23584,96,56,96.0,0.0,0.0,7712,3856,440.0,440.0,Level_1
248,20,RL,75.0,11310,Pave,Not Applicable,Reg,Lvl,Inside,Gtl,Norm,1Fam,1Story,6,5,1954,Other,CompShg,Wd Sdng,BrkFace,Not Applicable,0.0,TA,TA,CBlock,TA,TA,No,Unf,0,Unf,1367,1367,GasA,Ex,Y,SBrkr,1375,0,0,1375,0,1,0,2,1,TA,5,Typ,1,TA,Attchd,Unf,2,451,TA,TA,Y,0,Not Applicable,0,WD,Normal,140000,2742,30,1.0,6.0,16452,13710,52,52,52.0,0.0,0.0,6875,4125,1353.0,1353.0,Level_2
249,60,RL,72.0,11317,Pave,Not Applicable,Reg,Lvl,Inside,Gtl,Norm,1Fam,2Story,7,5,2003,Gable,CompShg,VinylSd,VinylSd,BrkFace,101.0,Gd,TA,PConc,Gd,TA,No,Unf,0,Unf,840,840,GasA,Ex,Y,SBrkr,840,828,0,1668,0,2,1,3,1,Gd,8,Typ,0,Not Applicable,Attchd,RFn,2,500,TA,TA,Y,0,Not Applicable,0,WD,Normal,180000,2508,212,2.5,10.5,17556,12540,4,4,4.0,404.0,303.0,8340,6672,1500.0,1500.0,Level_3
250,50,RL,69.0,159000,Pave,Not Applicable,IR2,Other,CulDSac,Other,Norm,1Fam,1.5Fin,6,7,1958,Gable,CompShg,Wd Sdng,HdBoard,BrkCmn,472.0,Gd,TA,CBlock,Gd,TA,Gd,Rec,697,Unf,747,1444,GasA,Gd,Y,SBrkr,1444,700,0,2144,0,2,0,4,1,Gd,7,Typ,2,TA,Attchd,Fin,2,389,TA,TA,Y,0,Not Applicable,500,WD,Normal,277000,3588,98,2.5,9.0,21528,25116,49,1,49.0,1888.0,1416.0,8576,8576,1167.0,1167.0,Level_3
251,30,RL,55.0,5350,Pave,Not Applicable,IR1,Lvl,Inside,Gtl,Norm,1Fam,1Story,3,2,1940,Gable,CompShg,Wd Sdng,Plywood,Not Applicable,0.0,TA,Po,CBlock,TA,TA,No,Unf,0,Unf,728,728,GasA,Ex,Y,SBrkr,1306,0,0,1306,0,1,0,3,1,Fa,6,Other,0,Not Applicable,Not Applicable,Not Applicable,0,0,Other,Other,Y,0,GdWo,450,WD,Normal,76500,2034,263,1.0,7.0,6102,4068,70,44,30.0,0.0,0.0,6530,2612,,,Level_1
252,120,RM,44.0,4750,Pave,Not Applicable,IR1,Other,Inside,Other,Norm,TwnhsE,1Story,8,5,2006,Other,CompShg,VinylSd,VinylSd,Stone,481.0,Gd,TA,PConc,Gd,TA,Gd,GLQ,1573,Unf,0,1573,GasA,Ex,Y,SBrkr,1625,0,0,1625,1,2,0,2,1,Gd,5,Typ,1,Gd,Attchd,Fin,2,538,TA,TA,Y,0,Not Applicable,0,WD,Family,235000,3198,276,3.5,7.0,25584,15990,1,0,1.0,1924.0,1443.0,8125,6500,1614.0,1614.0,Level_4
253,60,RL,65.0,8366,Pave,Not Applicable,IR1,Lvl,Inside,Gtl,Norm,1Fam,2Story,6,5,2004,Gable,CompShg,VinylSd,VinylSd,Not Applicable,0.0,Gd,TA,PConc,Gd,TA,No,Unf,0,Unf,798,798,GasA,Ex,Y,SBrkr,798,842,0,1640,0,2,1,3,1,Gd,6,Typ,0,Not Applicable,Attchd,RFn,2,520,TA,TA,Y,0,Not Applicable,0,WD,Normal,173000,2438,183,2.5,8.5,14628,12190,4,4,4.0,0.0,0.0,8200,6560,1560.0,1560.0,Level_3
254,80,RL,85.0,9350,Pave,Not Applicable,Reg,Lvl,Inside,Gtl,Norm,1Fam,SLvl,6,7,1964,Other,CompShg,HdBoard,HdBoard,BrkFace,108.0,TA,TA,CBlock,Gd,TA,Gd,LwQ,270,Other,452,1302,GasA,Ex,Y,SBrkr,1302,0,0,1302,0,2,0,3,1,Gd,7,Other,0,Not Applicable,Attchd,RFn,1,309,TA,TA,Y,0,MnPrv,0,CWD,Normal,158000,2604,333,2.5,9.0,15624,18228,43,16,43.0,324.0,324.0,6510,5208,927.0,927.0,Level_2
255,20,RL,70.0,8400,Pave,Not Applicable,Reg,Lvl,Inside,Gtl,Norm,1Fam,1Story,5,6,1957,Gable,CompShg,MetalSd,MetalSd,Not Applicable,0.0,TA,Gd,CBlock,TA,TA,No,Rec,922,Unf,392,1314,GasA,TA,Y,SBrkr,1314,0,0,1314,1,1,0,3,1,TA,5,Typ,0,Not Applicable,Attchd,RFn,1,294,TA,TA,Y,0,Not Applicable,0,WD,Normal,145000,2628,250,2.0,6.0,13140,15768,53,53,53.0,0.0,0.0,3942,3942,882.0,882.0,Level_2
256,60,RL,66.0,8738,Pave,Not Applicable,IR1,Lvl,Inside,Gtl,Norm,1Fam,2Story,7,5,1999,Gable,CompShg,VinylSd,VinylSd,BrkFace,302.0,Gd,TA,PConc,Gd,TA,No,Unf,0,Unf,975,975,GasA,Ex,Y,SBrkr,1005,1286,0,2291,0,2,1,4,1,Gd,8,Typ,1,TA,BuiltIn,Fin,2,429,TA,TA,Y,0,Not Applicable,0,WD,Normal,230000,3266,192,2.5,10.5,22862,16330,7,7,7.0,1208.0,906.0,11455,9164,1287.0,1287.0,Level_3
257,60,FV,64.0,8791,Pave,Not Applicable,IR1,Lvl,Inside,Gtl,Norm,1Fam,2Story,6,5,2003,Gable,CompShg,VinylSd,VinylSd,Not Applicable,0.0,Gd,TA,PConc,Gd,TA,No,Rec,503,Unf,361,864,GasA,Ex,Y,SBrkr,864,864,0,1728,0,2,1,3,1,Gd,7,Typ,0,Not Applicable,Attchd,RFn,2,673,TA,TA,Y,0,Not Applicable,0,WD,Normal,207500,2592,272,2.5,9.5,15552,12960,5,5,5.0,0.0,0.0,8640,6912,2019.0,2019.0,Level_4
258,20,RL,68.0,8814,Pave,Not Applicable,Reg,Lvl,Inside,Gtl,Norm,1Fam,1Story,7,5,2006,Gable,CompShg,VinylSd,VinylSd,Stone,180.0,Gd,TA,PConc,Gd,TA,No,GLQ,1334,Unf,270,1604,GasA,Ex,Y,SBrkr,1604,0,0,1604,1,2,1,3,1,Gd,8,Typ,1,Gd,Attchd,RFn,2,660,TA,TA,Y,0,Not Applicable,0,WD,Abnorml,220000,3208,233,3.5,10.5,22456,16040,3,3,3.0,720.0,540.0,8020,6416,1980.0,1980.0,Level_3
259,60,RL,80.0,12435,Pave,Not Applicable,Reg,Lvl,Inside,Gtl,Norm,1Fam,2Story,7,5,2001,Gable,CompShg,VinylSd,VinylSd,BrkFace,172.0,Gd,TA,PConc,Gd,TA,No,GLQ,361,Unf,602,963,GasA,Ex,Y,SBrkr,963,829,0,1792,0,2,1,3,1,Gd,7,Typ,1,TA,Attchd,RFn,2,564,TA,TA,Y,0,Not Applicable,0,WD,Normal,231500,2755,341,2.5,9.5,19285,13775,7,7,7.0,688.0,516.0,8960,7168,1692.0,1692.0,Level_3
260,20,RM,70.0,12702,Pave,Not Applicable,Reg,Lvl,Inside,Gtl,Norm,1Fam,1Story,5,5,1956,Gable,CompShg,BrkFace,BrkFace,Not Applicable,0.0,TA,TA,PConc,Not Applicable,Other,Not Applicable,Not Applicable,0,Other,0,0,GasA,Gd,Y,FuseA,882,0,0,882,0,1,0,2,1,TA,4,Typ,0,Not Applicable,Detchd,Unf,1,308,TA,TA,Y,0,Not Applicable,0,WD,Normal,97000,882,45,1.0,5.0,4410,4410,52,52,52.0,0.0,0.0,3528,2646,924.0,924.0,Level_1
261,80,RL,120.0,19296,Pave,Not Applicable,Reg,Lvl,Corner,Gtl,Other,1Fam,SLvl,6,5,1962,Gable,CompShg,Wd Sdng,Wd Sdng,BrkFace,399.0,TA,TA,CBlock,TA,TA,Gd,Rec,672,Other,0,1362,GasA,TA,Y,SBrkr,1382,0,0,1382,1,1,0,3,1,TA,6,Typ,1,TA,Attchd,Unf,2,884,TA,TA,Y,0,GdWo,0,WD,Normal,176000,2744,252,2.0,7.0,16464,13720,47,47,18.0,1197.0,1197.0,4146,4146,2652.0,2652.0,Level_2
262,60,RL,69.0,9588,Pave,Not Applicable,IR1,Lvl,Inside,Gtl,Norm,1Fam,2Story,8,5,2007,Gable,CompShg,CemntBd,CmentBd,Stone,270.0,Gd,TA,PConc,Ex,TA,No,Unf,0,Unf,1482,1482,GasA,Ex,Y,SBrkr,1482,1092,0,2574,0,2,1,3,1,Ex,10,Typ,1,Gd,BuiltIn,Fin,3,868,TA,TA,Y,0,Not Applicable,0,New,Partial,276000,4056,148,2.5,12.5,32448,20280,0,0,0.0,1080.0,810.0,12870,12870,2604.0,2604.0,Level_3
263,80,RL,88.0,8471,Pave,Not Applicable,IR1,Lvl,Corner,Gtl,Norm,1Fam,SLvl,6,7,1977,Gable,CompShg,HdBoard,Plywood,BrkFace,46.0,TA,TA,CBlock,Gd,Other,Av,ALQ,506,Unf,0,506,GasA,TA,Y,SBrkr,1212,0,0,1212,1,1,0,3,1,TA,6,Typ,1,TA,Attchd,Unf,2,492,TA,TA,Y,0,GdWo,0,WD,Normal,151000,1718,304,2.0,7.0,10308,12026,29,11,28.0,138.0,138.0,3636,3636,1476.0,1476.0,Level_2
264,50,RM,50.0,5500,Pave,Not Applicable,Reg,Lvl,Corner,Gtl,Norm,1Fam,1.5Fin,5,7,1929,Gable,CompShg,Wd Sdng,Wd Sdng,Not Applicable,0.0,TA,TA,BrkTil,TA,TA,No,LwQ,234,Other,0,926,GasA,TA,Y,SBrkr,926,0,390,1316,1,1,0,3,1,TA,6,Typ,0,Not Applicable,Detchd,Unf,2,484,TA,TA,Y,0,Not Applicable,0,WD,Normal,130000,1852,0,2.0,7.0,9260,12964,81,9,36.0,0.0,0.0,3948,3948,1452.0,1452.0,Level_1
265,30,RM,30.0,5232,Pave,Grvl,IR3,Other,Inside,Gtl,Other,1Fam,1Story,5,5,1925,Gable,CompShg,Wd Sdng,Wd Sdng,Not Applicable,0.0,TA,TA,BrkTil,Fa,TA,No,Unf,0,Unf,680,680,GasA,Gd,N,FuseP,764,0,0,764,0,1,0,2,1,TA,4,Typ,0,Not Applicable,Detchd,Unf,2,504,TA,TA,N,0,Not Applicable,0,WD,Normal,73000,1444,0,1.0,5.0,7220,7220,83,4,43.0,0.0,0.0,3056,2292,1512.0,1512.0,Level_1
266,20,RL,78.0,12090,Pave,Not Applicable,IR1,Lvl,Inside,Gtl,Norm,1Fam,1Story,6,6,1981,Gable,CompShg,MetalSd,MetalSd,BrkFace,210.0,TA,Gd,CBlock,Gd,TA,No,GLQ,588,Other,606,1422,GasA,TA,Y,SBrkr,1422,0,0,1422,0,2,0,3,1,Gd,7,Typ,1,TA,Attchd,Fin,2,576,TA,TA,Y,0,GdPrv,0,WD,Normal,175500,2844,276,2.0,9.0,17064,17064,27,27,27.0,630.0,840.0,4266,5688,1728.0,1728.0,Level_3
267,60,RL,70.0,11207,Pave,Not Applicable,IR1,Other,FR2,Gtl,Norm,1Fam,2Story,6,5,1997,Gable,CompShg,VinylSd,VinylSd,Not Applicable,0.0,TA,TA,PConc,Gd,TA,Av,GLQ,714,Unf,88,802,GasA,Gd,Y,SBrkr,802,709,0,1511,1,2,1,3,1,TA,8,Typ,1,TA,Attchd,Fin,2,413,TA,TA,Y,0,Not Applicable,0,WD,Normal,185000,2313,170,3.5,10.5,13878,11565,9,9,9.0,0.0,0.0,6044,4533,1239.0,1239.0,Level_3
268,75,RL,60.0,8400,Pave,Not Applicable,Reg,Other,Inside,Other,Norm,1Fam,2.5Fin,5,8,1939,Gable,CompShg,Wd Sdng,Wd Sdng,Not Applicable,0.0,TA,TA,PConc,TA,TA,No,LwQ,378,Unf,342,720,GasA,Ex,Y,SBrkr,1052,720,420,2192,0,2,1,4,1,Gd,8,Typ,1,Gd,Detchd,Unf,1,240,TA,TA,Y,0,Not Applicable,0,WD,Normal,179500,2492,286,2.5,10.5,12460,19936,69,11,69.0,0.0,0.0,10960,8768,720.0,720.0,Level_2
269,30,RM,71.0,6900,Pave,Not Applicable,Reg,Lvl,Inside,Gtl,Norm,1Fam,1Story,5,6,1940,Gable,CompShg,VinylSd,VinylSd,Not Applicable,0.0,TA,TA,CBlock,TA,TA,No,ALQ,403,Other,212,740,GasA,Ex,Y,SBrkr,778,0,0,778,0,1,0,2,1,TA,4,Typ,1,Gd,Detchd,Fin,1,924,Other,Other,Y,0,Not Applicable,0,WD,Normal,120500,1518,25,1.0,5.0,7590,9108,68,53,42.0,0.0,0.0,3890,2334,4620.0,4620.0,Level_1
270,20,RL,69.0,7917,Pave,Not Applicable,IR1,Lvl,Corner,Gtl,Norm,1Fam,1Story,6,7,1976,Other,CompShg,HdBoard,HdBoard,BrkFace,174.0,TA,Gd,CBlock,TA,Other,No,BLQ,751,Unf,392,1143,GasA,TA,Y,SBrkr,1113,0,0,1113,1,1,1,3,1,TA,6,Typ,1,Fa,Attchd,RFn,1,504,TA,Other,Y,0,GdPrv,0,WD,Normal,148000,2256,400,2.5,7.5,13536,15792,31,31,20.0,522.0,696.0,3339,3339,1512.0,2016.0,Level_1
271,60,FV,84.0,10728,Pave,Not Applicable,Reg,Lvl,Inside,Gtl,Norm,1Fam,2Story,8,5,2006,Gable,CompShg,VinylSd,VinylSd,Not Applicable,0.0,Gd,TA,PConc,Gd,TA,Mn,Unf,0,Unf,1095,1095,GasA,Gd,Y,SBrkr,1095,844,0,1939,0,2,1,3,1,Gd,8,Typ,1,Gd,Attchd,RFn,3,1053,TA,TA,Y,0,Not Applicable,0,New,Partial,266000,3034,243,2.5,10.5,24272,15170,0,0,0.0,0.0,0.0,7756,7756,3159.0,3159.0,Level_4
272,20,RL,73.0,39104,Pave,Not Applicable,IR1,Other,CulDSac,Other,Norm,1Fam,1Story,7,7,1954,Other,Other,Plywood,Plywood,Not Applicable,0.0,TA,TA,CBlock,Gd,TA,Gd,LwQ,226,Other,96,1385,GasA,Ex,Y,SBrkr,1363,0,0,1363,1,1,0,2,1,TA,5,Other,2,TA,Attchd,Unf,2,439,TA,TA,Y,0,Not Applicable,0,WD,Normal,241500,2748,81,2.0,6.0,19236,19236,54,3,54.0,0.0,0.0,6815,4089,1317.0,1317.0,Level_3
273,60,RL,92.0,11764,Pave,Not Applicable,IR1,Lvl,CulDSac,Gtl,Norm,1Fam,2Story,8,7,1999,Gable,CompShg,VinylSd,VinylSd,BrkFace,348.0,Gd,TA,PConc,Gd,TA,No,GLQ,524,Unf,628,1152,GasA,Ex,Y,SBrkr,1164,1106,0,2270,0,2,1,4,1,Gd,9,Typ,1,Gd,Attchd,Fin,3,671,TA,TA,Y,0,Not Applicable,0,WD,Normal,290000,3422,189,2.5,11.5,27376,23954,11,3,11.0,1392.0,1044.0,11350,9080,2013.0,2013.0,Level_4
274,20,RL,80.0,9600,Pave,Not Applicable,Reg,Lvl,Inside,Gtl,Other,1Fam,1Story,6,6,1958,Other,CompShg,Wd Sdng,Wd Sdng,BrkCmn,183.0,TA,TA,CBlock,TA,TA,No,Rec,620,Other,0,1240,GasA,Gd,Y,SBrkr,1632,0,0,1632,1,2,0,3,1,TA,6,Other,1,Gd,Attchd,RFn,1,338,TA,TA,Y,0,MnPrv,0,WD,Normal,139000,2872,289,3.0,8.0,17232,17232,51,21,51.0,549.0,549.0,6528,4896,1014.0,1014.0,Level_2
275,20,RL,76.0,8314,Pave,Not Applicable,Reg,Lvl,Corner,Gtl,Norm,1Fam,1Story,5,7,1982,Gable,CompShg,HdBoard,ImStucc,Not Applicable,0.0,TA,TA,CBlock,TA,TA,Gd,ALQ,546,Unf,270,816,GasA,TA,Y,SBrkr,816,0,0,816,0,1,0,2,1,TA,5,Typ,0,Not Applicable,Attchd,Unf,1,264,TA,TA,Y,0,Not Applicable,0,WD,Normal,124500,1632,168,1.0,6.0,8160,11424,25,25,25.0,0.0,0.0,2448,2448,792.0,792.0,Level_2
276,50,RL,55.0,7264,Pave,Not Applicable,Reg,Lvl,Inside,Gtl,Norm,1Fam,1.5Fin,7,7,1925,Gable,CompShg,Wd Sdng,Wd Sdng,Not Applicable,0.0,Gd,Gd,BrkTil,TA,TA,No,Unf,0,Unf,952,952,Other,Gd,N,SBrkr,952,596,0,1548,0,2,1,3,1,Ex,5,Typ,0,Not Applicable,Detchd,Unf,2,672,TA,TA,Y,0,Not Applicable,0,WD,Normal,205000,2500,218,2.5,7.5,17500,17500,84,2,31.0,0.0,0.0,6192,7740,2016.0,2016.0,Level_1
277,20,RL,129.0,9196,Pave,Not Applicable,IR1,Lvl,Inside,Gtl,Norm,1Fam,1Story,7,5,2003,Gable,CompShg,VinylSd,VinylSd,Not Applicable,0.0,Gd,TA,PConc,Ex,TA,No,Unf,0,Unf,1560,1560,GasA,Ex,Y,SBrkr,1560,0,0,1560,0,2,0,3,1,Gd,7,Typ,0,Not Applicable,Attchd,Fin,2,573,TA,TA,Y,0,Not Applicable,0,WD,Normal,201000,3120,250,2.0,9.0,21840,15600,7,7,7.0,0.0,0.0,7800,6240,1719.0,1719.0,Level_2
278,20,RL,140.0,19138,Pave,Not Applicable,Reg,Lvl,Corner,Gtl,Norm,1Fam,1Story,4,5,1951,Gable,CompShg,VinylSd,VinylSd,Not Applicable,0.0,TA,TA,CBlock,TA,TA,No,LwQ,120,Unf,744,864,GasA,Ex,Y,SBrkr,864,0,0,864,0,1,0,2,1,TA,4,Typ,0,Not Applicable,Detchd,Unf,2,400,TA,TA,Y,0,Not Applicable,0,WD,Normal,141000,1728,0,1.0,5.0,6912,8640,59,59,59.0,0.0,0.0,4320,2592,1200.0,1200.0,Level_3
279,20,RL,107.0,14450,Pave,Not Applicable,Reg,Lvl,Inside,Gtl,Norm,1Fam,1Story,9,5,2006,Gable,CompShg,CemntBd,CmentBd,BrkFace,315.0,Ex,TA,PConc,Ex,TA,Gd,Unf,0,Unf,2121,2121,GasA,Ex,Y,SBrkr,2121,0,0,2121,0,2,1,3,1,Ex,8,Typ,1,Ex,Attchd,Fin,3,732,TA,TA,Y,0,Not Applicable,0,New,Partial,415298,4242,364,2.5,10.5,38178,21210,1,0,0.0,1575.0,945.0,10605,10605,2196.0,2196.0,Level_4
280,60,RL,83.0,10005,Pave,Not Applicable,Reg,Lvl,Inside,Gtl,Norm,1Fam,2Story,7,5,1977,Other,CompShg,Plywood,Plywood,BrkFace,299.0,TA,TA,CBlock,Gd,TA,No,BLQ,392,Unf,768,1160,GasA,Ex,Y,SBrkr,1156,866,0,2022,0,2,1,4,1,TA,8,Typ,1,TA,Attchd,Fin,2,505,TA,TA,Y,0,Not Applicable,0,WD,Normal,192000,3182,405,2.5,10.5,22274,15910,31,31,31.0,897.0,897.0,10110,6066,1515.0,1515.0,Level_3
281,60,RL,82.0,11287,Pave,Not Applicable,Reg,Lvl,Inside,Gtl,Norm,1Fam,2Story,7,6,1989,Gable,CompShg,Plywood,Plywood,BrkFace,340.0,Gd,TA,CBlock,Gd,TA,Av,GLQ,421,Unf,386,807,GasA,Gd,Y,SBrkr,1175,807,0,1982,0,2,1,3,1,Gd,7,Typ,1,TA,Attchd,Fin,2,575,TA,TA,Y,0,Not Applicable,0,WD,Normal,228500,2789,280,2.5,9.5,19523,16734,18,18,18.0,1360.0,1020.0,7928,7928,1725.0,1725.0,Level_3
282,20,FV,60.0,7200,Pave,Pave,Reg,Lvl,Inside,Gtl,Norm,1Fam,1Story,6,5,2006,Gable,CompShg,VinylSd,VinylSd,Stone,68.0,Gd,TA,PConc,Gd,TA,No,GLQ,905,Unf,357,1262,GasA,Gd,Y,SBrkr,1262,0,0,1262,0,2,0,2,1,Gd,5,Typ,0,Not Applicable,Attchd,Fin,2,572,TA,TA,Y,0,Not Applicable,0,New,Partial,185000,2524,120,2.0,7.0,15144,12620,0,0,0.0,272.0,204.0,5048,5048,1716.0,1716.0,Level_4
283,120,RL,34.0,5063,Pave,Not Applicable,Reg,Lvl,Inside,Gtl,Norm,Twnhs,1Story,7,5,2007,Gable,CompShg,VinylSd,VinylSd,Stone,166.0,Gd,TA,PConc,Gd,TA,No,GLQ,904,Unf,410,1314,GasA,Ex,Y,SBrkr,1314,0,0,1314,1,2,0,2,1,Gd,6,Typ,1,Gd,Attchd,RFn,2,626,TA,TA,Y,0,Not Applicable,0,ConLw,Normal,207500,2628,234,3.0,8.0,18396,13140,2,1,1.0,664.0,498.0,6570,5256,1878.0,1878.0,Level_4
284,20,RL,74.0,9612,Pave,Not Applicable,Reg,Lvl,Inside,Gtl,Other,1Fam,1Story,8,5,2008,Gable,CompShg,VinylSd,VinylSd,Stone,72.0,Gd,TA,PConc,Gd,TA,No,Unf,0,Unf,1468,1468,GasA,Ex,Y,SBrkr,1468,0,0,1468,0,2,0,3,1,Gd,6,Typ,1,Gd,Attchd,Fin,3,898,TA,TA,Y,0,Not Applicable,0,New,Partial,244600,2936,360,2.0,8.0,23488,14680,1,0,1.0,288.0,216.0,7340,5872,2694.0,2694.0,Level_4
285,120,RL,50.0,8012,Pave,Not Applicable,Reg,Lvl,Inside,Gtl,Norm,TwnhsE,1Story,6,5,1992,Gable,CompShg,Plywood,ImStucc,Not Applicable,0.0,Gd,TA,PConc,Gd,TA,No,GLQ,430,Unf,1145,1575,GasA,Gd,Y,SBrkr,1575,0,0,1575,1,2,0,2,1,Gd,5,Typ,0,Not Applicable,Attchd,RFn,2,529,TA,TA,Y,0,Not Applicable,0,WD,Normal,179200,3150,52,3.0,7.0,18900,15750,15,15,15.0,0.0,0.0,6300,6300,1587.0,1587.0,Level_3
286,160,FV,35.0,4251,Pave,Pave,IR1,Lvl,Inside,Gtl,Norm,TwnhsE,2Story,7,5,2006,Gable,CompShg,MetalSd,MetalSd,Not Applicable,0.0,Gd,TA,PConc,Gd,TA,No,Unf,0,Unf,625,625,GasA,Ex,Y,SBrkr,625,625,0,1250,0,2,1,2,1,Gd,5,Typ,0,Not Applicable,Detchd,RFn,2,528,TA,TA,Y,0,Not Applicable,0,New,Partial,164700,1875,54,2.5,7.5,13125,9375,1,0,1.0,0.0,0.0,6250,5000,1584.0,1584.0,Level_4
287,50,RL,77.0,9786,Pave,Not Applicable,IR1,Other,Inside,Gtl,Norm,1Fam,1.5Fin,6,7,1962,Gable,CompShg,Wd Sdng,Wd Sdng,Not Applicable,0.0,TA,TA,CBlock,TA,TA,No,Rec,600,Unf,312,912,GasA,TA,Y,SBrkr,1085,649,0,1734,0,1,1,3,1,Gd,7,Typ,1,Gd,Attchd,RFn,2,440,TA,TA,Y,0,GdPrv,0,WD,Normal,159000,2646,128,1.5,8.5,15876,18522,44,25,44.0,0.0,0.0,5202,6936,1320.0,1320.0,Level_2
288,20,RL,69.0,8125,Pave,Not Applicable,IR1,Lvl,Corner,Gtl,Norm,1Fam,1Story,4,4,1971,Gable,CompShg,HdBoard,HdBoard,Not Applicable,0.0,TA,TA,CBlock,TA,TA,No,BLQ,614,Unf,244,858,GasA,TA,Y,SBrkr,858,0,0,858,0,1,0,3,1,TA,5,Typ,0,Not Applicable,Not Applicable,Not Applicable,0,0,Other,Other,Y,0,Not Applicable,0,WD,Normal,88000,1716,0,1.0,6.0,6864,6864,35,35,26.0,0.0,0.0,2574,2574,,,Level_2
289,20,RL,69.0,9819,Pave,Not Applicable,IR1,Lvl,Inside,Gtl,Norm,1Fam,1Story,5,5,1967,Gable,CompShg,MetalSd,MetalSd,BrkFace,31.0,TA,Gd,CBlock,TA,TA,No,BLQ,450,Unf,432,882,GasA,TA,Y,SBrkr,900,0,0,900,0,1,0,3,1,TA,5,Typ,0,Not Applicable,Detchd,Unf,1,280,TA,TA,Y,0,MnPrv,0,WD,Normal,122000,1782,0,1.0,6.0,8910,8910,43,43,40.0,93.0,124.0,2700,2700,840.0,840.0,Level_2
290,70,RL,60.0,8730,Pave,Not Applicable,Reg,Lvl,Inside,Gtl,Other,1Fam,2Story,6,7,1915,Gable,CompShg,Wd Sdng,Wd Sdng,Not Applicable,0.0,TA,TA,BrkTil,TA,TA,No,Unf,0,Unf,698,698,GasA,Ex,Y,FuseA,698,698,0,1396,0,1,0,3,1,TA,7,Typ,0,Not Applicable,Detchd,Unf,1,384,TA,TA,Y,0,Not Applicable,0,WD,Normal,153575,2094,259,1.0,8.0,12564,14658,92,4,4.0,0.0,0.0,6980,4188,1152.0,1152.0,Level_1
291,60,RL,120.0,15611,Pave,Not Applicable,Reg,Lvl,Inside,Gtl,Norm,1Fam,2Story,8,5,2006,Gable,CompShg,VinylSd,VinylSd,Not Applicable,0.0,Gd,TA,PConc,Gd,TA,Av,Unf,0,Unf,1079,1079,GasA,Ex,Y,SBrkr,1079,840,0,1919,0,2,1,3,1,Gd,8,Typ,1,Gd,Attchd,RFn,2,685,Other,TA,Y,0,Not Applicable,0,New,Partial,233230,2998,51,2.5,10.5,23984,14990,0,0,0.0,0.0,0.0,9595,7676,2740.0,2055.0,Level_3
292,190,RL,55.0,5687,Pave,Grvl,Reg,Other,Inside,Gtl,Norm,2fmCon,2Story,5,6,1912,Gable,CompShg,VinylSd,VinylSd,Not Applicable,0.0,TA,Fa,PConc,TA,Other,No,Rec,210,Unf,570,780,GasA,Ex,N,SBrkr,936,780,0,1716,1,2,0,6,1,Fa,9,Typ,0,Not Applicable,Not Applicable,Not Applicable,0,0,Other,Other,N,0,Not Applicable,0,WD,Normal,135900,2496,184,3.0,11.0,12480,14976,96,8,28.0,0.0,0.0,8580,3432,,,Level_2
293,50,RL,60.0,11409,Pave,Not Applicable,Reg,Lvl,Inside,Gtl,Norm,1Fam,1.5Fin,5,4,1949,Gable,CompShg,Wd Sdng,Wd Sdng,Not Applicable,0.0,TA,TA,CBlock,TA,TA,No,LwQ,292,Unf,476,768,GasA,Gd,Y,SBrkr,1148,568,0,1716,0,1,1,3,1,TA,8,Other,1,Gd,Attchd,Unf,1,281,TA,TA,Y,0,Not Applicable,0,WD,Normal,131000,2484,160,1.5,9.5,12420,9936,60,1,60.0,0.0,0.0,6864,5148,843.0,843.0,Level_1
294,60,RL,69.0,16659,Pave,Not Applicable,IR1,Lvl,Corner,Gtl,Other,1Fam,2Story,7,7,1977,Gable,CompShg,Plywood,Plywood,BrkFace,34.0,TA,TA,CBlock,TA,TA,No,ALQ,795,Unf,0,795,GasA,Fa,Y,SBrkr,1468,795,0,2263,1,2,1,3,1,Gd,9,Typ,1,TA,Attchd,Fin,2,539,TA,TA,Y,0,Not Applicable,0,WD,Normal,235000,3058,250,3.5,11.5,21406,21406,29,12,29.0,102.0,102.0,4526,9052,1617.0,1617.0,Level_3
295,20,RL,80.0,9600,Pave,Not Applicable,Reg,Lvl,Inside,Gtl,Norm,1Fam,1Story,6,5,1953,Other,CompShg,HdBoard,HdBoard,Stone,238.0,TA,TA,CBlock,TA,TA,No,GLQ,1285,Unf,131,1416,GasA,TA,Y,SBrkr,1644,0,0,1644,1,1,0,3,1,TA,7,Typ,2,Gd,Attchd,Fin,2,418,TA,TA,Y,0,Not Applicable,0,WD,Normal,167000,3060,110,2.0,8.0,18360,15300,56,56,56.0,714.0,714.0,4932,4932,1254.0,1254.0,Level_2
296,80,RL,37.0,7937,Pave,Not Applicable,IR1,Lvl,CulDSac,Gtl,Norm,1Fam,SLvl,6,6,1984,Gable,CompShg,HdBoard,HdBoard,Not Applicable,0.0,TA,TA,CBlock,TA,TA,Av,GLQ,819,Unf,184,1003,GasA,TA,Y,SBrkr,1003,0,0,1003,1,1,0,3,1,TA,6,Typ,0,Not Applicable,Detchd,Unf,2,588,TA,TA,Y,0,GdPrv,0,WD,Normal,142500,2006,120,2.0,7.0,12036,12036,22,22,22.0,0.0,0.0,3009,3009,1764.0,1764.0,Level_2
297,50,RM,75.0,13710,Pave,Not Applicable,Reg,Lvl,Inside,Gtl,Norm,1Fam,1.5Fin,5,5,1950,Gable,CompShg,Wd Sdng,Wd Sdng,Not Applicable,0.0,TA,TA,CBlock,TA,TA,No,BLQ,420,Unf,490,910,GasA,TA,Y,FuseA,910,648,0,1558,0,1,1,4,1,TA,6,Typ,0,Not Applicable,Attchd,Unf,1,282,TA,TA,Y,0,MnPrv,0,WD,Normal,152000,2468,289,1.5,7.5,12340,12340,57,57,57.0,0.0,0.0,4674,4674,846.0,846.0,Level_1
298,60,FV,66.0,7399,Pave,Pave,IR1,Lvl,Inside,Gtl,Norm,1Fam,2Story,7,5,1997,Other,CompShg,VinylSd,VinylSd,BrkFace,1600.0,Gd,TA,PConc,Gd,TA,No,BLQ,649,Unf,326,975,GasA,Ex,Y,SBrkr,975,975,0,1950,0,2,1,3,1,Gd,7,Typ,1,TA,Detchd,RFn,2,576,TA,TA,Y,0,Not Applicable,0,WD,Normal,239000,2925,208,2.5,9.5,20475,14625,10,9,10.0,6400.0,4800.0,9750,7800,1728.0,1728.0,Level_4
299,60,RL,90.0,11700,Pave,Not Applicable,Reg,Lvl,Inside,Gtl,Norm,1Fam,2Story,6,6,1968,Other,CompShg,HdBoard,AsphShn,BrkFace,365.0,Gd,TA,CBlock,TA,TA,No,ALQ,384,Other,143,702,GasA,Gd,Y,SBrkr,1041,702,0,1743,0,1,2,3,1,TA,7,Typ,1,Gd,Attchd,Unf,2,539,TA,TA,Y,0,Not Applicable,0,WD,Normal,175000,2445,224,2.5,9.0,14670,14670,39,39,39.0,1460.0,1095.0,6972,5229,1617.0,1617.0,Level_3
300,20,RL,80.0,14000,Pave,Not Applicable,Reg,Lvl,Inside,Gtl,Norm,1Fam,1Story,6,8,1950,Gable,CompShg,HdBoard,HdBoard,Not Applicable,0.0,TA,Gd,CBlock,TA,TA,No,Unf,0,Unf,1092,1092,GasA,Ex,Y,SBrkr,1152,0,0,1152,0,1,0,3,1,Gd,6,Typ,1,Gd,Attchd,Unf,1,300,TA,TA,Y,0,GdPrv,0,WD,Family,158500,2244,36,1.5,7.0,13464,17952,59,5,59.0,0.0,0.0,5760,4608,900.0,900.0,Level_4
301,190,RL,90.0,15750,Pave,Not Applicable,Reg,Lvl,Corner,Gtl,Norm,2fmCon,1Story,5,5,1953,Other,CompShg,MetalSd,MetalSd,BrkFace,56.0,TA,TA,CBlock,TA,TA,Mn,BLQ,841,Unf,324,1165,GasA,TA,Y,SBrkr,1336,0,0,1336,1,1,0,2,1,TA,5,Typ,2,Gd,Attchd,Unf,1,375,TA,TA,Y,0,Not Applicable,0,WD,Normal,157000,2501,0,2.0,6.0,12505,12505,53,53,53.0,168.0,168.0,4008,4008,1125.0,1125.0,Level_4
302,60,RL,66.0,16226,Pave,Not Applicable,IR3,Lvl,Inside,Gtl,Norm,1Fam,2Story,8,5,1998,Gable,CompShg,VinylSd,VinylSd,Not Applicable,0.0,Gd,TA,PConc,Gd,TA,No,GLQ,281,Unf,747,1028,GasA,Ex,Y,SBrkr,1210,1242,0,2452,0,2,1,4,1,Gd,9,Typ,1,TA,BuiltIn,Fin,2,683,TA,TA,Y,0,Not Applicable,0,WD,Normal,267000,3480,258,2.5,11.5,27840,17400,9,8,9.0,0.0,0.0,12260,9808,2049.0,2049.0,Level_3
303,20,RL,118.0,13704,Pave,Not Applicable,IR1,Lvl,Corner,Gtl,Norm,1Fam,1Story,7,5,2001,Gable,CompShg,VinylSd,VinylSd,BrkFace,150.0,Gd,TA,PConc,Gd,TA,No,Unf,0,Unf,1541,1541,GasA,Ex,Y,SBrkr,1541,0,0,1541,0,2,0,3,1,Gd,6,Typ,1,TA,Attchd,RFn,3,843,TA,TA,Y,0,Not Applicable,0,WD,Normal,205000,3082,549,2.0,8.0,21574,15410,5,4,5.0,600.0,450.0,7705,6164,2529.0,2529.0,Level_3
304,20,RL,70.0,9800,Pave,Not Applicable,Reg,Lvl,Corner,Gtl,Norm,1Fam,1Story,5,7,1972,Gable,CompShg,VinylSd,VinylSd,Not Applicable,0.0,TA,TA,PConc,TA,TA,No,ALQ,894,Unf,0,894,GasA,TA,Y,SBrkr,894,0,0,894,1,1,0,3,1,TA,5,Typ,0,Not Applicable,Attchd,Unf,2,552,TA,TA,Y,0,GdWo,0,WD,Abnorml,149900,1788,256,2.0,6.0,8940,12516,34,34,31.0,0.0,0.0,2682,2682,1656.0,1656.0,Level_3
305,75,RM,87.0,18386,Pave,Not Applicable,Reg,Lvl,Inside,Gtl,Norm,1Fam,2.5Fin,7,9,1880,Gable,CompShg,CemntBd,CmentBd,Not Applicable,0.0,TA,TA,BrkTil,TA,TA,No,Unf,0,Unf,1470,1470,GasA,Ex,Y,SBrkr,1675,1818,0,3493,0,3,0,3,1,Gd,10,Typ,1,Ex,Attchd,Unf,3,870,TA,TA,Y,0,Not Applicable,0,WD,Normal,295000,4963,302,3.0,13.0,34741,44667,128,6,5.0,0.0,0.0,17465,13972,2610.0,2610.0,Level_1
306,20,RL,80.0,10386,Pave,Not Applicable,Reg,Lvl,Inside,Gtl,Norm,1Fam,1Story,8,5,2004,Gable,CompShg,CemntBd,CmentBd,Stone,246.0,Gd,TA,PConc,Gd,TA,No,GLQ,1464,Unf,536,2000,GasA,Ex,Y,SBrkr,2000,0,0,2000,1,2,0,3,1,Gd,8,Typ,0,Not Applicable,Attchd,Fin,3,888,TA,TA,Y,0,Not Applicable,0,WD,Normal,305900,4000,168,3.0,10.0,32000,20000,3,2,3.0,984.0,738.0,10000,8000,2664.0,2664.0,Level_3
307,60,RL,116.0,13474,Pave,Not Applicable,Reg,Lvl,Inside,Gtl,Other,1Fam,2Story,7,5,1990,Gable,CompShg,HdBoard,Plywood,BrkFace,246.0,Gd,TA,CBlock,Gd,TA,No,ALQ,700,Unf,0,700,GasA,Gd,Y,SBrkr,1122,1121,0,2243,1,2,1,4,1,Gd,8,Typ,1,TA,Attchd,RFn,3,746,TA,TA,Y,0,Not Applicable,0,WD,Normal,225000,2943,395,3.5,10.5,20601,14715,17,16,17.0,984.0,738.0,8972,8972,2238.0,2238.0,Level_3
308,50,RM,69.0,7920,Pave,Grvl,IR1,Lvl,Inside,Gtl,Other,1Fam,1.5Fin,6,7,1920,Gable,CompShg,MetalSd,MetalSd,Not Applicable,0.0,TA,Fa,CBlock,TA,TA,No,Unf,0,Unf,319,319,GasA,TA,Y,FuseA,1035,371,0,1406,0,1,0,3,1,Fa,6,Typ,0,Not Applicable,Not Applicable,Not Applicable,0,0,Other,Other,N,0,MnPrv,0,WD,Normal,89500,1725,144,1.0,7.0,10350,12075,88,58,28.0,0.0,0.0,4218,2812,,,Level_1
309,30,RL,69.0,12342,Pave,Not Applicable,IR1,Lvl,Inside,Gtl,Norm,1Fam,1Story,4,5,1940,Gable,CompShg,VinylSd,VinylSd,Not Applicable,0.0,TA,TA,CBlock,TA,TA,No,BLQ,262,Unf,599,861,GasA,Ex,Y,SBrkr,861,0,0,861,0,1,0,1,1,TA,4,Typ,0,Not Applicable,Detchd,Unf,2,539,TA,TA,Y,0,Not Applicable,0,WD,Normal,82500,1722,158,1.0,5.0,6888,8610,69,59,48.0,0.0,0.0,4305,2583,1617.0,1617.0,Level_1
310,20,RL,90.0,12378,Pave,Not Applicable,IR1,Lvl,Inside,Gtl,Norm,1Fam,1Story,9,5,2003,Gable,CompShg,VinylSd,VinylSd,Not Applicable,0.0,Gd,TA,PConc,Ex,TA,Gd,GLQ,1274,Unf,622,1896,GasA,Ex,Y,SBrkr,1944,0,0,1944,1,2,0,3,1,Ex,8,Typ,3,Ex,Attchd,Fin,3,708,TA,TA,Y,0,Not Applicable,0,WD,Normal,360000,3840,383,3.0,10.0,34560,19200,3,2,3.0,0.0,0.0,9720,9720,2124.0,2124.0,Level_4
311,60,RL,69.0,7685,Pave,Not Applicable,IR1,Lvl,Inside,Gtl,Norm,1Fam,2Story,6,5,1993,Gable,CompShg,HdBoard,HdBoard,BrkFace,112.0,TA,TA,PConc,Gd,TA,No,ALQ,518,Unf,179,697,GasA,Gd,Y,SBrkr,697,804,0,1501,0,2,1,3,1,Gd,6,Typ,1,TA,Attchd,Fin,2,420,TA,TA,Y,0,Not Applicable,0,WD,Normal,165600,2198,253,2.5,8.5,13188,10990,13,12,13.0,336.0,336.0,6004,6004,1260.0,1260.0,Level_3
312,20,RL,50.0,8000,Pave,Not Applicable,Reg,Lvl,Inside,Gtl,Norm,1Fam,1Story,6,6,1948,Gable,CompShg,VinylSd,VinylSd,Not Applicable,0.0,TA,Gd,CBlock,TA,TA,No,ALQ,680,Unf,292,972,GasA,Ex,Y,SBrkr,972,0,0,972,1,1,0,2,1,TA,5,Typ,1,Gd,Detchd,Unf,1,240,TA,TA,Y,0,Not Applicable,0,WD,Normal,132000,1944,0,2.0,6.0,11664,11664,61,7,61.0,0.0,0.0,4860,2916,720.0,720.0,Level_2
313,190,RM,65.0,7800,Pave,Not Applicable,Reg,Lvl,Inside,Gtl,Other,2fmCon,1.5Fin,5,7,1939,Gable,CompShg,MetalSd,MetalSd,Not Applicable,0.0,TA,TA,CBlock,Gd,TA,Mn,Rec,507,Unf,286,793,GasA,TA,Y,SBrkr,793,325,0,1118,1,1,0,3,1,TA,5,Typ,1,Gd,Detchd,Unf,2,410,TA,TA,Y,0,MnPrv,0,WD,Normal,119900,1911,271,2.0,6.0,9555,13377,67,56,67.0,0.0,0.0,3354,3354,1230.0,1230.0,Level_1
314,20,RL,150.0,215245,Pave,Not Applicable,IR3,Other,Inside,Other,Norm,1Fam,1Story,7,5,1965,Other,CompShg,BrkFace,BrkFace,Not Applicable,0.0,TA,TA,CBlock,Gd,TA,Gd,ALQ,1236,Other,80,2136,Other,TA,Y,SBrkr,2036,0,0,2036,2,2,0,3,1,TA,8,Typ,2,Gd,Attchd,RFn,2,513,TA,TA,Y,0,Not Applicable,0,WD,Normal,375000,4172,0,4.0,10.0,29204,20860,44,44,44.0,0.0,0.0,6108,6108,1539.0,1539.0,Level_4
315,70,RM,60.0,9600,Pave,Grvl,Reg,Lvl,Inside,Gtl,Norm,1Fam,2Story,7,7,1925,Gable,CompShg,Wd Sdng,Wd Sdng,Not Applicable,0.0,TA,TA,BrkTil,TA,Other,No,LwQ,16,Unf,712,728,GasA,Ex,Y,SBrkr,832,809,0,1641,0,1,1,3,1,Ex,6,Typ,1,Gd,Detchd,Unf,2,546,Other,TA,Y,0,Not Applicable,0,WD,Normal,178000,2369,234,2.0,7.5,16583,16583,81,16,81.0,0.0,0.0,8205,8205,1092.0,1638.0,Level_1
316,60,RL,71.0,7795,Pave,Not Applicable,IR1,Lvl,Inside,Gtl,Norm,1Fam,2Story,7,5,2004,Gable,CompShg,VinylSd,VinylSd,Not Applicable,0.0,Gd,TA,PConc,Gd,TA,No,GLQ,425,Unf,291,716,GasA,Ex,Y,SBrkr,716,716,0,1432,1,2,1,3,1,Gd,6,Typ,1,Gd,Attchd,Fin,2,432,TA,TA,Y,0,Not Applicable,0,WD,Normal,188500,2148,151,3.5,8.5,15036,10740,5,4,5.0,0.0,0.0,7160,5728,1296.0,1296.0,Level_3
317,60,RL,94.0,13005,Pave,Not Applicable,IR1,Lvl,Corner,Gtl,Norm,1Fam,2Story,7,7,1980,Gable,CompShg,CemntBd,CmentBd,BrkFace,278.0,Gd,TA,CBlock,Gd,TA,No,GLQ,692,Unf,153,845,GasA,TA,Y,SBrkr,1153,1200,0,2353,1,2,1,4,1,Ex,10,Typ,1,TA,Attchd,RFn,2,484,TA,TA,Y,0,GdPrv,0,WD,Normal,260000,3198,483,3.5,12.5,22386,22386,29,29,26.0,1112.0,834.0,7059,11765,1452.0,1452.0,Level_3
318,60,FV,75.0,9000,Pave,Not Applicable,Reg,Lvl,Inside,Gtl,Norm,1Fam,2Story,8,5,2006,Gable,CompShg,VinylSd,VinylSd,Not Applicable,0.0,Gd,TA,PConc,Gd,TA,Av,Unf,0,Unf,1088,1088,GasA,Ex,Y,SBrkr,1088,871,0,1959,0,2,1,3,1,Gd,8,Typ,1,Gd,Attchd,RFn,3,1025,TA,TA,Y,0,Not Applicable,0,WD,Normal,270000,3047,254,2.5,10.5,24376,15235,1,1,1.0,0.0,0.0,9795,7836,3075.0,3075.0,Level_4
319,60,RL,90.0,9900,Pave,Not Applicable,Reg,Other,Inside,Other,Norm,1Fam,2Story,7,5,1993,Gable,CompShg,HdBoard,HdBoard,BrkFace,256.0,Gd,TA,PConc,Gd,TA,Gd,GLQ,987,Unf,360,1347,GasA,Ex,Y,SBrkr,1372,1274,0,2646,1,2,1,4,1,Gd,9,Typ,1,TA,Attchd,RFn,3,656,TA,TA,Y,0,Not Applicable,0,WD,Normal,260000,3993,544,3.5,11.5,27951,19965,16,16,16.0,1024.0,768.0,13230,10584,1968.0,1968.0,Level_4
320,80,RL,69.0,14115,Pave,Not Applicable,Reg,Lvl,Inside,Gtl,Norm,1Fam,SLvl,7,5,1980,Gable,CompShg,Plywood,Plywood,BrkFace,225.0,TA,TA,CBlock,Gd,TA,Av,GLQ,1036,Unf,336,1372,GasA,TA,Y,SBrkr,1472,0,0,1472,1,2,0,3,1,TA,6,Typ,2,TA,Attchd,Unf,2,588,TA,TA,Y,0,Not Applicable,0,WD,Normal,187500,2844,281,3.0,8.0,19908,14220,29,29,29.0,675.0,675.0,4416,4416,1764.0,1764.0,Level_3
321,60,RL,111.0,16259,Pave,Not Applicable,Reg,Lvl,Corner,Gtl,Norm,1Fam,2Story,9,5,2006,Gable,CompShg,VinylSd,VinylSd,Stone,370.0,TA,TA,PConc,Ex,Other,Av,Unf,0,Unf,1249,1249,GasA,Ex,Y,SBrkr,1249,1347,0,2596,0,3,1,4,1,Gd,9,Typ,0,Not Applicable,Attchd,RFn,3,840,TA,TA,Y,0,Not Applicable,0,New,Partial,342643,3845,394,3.5,12.5,34605,19225,0,0,0.0,1110.0,1110.0,12980,10384,2520.0,2520.0,Level_4
322,60,RL,99.0,12099,Pave,Not Applicable,IR1,Lvl,Inside,Gtl,Norm,1Fam,2Story,8,5,2004,Gable,CompShg,VinylSd,VinylSd,BrkFace,388.0,Gd,TA,PConc,Ex,TA,Av,GLQ,970,Unf,166,1136,GasA,Ex,Y,SBrkr,1136,1332,0,2468,1,2,1,4,1,Gd,10,Typ,1,Gd,BuiltIn,Fin,3,872,TA,TA,Y,0,Not Applicable,0,WD,Normal,354000,3604,338,3.5,12.5,28832,18020,3,3,3.0,1552.0,1164.0,12340,9872,2616.0,2616.0,Level_4
323,60,RL,86.0,10380,Pave,Not Applicable,IR1,Lvl,Inside,Gtl,Norm,1Fam,2Story,7,5,1986,Gable,CompShg,Plywood,Plywood,BrkFace,172.0,Gd,TA,CBlock,TA,TA,Gd,LwQ,28,Other,0,1502,GasA,Ex,Y,SBrkr,1553,1177,0,2730,1,2,1,4,1,Gd,8,Typ,1,TA,Attchd,Fin,2,576,TA,TA,Y,0,MnPrv,0,WD,Normal,301000,4232,297,3.5,10.5,29624,21160,21,20,20.0,688.0,516.0,13650,10920,1728.0,1728.0,Level_3
324,20,RM,49.0,5820,Pave,Not Applicable,Reg,Lvl,Inside,Gtl,Norm,1Fam,1Story,3,8,1955,Gable,CompShg,VinylSd,VinylSd,Not Applicable,0.0,TA,Gd,CBlock,TA,TA,No,ALQ,256,Unf,906,1162,GasA,Ex,Y,SBrkr,1163,0,0,1163,1,1,0,3,1,TA,6,Typ,0,Not Applicable,Attchd,Unf,1,220,Other,TA,Y,0,Not Applicable,0,WD,Normal,126175,2325,240,2.0,7.0,6975,18600,51,1,51.0,0.0,0.0,5815,3489,440.0,660.0,Level_1
325,80,RL,96.0,11275,Pave,Not Applicable,Reg,Lvl,Corner,Gtl,Other,1Fam,SLvl,7,7,1967,Other,Other,Wd Sdng,Wd Sdng,BrkFace,300.0,Gd,Gd,CBlock,Gd,TA,No,Unf,0,Unf,710,710,GasA,Ex,Y,SBrkr,1898,1080,0,2978,0,2,1,5,1,Gd,11,Typ,1,Gd,BuiltIn,Fin,2,564,TA,TA,Y,0,Not Applicable,0,WD,Normal,242000,3688,240,2.5,13.5,25816,25816,43,3,49.0,1200.0,1200.0,14890,11912,1692.0,1692.0,Level_2
326,45,RM,50.0,5000,Pave,Not Applicable,Reg,Lvl,Inside,Gtl,Other,1Fam,1.5Unf,5,6,1941,Gable,CompShg,MetalSd,MetalSd,Not Applicable,0.0,TA,TA,CBlock,TA,TA,Av,BLQ,116,Unf,604,720,GasA,Po,N,FuseF,803,0,0,803,0,1,0,2,1,TA,5,Typ,0,Not Applicable,Detchd,Unf,2,360,TA,TA,Y,0,Not Applicable,0,WD,Normal,87000,1523,244,1.0,6.0,7615,9138,66,57,66.0,0.0,0.0,803,2409,1080.0,1080.0,Level_1
327,120,RL,32.0,10846,Pave,Not Applicable,IR1,Lvl,CulDSac,Gtl,Norm,TwnhsE,1Story,8,5,1993,Gable,CompShg,BrkFace,BrkFace,Not Applicable,0.0,Gd,TA,PConc,Gd,TA,Gd,GLQ,1619,Unf,100,1719,GasA,Ex,Y,SBrkr,1719,0,0,1719,2,1,1,1,1,Gd,6,Typ,2,Gd,Attchd,Fin,2,473,TA,TA,Y,0,Not Applicable,0,Con,Normal,324000,3438,152,3.5,7.5,27504,17190,15,15,15.0,0.0,0.0,8595,6876,1419.0,1419.0,Level_4
328,20,RL,80.0,11600,Pave,Not Applicable,Reg,Lvl,Inside,Gtl,Norm,1Fam,1Story,6,5,1960,Other,CompShg,Wd Sdng,Wd Sdng,BrkFace,175.0,TA,TA,CBlock,TA,TA,No,Rec,565,Unf,818,1383,GasA,TA,Y,SBrkr,1383,0,0,1383,0,1,1,3,1,TA,7,Typ,0,Not Applicable,Attchd,RFn,1,292,TA,TA,Y,0,Not Applicable,0,WD,Normal,145250,2766,45,1.5,8.5,16596,13830,46,46,46.0,525.0,525.0,4149,4149,876.0,876.0,Level_2
329,75,RL,69.0,11888,Pave,Pave,IR1,Other,Inside,Gtl,Other,1Fam,2.5Unf,6,6,1916,Gable,CompShg,Wd Sdng,Wd Shng,Not Applicable,0.0,TA,TA,BrkTil,TA,TA,No,Unf,0,Unf,844,844,GasA,Gd,N,FuseA,1445,689,0,2134,0,2,0,5,1,Gd,10,Typ,0,Not Applicable,Detchd,Unf,2,441,TA,TA,Y,0,Not Applicable,0,WD,Normal,214500,2978,328,2.0,12.0,17868,17868,93,15,79.0,0.0,0.0,8536,8536,1323.0,1323.0,Level_1
330,70,RM,60.0,6402,Pave,Not Applicable,Reg,Lvl,Corner,Gtl,Norm,1Fam,2Story,5,5,1920,Gable,CompShg,Wd Sdng,Wd Shng,Not Applicable,0.0,TA,TA,PConc,TA,TA,Mn,Unf,0,Unf,596,596,GasA,TA,N,SBrkr,596,596,0,1192,0,1,0,3,1,TA,6,Typ,0,Not Applicable,Detchd,Unf,1,189,Other,Other,N,0,GdWo,0,WD,Normal,78000,1788,137,1.0,7.0,8940,8940,89,59,89.0,0.0,0.0,3576,3576,378.0,378.0,Level_1
331,90,RL,69.0,10624,Pave,Not Applicable,IR1,Lvl,Inside,Gtl,Norm,Duplex,1Story,5,4,1964,Gable,CompShg,HdBoard,HdBoard,BrkFace,84.0,TA,TA,CBlock,TA,TA,No,GLQ,40,Other,1424,1728,GasA,TA,Y,SBrkr,1728,0,0,1728,0,2,0,6,2,TA,10,Typ,0,Not Applicable,Detchd,Unf,1,352,TA,TA,Y,0,Not Applicable,0,WD,Normal,119000,3456,155,2.5,12.0,17280,13824,43,43,5.0,252.0,252.0,5184,5184,1056.0,1056.0,Level_2
332,20,RL,70.0,8176,Pave,Not Applicable,Reg,Lvl,Inside,Gtl,Norm,1Fam,1Story,5,6,1958,Gable,CompShg,Wd Sdng,Wd Sdng,Not Applicable,0.0,TA,TA,CBlock,TA,TA,No,Rec,846,Unf,210,1056,GasA,Fa,Y,SBrkr,1056,0,0,1056,1,1,0,3,1,TA,6,Typ,0,Not Applicable,Attchd,RFn,1,308,TA,TA,Y,0,Not Applicable,0,WD,Normal,139000,2112,0,2.0,7.0,10560,12672,49,15,49.0,0.0,0.0,2112,3168,924.0,924.0,Level_2
333,20,RL,85.0,10655,Pave,Not Applicable,IR1,Lvl,Inside,Gtl,Norm,1Fam,1Story,8,5,2003,Gable,CompShg,VinylSd,VinylSd,BrkFace,296.0,Gd,TA,PConc,Gd,TA,No,GLQ,1124,Other,1603,3206,GasA,Ex,Y,SBrkr,1629,0,0,1629,1,2,0,3,1,Gd,7,Typ,1,Gd,Attchd,RFn,3,880,TA,TA,Y,0,Not Applicable,0,WD,Normal,284000,4835,0,3.0,9.0,38680,24175,6,5,6.0,1184.0,888.0,8145,6516,2640.0,2640.0,Level_4
334,120,RM,59.0,8198,Pave,Not Applicable,Reg,Lvl,FR3,Gtl,Norm,TwnhsE,1Story,7,5,2004,Gable,CompShg,VinylSd,VinylSd,Stone,146.0,Gd,TA,PConc,Gd,TA,Av,GLQ,720,Unf,638,1358,GasA,Ex,Y,SBrkr,1358,0,0,1358,1,2,0,2,1,Gd,6,Typ,1,Gd,Attchd,RFn,2,484,TA,TA,Y,0,Not Applicable,0,WD,Normal,207000,2716,222,3.0,8.0,19012,13580,4,4,4.0,584.0,438.0,6790,5432,1452.0,1452.0,Level_4
335,60,RL,59.0,9042,Pave,Not Applicable,IR1,Lvl,Inside,Gtl,Norm,1Fam,2Story,6,5,1998,Gable,CompShg,VinylSd,VinylSd,Not Applicable,0.0,TA,TA,PConc,Gd,TA,Gd,GLQ,828,Unf,115,943,GasA,Gd,Y,SBrkr,943,695,0,1638,1,2,1,3,1,TA,7,Typ,2,TA,Attchd,Fin,2,472,TA,TA,Y,0,Not Applicable,0,WD,Normal,192000,2581,138,3.5,9.5,15486,12905,10,10,10.0,0.0,0.0,6552,4914,1416.0,1416.0,Level_3
336,190,RL,69.0,164660,Grvl,Not Applicable,IR1,Other,Corner,Other,Norm,2fmCon,1.5Fin,5,6,1965,Gable,CompShg,Plywood,Plywood,Not Applicable,0.0,TA,TA,CBlock,TA,TA,Gd,ALQ,1249,Other,103,1499,GasA,Ex,Y,SBrkr,1619,167,0,1786,2,2,0,3,1,TA,7,Typ,2,Gd,Attchd,Fin,2,529,TA,TA,Y,0,Not Applicable,700,WD,Normal,228950,3285,670,4.0,9.0,16425,19710,43,43,43.0,0.0,0.0,8930,5358,1587.0,1587.0,Level_4
337,20,RL,86.0,14157,Pave,Not Applicable,IR1,Other,Corner,Gtl,Norm,1Fam,1Story,9,5,2005,Other,CompShg,VinylSd,VinylSd,Stone,200.0,Gd,TA,PConc,Ex,TA,Gd,GLQ,1249,Unf,673,1922,GasA,Ex,Y,SBrkr,1922,0,0,1922,1,2,0,3,1,Gd,8,Typ,1,Gd,Attchd,Fin,3,676,TA,TA,Y,0,Not Applicable,0,WD,Normal,377426,3844,229,3.0,10.0,34596,19220,2,1,2.0,800.0,600.0,9610,7688,2028.0,2028.0,Level_4
338,20,RL,70.0,9135,Pave,Not Applicable,Reg,Lvl,Inside,Gtl,Norm,1Fam,1Story,7,5,2002,Gable,CompShg,VinylSd,VinylSd,BrkFace,113.0,Gd,TA,PConc,Gd,TA,Av,GLQ,810,Unf,726,1536,GasA,Ex,Y,SBrkr,1536,0,0,1536,1,2,0,3,1,Gd,7,Typ,0,Not Applicable,Attchd,RFn,2,532,TA,TA,Y,0,Not Applicable,0,WD,Normal,214000,3072,266,3.0,9.0,21504,15360,6,5,6.0,452.0,339.0,7680,6144,1596.0,1596.0,Level_3
339,20,RL,91.0,14145,Pave,Not Applicable,Reg,Lvl,Corner,Gtl,Norm,1Fam,1Story,7,7,1984,Gable,CompShg,Wd Sdng,Wd Sdng,Not Applicable,0.0,Gd,TA,CBlock,Gd,TA,Mn,ALQ,213,Unf,995,1208,GasA,Ex,Y,SBrkr,1621,0,0,1621,1,2,0,3,1,Gd,8,Typ,0,Not Applicable,Attchd,RFn,2,440,TA,TA,Y,0,Not Applicable,400,WD,Normal,202500,2829,153,3.0,10.0,19803,19803,22,8,22.0,0.0,0.0,8105,6484,1320.0,1320.0,Level_3
340,20,RL,66.0,12400,Pave,Not Applicable,IR1,Lvl,Inside,Gtl,Other,1Fam,1Story,6,7,1958,Other,CompShg,Wd Sdng,Wd Sdng,BrkFace,176.0,TA,TA,CBlock,TA,Other,No,Rec,585,Unf,630,1215,GasA,TA,Y,FuseA,1215,0,0,1215,0,1,0,3,1,TA,6,Typ,0,Not Applicable,Attchd,Unf,1,297,TA,TA,Y,0,Not Applicable,0,WD,Normal,155000,2430,234,1.0,7.0,14580,17010,51,11,51.0,528.0,528.0,3645,3645,891.0,891.0,Level_2
341,60,RL,85.0,14191,Pave,Not Applicable,Reg,Lvl,Inside,Gtl,Norm,1Fam,2Story,8,5,2002,Gable,CompShg,VinylSd,VinylSd,Not Applicable,0.0,Gd,TA,PConc,Gd,TA,No,Unf,0,Unf,967,967,GasA,Ex,Y,SBrkr,993,915,0,1908,0,2,1,4,1,Gd,9,Typ,0,Not Applicable,Attchd,Fin,2,431,TA,TA,Y,0,Not Applicable,0,WD,Normal,202900,2875,135,2.5,11.5,23000,14375,8,8,8.0,0.0,0.0,9540,7632,1293.0,1293.0,Level_4
342,20,RH,60.0,8400,Pave,Not Applicable,Reg,Lvl,Inside,Gtl,Other,1Fam,1Story,4,4,1950,Gable,CompShg,Wd Sdng,AsbShng,Not Applicable,0.0,Fa,Fa,CBlock,TA,Other,No,Unf,0,Unf,721,721,GasA,Gd,Y,SBrkr,841,0,0,841,0,1,0,2,1,TA,4,Typ,0,Not Applicable,CarPort,Unf,1,294,TA,TA,N,0,Not Applicable,0,WD,Normal,82000,1562,274,1.0,5.0,6248,6248,59,59,59.0,0.0,0.0,3364,2523,882.0,882.0,Level_3
343,90,RL,69.0,8544,Pave,Not Applicable,Reg,Lvl,Inside,Gtl,Norm,Duplex,1Story,3,4,1949,Gable,CompShg,Stucco,Stucco,BrkFace,340.0,TA,TA,Slab,Not Applicable,Other,Not Applicable,Not Applicable,0,Other,0,0,Other,Fa,N,FuseA,1040,0,0,1040,0,2,0,2,2,TA,6,Typ,0,Not Applicable,Detchd,Unf,2,400,TA,TA,Y,0,Not Applicable,0,WD,Normal,87500,1040,0,2.0,8.0,3120,4160,57,56,57.0,1020.0,1020.0,2080,3120,1200.0,1200.0,Level_2
344,120,RL,63.0,8849,Pave,Not Applicable,IR1,Lvl,Inside,Gtl,Norm,TwnhsE,1Story,9,5,2005,Other,CompShg,MetalSd,MetalSd,BrkFace,616.0,Ex,TA,PConc,Ex,TA,No,GLQ,28,Unf,1656,1684,GasA,Ex,Y,SBrkr,1684,0,0,1684,0,2,0,2,1,Ex,6,Typ,1,Ex,Attchd,RFn,2,564,TA,TA,Y,0,Not Applicable,0,WD,Normal,266000,3368,567,2.0,8.0,30312,16840,3,3,3.0,3080.0,1848.0,8420,8420,1692.0,1692.0,Level_4
345,160,RM,36.0,2592,Pave,Not Applicable,Reg,Lvl,Inside,Gtl,Norm,TwnhsE,2Story,5,3,1976,Gable,CompShg,CemntBd,CmentBd,Not Applicable,0.0,TA,TA,CBlock,Gd,TA,No,Rec,129,Other,175,536,GasA,TA,Y,SBrkr,536,576,0,1112,0,1,1,3,1,TA,4,Typ,0,Not Applicable,Attchd,Unf,1,336,TA,TA,Y,0,Not Applicable,0,WD,Normal,85000,1648,182,1.5,5.5,8240,4944,34,34,34.0,0.0,0.0,3336,3336,1008.0,1008.0,Level_1
346,50,RL,65.0,6435,Pave,Not Applicable,Reg,Lvl,Inside,Gtl,Other,1Fam,1.5Fin,6,5,1939,Gable,CompShg,MetalSd,MetalSd,Not Applicable,0.0,TA,TA,BrkTil,TA,TA,No,Unf,0,Unf,972,972,GasA,Gd,Y,SBrkr,972,605,0,1577,0,1,0,3,1,Fa,6,Typ,1,Gd,Detchd,Unf,1,312,TA,TA,Y,0,Not Applicable,0,WD,Normal,140200,2549,0,1.0,7.0,15294,12745,67,56,67.0,0.0,0.0,6308,3154,936.0,936.0,Level_1
347,20,RL,69.0,12772,Pave,Not Applicable,IR1,Lvl,CulDSac,Gtl,Norm,1Fam,1Story,6,8,1960,Other,CompShg,MetalSd,MetalSd,Not Applicable,0.0,TA,Gd,CBlock,TA,TA,Mn,BLQ,498,Unf,460,958,GasA,TA,Y,SBrkr,958,0,0,958,0,1,0,2,1,TA,5,Typ,0,Not Applicable,Attchd,RFn,1,301,TA,TA,Y,0,Not Applicable,15500,WD,Normal,151500,1916,0,1.0,6.0,11496,15328,47,9,47.0,0.0,0.0,2874,2874,903.0,903.0,Level_2
348,20,RL,69.0,17600,Pave,Not Applicable,IR1,Lvl,Inside,Gtl,Norm,1Fam,1Story,6,5,1960,Gable,CompShg,Wd Sdng,Wd Sdng,BrkFace,30.0,TA,TA,CBlock,TA,TA,No,BLQ,1270,Unf,208,1478,GasA,Ex,Y,FuseA,1478,0,0,1478,1,2,0,3,1,TA,6,Typ,2,Gd,Attchd,Unf,2,498,TA,TA,Y,0,Not Applicable,0,WD,Normal,157500,2956,40,3.0,8.0,17736,14780,49,49,49.0,90.0,90.0,7390,4434,1494.0,1494.0,Level_2
349,160,RL,36.0,2448,Pave,Not Applicable,Reg,Lvl,Inside,Gtl,Norm,Twnhs,2Story,7,5,2003,Gable,CompShg,VinylSd,Wd Shng,Stone,106.0,Gd,TA,PConc,Gd,TA,No,GLQ,573,Unf,191,764,GasA,Ex,Y,SBrkr,764,862,0,1626,1,2,1,2,1,Gd,6,Typ,0,Not Applicable,BuiltIn,RFn,2,474,TA,TA,Y,0,Not Applicable,0,WD,Normal,154000,2390,27,3.5,8.5,16730,11950,5,4,5.0,424.0,318.0,8130,6504,1422.0,1422.0,Level_4
350,60,RL,56.0,20431,Pave,Not Applicable,IR2,Lvl,Inside,Gtl,Norm,1Fam,2Story,9,5,2005,Other,CompShg,CemntBd,CmentBd,BrkFace,870.0,Ex,TA,PConc,Ex,TA,No,GLQ,1410,Unf,438,1848,GasA,Ex,Y,SBrkr,1848,880,0,2728,1,2,1,4,1,Ex,10,Typ,2,Ex,Attchd,Fin,3,706,TA,TA,Y,0,Not Applicable,0,New,Partial,437154,4576,0,3.5,12.5,41184,22880,1,0,0.0,4350.0,2610.0,13640,13640,2118.0,2118.0,Level_4
351,120,RL,68.0,7820,Pave,Not Applicable,IR1,Lvl,Inside,Gtl,Norm,TwnhsE,1Story,9,5,2007,Other,CompShg,MetalSd,MetalSd,BrkFace,362.0,Ex,TA,PConc,Ex,TA,No,Unf,0,Unf,1869,1869,GasA,Ex,Y,SBrkr,1869,0,0,1869,0,2,0,2,1,Ex,6,Typ,1,Gd,Attchd,RFn,2,617,TA,TA,Y,0,Not Applicable,0,New,Partial,318061,3738,264,2.0,8.0,33642,18690,0,0,0.0,1810.0,1086.0,9345,9345,1851.0,1851.0,Level_4
352,120,RL,69.0,5271,Pave,Not Applicable,IR1,Other,Inside,Other,Norm,1Fam,1Story,7,5,1986,Gable,CompShg,Wd Sdng,Wd Sdng,Not Applicable,0.0,TA,TA,PConc,Gd,TA,Gd,GLQ,1082,Unf,371,1453,GasA,Gd,Y,SBrkr,1453,0,0,1453,1,1,1,2,1,Gd,6,Typ,1,TA,Attchd,RFn,2,445,TA,TA,Y,0,Not Applicable,0,WD,Abnorml,190000,2906,264,2.5,7.5,20342,14530,20,20,20.0,0.0,0.0,5812,5812,1335.0,1335.0,Level_3
353,50,RL,60.0,9084,Pave,Not Applicable,Reg,Lvl,Inside,Gtl,Other,1Fam,1.5Fin,5,6,1941,Gable,CompShg,VinylSd,VinylSd,Not Applicable,0.0,TA,TA,CBlock,TA,Other,Mn,LwQ,236,Other,0,616,GasA,TA,N,SBrkr,616,495,0,1111,0,1,0,3,1,TA,5,Typ,0,Not Applicable,Detchd,Unf,1,200,TA,Other,Y,0,Not Applicable,0,ConLw,Normal,95000,1727,48,1.5,6.0,8635,10362,67,58,67.0,0.0,0.0,3333,3333,600.0,400.0,Level_1
354,30,RM,60.0,8520,Pave,Not Applicable,Reg,Lvl,Inside,Gtl,Norm,1Fam,1Story,6,8,1928,Gable,CompShg,VinylSd,VinylSd,Not Applicable,0.0,TA,Gd,BrkTil,TA,TA,No,Unf,0,Unf,624,624,GasA,Gd,Y,SBrkr,720,0,0,720,0,1,0,2,1,TA,5,Typ,0,Not Applicable,Detchd,Unf,2,484,TA,TA,Y,0,Not Applicable,0,WD,Normal,105900,1344,106,1.0,6.0,8064,10752,82,7,5.0,0.0,0.0,2880,2160,1452.0,1452.0,Level_1
355,50,RL,60.0,8400,Pave,Not Applicable,Reg,Other,Inside,Gtl,Norm,1Fam,1.5Fin,6,5,1940,Gable,CompShg,Wd Sdng,MetalSd,Not Applicable,0.0,TA,TA,CBlock,TA,TA,No,LwQ,388,Unf,552,940,GasA,Ex,Y,SBrkr,1192,403,0,1595,0,1,0,2,1,TA,6,Typ,2,Gd,Attchd,Unf,1,240,TA,TA,Y,0,Not Applicable,0,WD,Normal,140000,2535,108,1.0,7.0,15210,12675,66,6,66.0,0.0,0.0,7975,4785,720.0,720.0,Level_2
356,20,RL,105.0,11249,Pave,Not Applicable,IR2,Lvl,Inside,Gtl,Norm,1Fam,1Story,6,5,1995,Gable,CompShg,VinylSd,VinylSd,Not Applicable,0.0,Gd,Gd,PConc,Gd,Other,No,ALQ,334,Other,322,1200,GasA,Ex,Y,SBrkr,1200,0,0,1200,1,2,0,3,1,Gd,6,Typ,0,Not Applicable,Attchd,RFn,2,521,TA,TA,Y,0,Not Applicable,0,WD,Normal,177500,2400,26,3.0,8.0,14400,12000,12,12,12.0,0.0,0.0,6000,4800,1563.0,1563.0,Level_3
357,20,RL,69.0,9248,Pave,Not Applicable,IR1,Lvl,Inside,Gtl,Norm,1Fam,1Story,6,6,1992,Gable,CompShg,HdBoard,HdBoard,BrkFace,106.0,TA,TA,PConc,Gd,TA,No,GLQ,560,Unf,598,1158,GasA,Gd,Y,SBrkr,1167,0,0,1167,1,2,0,3,1,Gd,6,Typ,0,Not Applicable,Attchd,RFn,2,400,TA,TA,Y,0,Not Applicable,0,WD,Normal,173000,2325,146,3.0,8.0,13950,13950,17,17,17.0,318.0,318.0,4668,4668,1200.0,1200.0,Level_3
358,120,RM,44.0,4224,Pave,Not Applicable,Reg,Lvl,Inside,Gtl,Norm,TwnhsE,1Story,5,5,1976,Gable,CompShg,CemntBd,CmentBd,Not Applicable,0.0,TA,TA,PConc,Gd,TA,No,ALQ,874,Unf,268,1142,GasA,TA,Y,SBrkr,1142,0,0,1142,1,1,1,3,1,TA,6,Typ,1,Po,Attchd,Fin,2,528,TA,TA,Y,0,MnPrv,0,WD,Normal,134000,2284,626,2.5,7.5,11420,11420,31,31,31.0,0.0,0.0,3426,3426,1584.0,1584.0,Level_1
359,80,RL,92.0,6930,Pave,Not Applicable,IR1,Lvl,Inside,Gtl,Norm,1Fam,SLvl,5,4,1958,Other,CompShg,Wd Sdng,ImStucc,BrkFace,120.0,TA,TA,CBlock,TA,TA,Av,BLQ,300,Other,468,1062,GasA,Ex,Y,FuseF,1352,0,0,1352,0,1,0,3,1,Gd,6,Other,0,Not Applicable,BuiltIn,Unf,1,288,TA,TA,Y,0,Not Applicable,0,WD,Abnorml,130000,2414,462,1.5,7.0,12070,9656,48,48,48.0,360.0,360.0,6760,5408,864.0,864.0,Level_3
360,60,RL,78.0,12011,Pave,Not Applicable,IR1,Lvl,CulDSac,Gtl,Norm,1Fam,2Story,8,5,1998,Gable,CompShg,VinylSd,VinylSd,BrkFace,530.0,Gd,TA,PConc,Gd,TA,Av,GLQ,956,Unf,130,1086,GasA,Ex,Y,SBrkr,1086,838,0,1924,1,2,1,3,1,Gd,7,Typ,1,TA,Attchd,RFn,2,592,TA,TA,Y,0,Not Applicable,0,WD,Normal,280000,3010,657,3.5,9.5,24080,15050,8,8,8.0,2120.0,1590.0,9620,7696,1776.0,1776.0,Level_4
361,85,RL,69.0,7540,Pave,Not Applicable,IR1,Lvl,CulDSac,Gtl,Norm,1Fam,SFoyer,6,6,1978,Gable,CompShg,VinylSd,VinylSd,Not Applicable,0.0,TA,TA,CBlock,Gd,TA,Av,GLQ,773,Unf,115,888,GasA,Ex,Y,SBrkr,912,0,0,912,1,1,0,2,1,TA,5,Typ,1,TA,Attchd,RFn,2,470,TA,TA,Y,0,MnPrv,0,WD,Normal,156000,1800,192,2.0,6.0,10800,10800,29,29,29.0,0.0,0.0,4560,2736,1410.0,1410.0,Level_2
362,50,RL,69.0,9144,Pave,Pave,Reg,Lvl,Inside,Gtl,Norm,1Fam,1.5Fin,5,5,1940,Gable,CompShg,MetalSd,MetalSd,Not Applicable,0.0,TA,TA,CBlock,TA,TA,No,Rec,399,Unf,484,883,GasA,Gd,Y,SBrkr,988,517,0,1505,1,1,0,3,1,TA,8,Typ,0,Not Applicable,Detchd,Unf,1,240,TA,TA,N,0,Not Applicable,0,WD,Normal,145000,2388,0,2.0,9.0,11940,11940,68,26,68.0,0.0,0.0,6020,4515,720.0,720.0,Level_1
363,85,RL,64.0,7301,Pave,Not Applicable,Reg,Lvl,Corner,Gtl,Norm,1Fam,SFoyer,7,5,2003,Gable,CompShg,HdBoard,HdBoard,BrkFace,500.0,Gd,TA,Slab,Not Applicable,Other,Not Applicable,Not Applicable,0,Other,0,0,GasA,Ex,Y,SBrkr,495,1427,0,1922,0,3,0,4,1,Gd,7,Typ,1,Ex,BuiltIn,RFn,2,672,TA,TA,Y,0,Not Applicable,0,ConLD,Normal,198500,1922,177,3.0,10.0,13454,9610,6,6,6.0,2000.0,1500.0,9610,7688,2016.0,2016.0,Level_1
364,160,RM,21.0,1680,Pave,Not Applicable,Reg,Lvl,Inside,Gtl,Norm,Twnhs,2Story,6,8,1972,Gable,CompShg,HdBoard,HdBoard,BrkFace,510.0,TA,TA,CBlock,TA,TA,No,ALQ,162,Unf,321,483,GasA,Gd,Y,SBrkr,483,504,0,987,0,1,1,2,1,Gd,5,Typ,0,Not Applicable,Detchd,Unf,1,264,TA,TA,Y,0,Not Applicable,0,WD,Normal,118000,1470,250,1.5,6.5,8820,11760,37,2,37.0,1530.0,1530.0,3948,3948,792.0,792.0,Level_1
365,60,RL,69.0,18800,Pave,Not Applicable,IR1,Lvl,FR2,Gtl,Norm,1Fam,2Story,6,5,1976,Gable,CompShg,HdBoard,HdBoard,BrkFace,120.0,TA,TA,PConc,Gd,TA,Mn,GLQ,712,Unf,84,796,GasA,TA,Y,SBrkr,790,784,0,1574,1,2,1,3,1,TA,6,Typ,1,TA,Attchd,Fin,2,566,TA,TA,Y,0,Not Applicable,0,WD,Normal,190000,2370,417,3.5,8.5,14220,11850,30,30,30.0,360.0,360.0,4722,4722,1698.0,1698.0,Level_3
366,70,RM,59.0,10690,Pave,Not Applicable,Reg,Lvl,Inside,Gtl,Norm,1Fam,2Story,5,7,1920,Other,CompShg,VinylSd,VinylSd,Not Applicable,0.0,TA,Gd,CBlock,TA,Other,No,Rec,456,Unf,216,672,GasA,Gd,Y,FuseA,672,672,0,1344,0,1,0,3,1,TA,6,Typ,0,Not Applicable,Detchd,Unf,1,468,TA,Other,Y,0,Not Applicable,0,WD,Normal,147000,2016,346,1.0,7.0,10080,14112,89,12,45.0,0.0,0.0,5376,4032,1404.0,936.0,Level_1
367,20,RL,69.0,9500,Pave,Not Applicable,IR1,Lvl,Inside,Gtl,Norm,1Fam,1Story,6,5,1963,Gable,CompShg,Plywood,Plywood,BrkFace,247.0,TA,TA,CBlock,Gd,TA,No,BLQ,609,Unf,785,1394,GasA,Gd,Y,SBrkr,1394,0,0,1394,1,1,1,3,1,TA,6,Typ,2,Gd,Attchd,RFn,2,514,TA,TA,Y,0,Not Applicable,0,WD,Normal,159000,2788,261,2.5,7.5,16728,13940,46,46,46.0,741.0,741.0,5576,4182,1542.0,1542.0,Level_2
368,80,RL,101.0,9150,Pave,Not Applicable,IR1,Lvl,Corner,Gtl,Norm,1Fam,SLvl,6,5,1962,Gable,Other,Plywood,Plywood,BrkFace,305.0,TA,TA,CBlock,Gd,TA,Gd,GLQ,371,Unf,728,1099,GasA,Gd,Y,SBrkr,1431,0,0,1431,0,1,0,3,1,TA,6,Typ,1,Gd,Basment,RFn,1,296,TA,TA,Y,0,Not Applicable,0,WD,Normal,165000,2530,174,1.5,7.0,15180,12650,46,46,46.0,915.0,915.0,5724,4293,888.0,888.0,Level_2
369,20,RL,78.0,7800,Pave,Not Applicable,Reg,Lvl,Inside,Gtl,Norm,1Fam,1Story,5,6,1954,Gable,CompShg,HdBoard,HdBoard,BrkFace,200.0,TA,TA,PConc,TA,TA,No,LwQ,540,Unf,728,1268,GasA,Gd,Y,SBrkr,1268,0,0,1268,0,1,0,2,1,TA,7,Typ,1,Gd,Attchd,Fin,1,244,TA,TA,Y,0,Not Applicable,0,WD,Normal,132000,2536,98,1.0,8.0,12680,15216,56,56,56.0,600.0,600.0,5072,3804,732.0,732.0,Level_2
370,20,RL,69.0,9830,Pave,Not Applicable,IR1,Lvl,Corner,Gtl,Norm,1Fam,1Story,5,7,1959,Gable,CompShg,Wd Sdng,Wd Sdng,Not Applicable,0.0,TA,Gd,CBlock,TA,TA,No,ALQ,72,Other,733,1063,GasA,Ex,Y,SBrkr,1287,0,0,1287,1,1,0,3,1,Gd,7,Typ,1,Gd,Detchd,Fin,2,576,TA,TA,Y,0,Not Applicable,0,WD,Normal,162000,2350,563,2.0,8.0,11750,16450,51,4,13.0,0.0,0.0,6435,5148,1728.0,1728.0,Level_2
371,60,RL,69.0,8121,Pave,Not Applicable,IR1,Lvl,Inside,Gtl,Norm,1Fam,2Story,6,5,2000,Gable,CompShg,VinylSd,VinylSd,Not Applicable,0.0,TA,TA,PConc,Gd,TA,No,Unf,0,Unf,953,953,GasA,Ex,Y,SBrkr,953,711,0,1664,0,2,1,3,1,TA,7,Typ,1,TA,Attchd,RFn,2,460,TA,TA,Y,0,Not Applicable,0,WD,Normal,172400,2617,140,2.5,9.5,15702,13085,6,6,6.0,0.0,0.0,8320,4992,1380.0,1380.0,Level_3
372,50,RL,80.0,17120,Pave,Not Applicable,Reg,Lvl,Inside,Gtl,Other,1Fam,1.5Fin,4,4,1959,Gable,CompShg,WdShing,Plywood,Not Applicable,0.0,TA,TA,CBlock,Not Applicable,Other,Not Applicable,Not Applicable,0,Other,0,0,GasA,TA,Y,SBrkr,1120,468,0,1588,0,2,0,4,1,TA,7,Other,1,Gd,Detchd,Fin,2,680,TA,TA,N,0,Not Applicable,0,WD,Normal,134432,1588,59,2.0,9.0,6352,6352,49,49,17.0,0.0,0.0,4764,4764,2040.0,2040.0,Level_3
373,120,RL,50.0,7175,Pave,Not Applicable,Reg,Lvl,Inside,Gtl,Norm,TwnhsE,1Story,6,5,1984,Gable,CompShg,Plywood,Plywood,Not Applicable,0.0,TA,TA,CBlock,Gd,TA,No,ALQ,623,Other,0,744,GasA,TA,Y,SBrkr,752,0,0,752,1,1,0,2,1,TA,4,Typ,0,Not Applicable,Attchd,Unf,1,264,TA,TA,Y,0,MnPrv,0,WD,Normal,125000,1496,443,2.0,5.0,8976,7480,26,26,26.0,0.0,0.0,2256,2256,792.0,792.0,Level_3
374,20,RL,79.0,10634,Pave,Not Applicable,Reg,Lvl,Inside,Gtl,Norm,1Fam,1Story,5,6,1953,Gable,CompShg,MetalSd,MetalSd,Not Applicable,0.0,TA,TA,PConc,TA,TA,No,BLQ,428,Other,0,608,GasA,TA,Y,SBrkr,1319,0,0,1319,1,1,0,3,1,TA,5,Other,0,Not Applicable,Attchd,Unf,1,270,TA,TA,Y,0,GdWo,0,WD,Normal,123000,1927,66,2.0,6.0,9635,11562,56,56,56.0,0.0,0.0,3957,3957,810.0,810.0,Level_2
375,60,RL,65.0,8200,Pave,Not Applicable,Reg,Lvl,Inside,Gtl,Norm,1Fam,2Story,7,5,2003,Gable,CompShg,VinylSd,VinylSd,Not Applicable,0.0,Gd,TA,PConc,Gd,TA,No,Unf,0,Unf,847,847,GasA,Ex,Y,SBrkr,847,1081,0,1928,0,2,1,4,1,Gd,8,Typ,1,Gd,BuiltIn,Fin,2,434,TA,TA,Y,0,Not Applicable,0,WD,Normal,219500,2775,148,2.5,10.5,19425,13875,4,3,4.0,0.0,0.0,9640,7712,1302.0,1302.0,Level_3
376,30,RL,69.0,10020,Pave,Not Applicable,IR1,Other,Inside,Other,Norm,1Fam,1Story,1,1,1922,Gable,CompShg,Wd Sdng,Wd Sdng,Not Applicable,0.0,Fa,Fa,BrkTil,Fa,Other,Gd,BLQ,350,Unf,333,683,GasA,Gd,N,FuseA,904,0,0,904,1,0,1,1,1,Fa,4,Other,0,Not Applicable,Not Applicable,Not Applicable,0,0,Other,Other,Y,0,Not Applicable,0,WD,Normal,61000,1587,0,1.5,4.5,1587,1587,87,59,29.0,0.0,0.0,3616,1808,,,Level_1
377,85,RL,57.0,8846,Pave,Not Applicable,IR1,Lvl,CulDSac,Gtl,Norm,1Fam,SFoyer,5,5,1996,Gable,CompShg,VinylSd,VinylSd,Not Applicable,0.0,Gd,TA,PConc,Gd,TA,Av,GLQ,298,Unf,572,870,GasA,Ex,Y,SBrkr,914,0,0,914,0,1,0,2,1,TA,5,Typ,0,Not Applicable,Detchd,Unf,2,576,TA,TA,Y,0,Not Applicable,0,WD,Normal,148000,1784,0,1.0,6.0,8920,8920,10,10,8.0,0.0,0.0,4570,2742,1728.0,1728.0,Level_3
378,60,FV,102.0,11143,Pave,Not Applicable,IR1,Lvl,Corner,Gtl,Norm,1Fam,2Story,8,5,2004,Gable,CompShg,CemntBd,CmentBd,Not Applicable,0.0,Gd,TA,PConc,Gd,TA,No,Unf,0,Unf,1580,1580,GasA,Ex,Y,SBrkr,1580,886,0,2466,0,3,0,4,1,Gd,8,Typ,1,Gd,Attchd,RFn,2,610,TA,TA,Y,0,Not Applicable,0,WD,Normal,340000,4046,373,3.0,11.0,32368,20230,3,2,3.0,0.0,0.0,12330,9864,1830.0,1830.0,Level_4
379,20,RL,88.0,11394,Pave,Not Applicable,Reg,Lvl,Corner,Gtl,Norm,1Fam,1Story,9,2,2010,Other,CompShg,VinylSd,VinylSd,Stone,350.0,Gd,TA,PConc,Ex,TA,Av,GLQ,1445,Unf,411,1856,GasA,Ex,Y,SBrkr,1856,0,0,1856,1,1,1,1,1,Ex,8,Typ,1,Ex,Attchd,Fin,3,834,TA,TA,Y,0,Not Applicable,0,New,Partial,394432,3712,113,2.5,9.5,33408,7424,0,0,0.0,1400.0,1050.0,9280,9280,2502.0,2502.0,Level_4
380,60,RL,60.0,8123,Pave,Not Applicable,IR1,Lvl,Inside,Gtl,Other,1Fam,2Story,6,5,2000,Gable,CompShg,VinylSd,VinylSd,BrkFace,16.0,TA,TA,PConc,Gd,TA,No,Unf,0,Unf,982,982,GasA,Ex,Y,SBrkr,1007,793,0,1800,0,2,1,3,1,TA,7,Typ,1,TA,Attchd,Fin,2,463,TA,TA,Y,0,Not Applicable,0,WD,Normal,179000,2782,163,2.5,9.5,16692,13910,9,9,9.0,48.0,48.0,9000,5400,1389.0,1389.0,Level_3
381,50,RL,50.0,5000,Pave,Pave,Reg,Lvl,Inside,Gtl,Norm,1Fam,1.5Fin,5,6,1924,Gable,CompShg,BrkFace,Wd Sdng,Not Applicable,0.0,TA,TA,BrkTil,TA,TA,No,LwQ,218,Unf,808,1026,GasA,TA,Y,SBrkr,1026,665,0,1691,0,2,0,3,1,Gd,6,Typ,1,Gd,Detchd,Unf,1,308,TA,TA,Y,0,Not Applicable,0,WD,Normal,127000,2717,242,2.0,8.0,13585,16302,86,60,86.0,0.0,0.0,5073,6764,924.0,924.0,Level_2
382,20,FV,60.0,7200,Pave,Pave,Reg,Lvl,Inside,Gtl,Norm,1Fam,1Story,7,5,2006,Gable,CompShg,VinylSd,VinylSd,Not Applicable,0.0,Gd,TA,PConc,Gd,Other,No,Unf,0,Unf,1293,1293,GasA,Ex,Y,SBrkr,1301,0,0,1301,1,2,0,2,1,Gd,5,Typ,1,Gd,Attchd,RFn,2,572,TA,TA,Y,0,Not Applicable,0,New,Partial,187750,2594,337,3.0,7.0,18158,12970,0,0,0.0,0.0,0.0,6505,5204,1716.0,1716.0,Level_4
383,60,RL,79.0,9245,Pave,Not Applicable,IR1,Lvl,Inside,Gtl,Norm,1Fam,2Story,7,5,2006,Gable,CompShg,VinylSd,VinylSd,Not Applicable,0.0,Gd,TA,PConc,Gd,TA,Av,Unf,0,Unf,939,939,GasA,Ex,Y,SBrkr,939,858,0,1797,0,2,1,3,1,Gd,8,Typ,0,Not Applicable,Attchd,RFn,2,639,TA,TA,Y,0,Not Applicable,0,WD,Normal,213500,2736,197,2.5,10.5,19152,13680,1,1,1.0,0.0,0.0,8985,7188,1917.0,1917.0,Level_3
384,45,RH,60.0,9000,Pave,Not Applicable,Reg,Lvl,Corner,Gtl,Norm,1Fam,1.5Unf,6,3,1928,Gable,CompShg,Wd Sdng,Wd Sdng,Not Applicable,0.0,TA,TA,BrkTil,Fa,Other,No,Unf,0,Unf,784,784,GasA,TA,N,FuseA,784,0,0,784,0,1,0,2,1,TA,5,Typ,0,Not Applicable,Detchd,Unf,2,360,Other,Other,N,0,Not Applicable,0,WD,Normal,76000,1568,91,1.0,6.0,9408,4704,81,59,59.0,0.0,0.0,2352,2352,720.0,720.0,Level_3
385,60,RL,69.0,53107,Pave,Not Applicable,IR2,Other,Corner,Other,Other,1Fam,2Story,6,5,1992,Gable,CompShg,HdBoard,HdBoard,Not Applicable,0.0,Gd,TA,PConc,Gd,TA,Av,GLQ,985,Unf,595,1580,GasA,Ex,Y,SBrkr,1079,874,0,1953,1,2,1,3,1,Gd,9,Typ,2,Fa,Attchd,Fin,2,501,TA,TA,Y,0,Not Applicable,0,WD,Normal,240000,3533,447,3.5,11.5,21198,17665,15,15,15.0,0.0,0.0,9765,7812,1503.0,1503.0,Level_3
386,120,RL,43.0,3182,Pave,Not Applicable,Reg,Lvl,Inside,Gtl,Norm,TwnhsE,1Story,8,5,2004,Gable,CompShg,VinylSd,VinylSd,BrkFace,16.0,Gd,TA,PConc,Gd,TA,No,GLQ,24,Unf,1232,1256,GasA,Ex,Y,SBrkr,1269,0,0,1269,0,2,0,2,1,Gd,6,Typ,1,TA,Attchd,Fin,2,430,TA,TA,Y,0,Not Applicable,0,WD,Normal,192000,2525,310,2.0,8.0,20200,12625,6,5,6.0,64.0,48.0,6345,5076,1290.0,1290.0,Level_3
387,50,RL,58.0,8410,Pave,Not Applicable,Reg,Lvl,FR2,Gtl,Other,1Fam,1.5Fin,5,3,1910,Other,CompShg,Wd Sdng,VinylSd,Not Applicable,0.0,TA,Fa,PConc,TA,TA,No,Unf,0,Unf,658,658,GasA,TA,Y,SBrkr,658,526,0,1184,0,1,0,5,1,TA,8,Typ,0,Not Applicable,Not Applicable,Not Applicable,0,0,Other,Other,N,0,Not Applicable,0,WD,AdjLand,81000,1842,151,1.0,9.0,9210,5526,96,10,26.0,0.0,0.0,3552,3552,,,Level_1
388,80,RL,72.0,7200,Pave,Not Applicable,Reg,Lvl,Inside,Gtl,Norm,1Fam,SLvl,6,6,1976,Other,CompShg,MetalSd,MetalSd,BrkFace,255.0,TA,TA,CBlock,TA,TA,Av,ALQ,631,Unf,410,1041,GasA,Ex,Y,SBrkr,1125,0,0,1125,1,1,0,3,1,TA,6,Typ,1,Fa,Detchd,Unf,1,352,TA,TA,Y,0,GdWo,0,WD,Abnorml,125000,2166,296,2.0,7.0,12996,12996,33,33,32.0,765.0,765.0,5625,3375,1056.0,1056.0,Level_1
389,20,RL,93.0,9382,Pave,Not Applicable,IR1,Lvl,CulDSac,Gtl,Norm,1Fam,1Story,7,5,1999,Gable,CompShg,VinylSd,VinylSd,BrkFace,125.0,Gd,TA,PConc,Gd,TA,No,Unf,0,Unf,1468,1468,GasA,Ex,Y,SBrkr,1479,0,0,1479,0,2,0,3,1,Gd,6,Typ,0,Not Applicable,Attchd,RFn,2,577,TA,TA,Y,0,Not Applicable,0,WD,Normal,191000,2947,145,2.0,8.0,20629,14735,9,8,9.0,500.0,375.0,7395,5916,1731.0,1731.0,Level_3
390,60,RL,96.0,12474,Pave,Not Applicable,Reg,Lvl,Inside,Gtl,Norm,1Fam,2Story,10,5,2007,Gable,CompShg,VinylSd,VinylSd,Stone,272.0,Ex,TA,PConc,Ex,TA,Av,GLQ,1280,Unf,402,1682,GasA,Ex,Y,SBrkr,1742,590,0,2332,1,2,1,3,1,Ex,9,Typ,1,Ex,BuiltIn,Fin,3,846,TA,TA,Y,0,Not Applicable,0,New,Partial,426000,4014,330,3.5,11.5,40140,20070,1,0,0.0,1360.0,816.0,11660,11660,2538.0,2538.0,Level_4
391,50,RL,50.0,8405,Pave,Grvl,Reg,Lvl,Inside,Gtl,Norm,1Fam,1.5Fin,5,8,1900,Gable,CompShg,MetalSd,MetalSd,Not Applicable,0.0,TA,TA,BrkTil,TA,Other,No,Rec,241,Other,229,861,GasA,Ex,Y,SBrkr,961,406,0,1367,1,1,0,4,1,TA,7,Typ,0,Not Applicable,Detchd,Unf,1,384,TA,TA,Y,0,MnPrv,0,WD,Normal,119000,2228,242,2.0,8.0,11140,17824,108,58,30.0,0.0,0.0,6835,4101,1152.0,1152.0,Level_1
392,60,RL,71.0,12209,Pave,Not Applicable,IR1,Lvl,CulDSac,Gtl,Norm,1Fam,2Story,6,5,2001,Gable,CompShg,VinylSd,VinylSd,Not Applicable,0.0,TA,TA,PConc,Ex,TA,No,ALQ,690,Unf,114,804,GasA,Ex,Y,SBrkr,804,1157,0,1961,1,2,1,3,1,Gd,7,Typ,1,TA,BuiltIn,Fin,2,560,TA,TA,Y,0,Not Applicable,0,WD,Normal,215000,2765,317,3.5,9.5,16590,13825,8,7,8.0,0.0,0.0,9805,7844,1680.0,1680.0,Level_2
393,20,RL,69.0,8339,Pave,Not Applicable,IR1,Lvl,Inside,Gtl,Norm,1Fam,1Story,5,7,1959,Gable,CompShg,MetalSd,MetalSd,Not Applicable,0.0,TA,TA,Slab,Not Applicable,Other,Not Applicable,Not Applicable,0,Other,0,0,GasA,TA,Y,SBrkr,882,0,0,882,0,1,0,3,1,TA,5,Typ,0,Not Applicable,Attchd,RFn,1,294,TA,TA,Y,0,MnPrv,1200,WD,Normal,106500,882,0,1.0,6.0,4410,6174,48,48,48.0,0.0,0.0,2646,2646,882.0,882.0,Level_2
394,30,RL,69.0,7446,Pave,Not Applicable,Reg,Lvl,Corner,Gtl,Other,1Fam,1Story,4,5,1941,Gable,CompShg,WdShing,Wd Shng,Not Applicable,0.0,TA,TA,CBlock,TA,TA,No,Rec,266,Unf,522,788,GasA,TA,Y,FuseA,788,0,0,788,0,1,0,2,1,TA,4,Typ,2,TA,Not Applicable,Not Applicable,0,0,Other,Other,Y,0,GdWo,0,WD,Abnorml,100000,1576,0,1.0,5.0,6304,7880,65,56,26.0,0.0,0.0,2364,2364,,,Level_1
395,50,RL,60.0,10134,Pave,Not Applicable,Reg,Lvl,Inside,Gtl,Norm,1Fam,1.5Fin,5,6,1940,Gable,CompShg,MetalSd,MetalSd,Not Applicable,0.0,TA,TA,CBlock,TA,TA,No,Unf,0,Unf,735,735,GasA,Gd,Y,FuseA,735,299,0,1034,0,1,0,2,1,TA,5,Typ,0,Not Applicable,Detchd,Unf,1,240,TA,TA,Y,0,Not Applicable,0,WD,Normal,109000,1769,39,1.0,6.0,8845,10614,67,57,67.0,0.0,0.0,4136,3102,720.0,720.0,Level_1
396,20,RL,68.0,9571,Pave,Not Applicable,Reg,Lvl,Inside,Gtl,Norm,1Fam,1Story,5,6,1956,Gable,CompShg,Wd Sdng,Wd Sdng,Not Applicable,0.0,TA,TA,CBlock,TA,TA,Av,BLQ,739,Unf,405,1144,GasA,TA,Y,SBrkr,1144,0,0,1144,1,1,0,3,1,TA,6,Typ,0,Not Applicable,Attchd,Unf,1,596,TA,TA,Y,0,Not Applicable,0,WD,Normal,129000,2288,44,2.0,7.0,11440,13728,54,54,54.0,0.0,0.0,3432,3432,1788.0,1788.0,Level_1
397,20,RL,60.0,7200,Pave,Not Applicable,Reg,Other,Inside,Gtl,Norm,1Fam,1Story,5,5,1972,Other,CompShg,MetalSd,MetalSd,Not Applicable,0.0,TA,TA,CBlock,TA,TA,Av,Rec,777,Unf,117,894,GasA,TA,Y,SBrkr,894,0,0,894,0,1,0,2,1,TA,6,Typ,0,Not Applicable,Detchd,RFn,2,600,TA,TA,Y,0,Not Applicable,0,WD,Normal,123000,1788,215,1.0,7.0,8940,8940,37,37,24.0,0.0,0.0,2682,2682,1800.0,1800.0,Level_3
398,60,RL,69.0,7590,Pave,Not Applicable,Reg,Lvl,Inside,Gtl,Other,1Fam,2Story,5,5,1962,Gable,CompShg,VinylSd,VinylSd,BrkFace,288.0,TA,TA,CBlock,TA,TA,No,ALQ,540,Unf,324,864,GasA,TA,Y,SBrkr,876,936,0,1812,0,2,0,4,1,TA,8,Typ,1,TA,Attchd,RFn,1,264,TA,TA,Y,0,Not Applicable,0,WD,Normal,169500,2676,168,2.0,10.0,13380,13380,45,45,45.0,864.0,864.0,5436,5436,792.0,792.0,Level_2
399,30,RM,60.0,8967,Pave,Not Applicable,Reg,Lvl,Corner,Gtl,Norm,1Fam,1Story,5,2,1920,Gable,CompShg,MetalSd,MetalSd,Not Applicable,0.0,TA,Fa,BrkTil,Fa,Other,No,Unf,0,Unf,961,961,GasA,Gd,Y,Mix,1077,0,0,1077,0,1,0,2,1,TA,6,Other,0,Not Applicable,Detchd,Unf,1,338,Other,Other,N,0,Not Applicable,0,WD,Abnorml,67000,2038,0,1.0,7.0,10190,4076,87,57,87.0,0.0,0.0,4308,3231,338.0,338.0,Level_1
400,60,FV,65.0,8125,Pave,Not Applicable,Reg,Lvl,Inside,Gtl,Norm,1Fam,2Story,7,5,2006,Gable,CompShg,CemntBd,CmentBd,Stone,100.0,Gd,TA,PConc,Gd,TA,No,GLQ,812,Unf,280,1092,GasA,Ex,Y,SBrkr,1112,438,0,1550,1,2,0,2,1,Gd,7,Typ,0,Not Applicable,Attchd,Fin,2,438,TA,TA,Y,0,Not Applicable,0,WD,Normal,241000,2642,168,3.0,9.0,18494,13210,3,2,2.0,400.0,300.0,7750,6200,1314.0,1314.0,Level_4
401,120,RL,38.0,14963,Pave,Not Applicable,IR2,Lvl,Inside,Gtl,Norm,TwnhsE,1Story,8,5,1996,Gable,CompShg,BrkFace,BrkFace,Not Applicable,0.0,Gd,TA,PConc,Gd,TA,No,GLQ,786,Unf,474,1260,GasA,Ex,Y,SBrkr,1288,0,0,1288,1,1,1,1,1,Ex,4,Typ,2,Gd,Attchd,Fin,2,500,TA,TA,Y,0,Not Applicable,0,WD,Normal,245500,2548,374,2.5,5.5,20384,12740,12,12,12.0,0.0,0.0,6440,6440,1500.0,1500.0,Level_4
402,20,RL,65.0,8767,Pave,Not Applicable,IR1,Lvl,Inside,Gtl,Norm,1Fam,1Story,7,5,2005,Gable,CompShg,VinylSd,VinylSd,Not Applicable,0.0,Gd,TA,PConc,Gd,TA,Av,GLQ,24,Unf,1286,1310,GasA,Ex,Y,SBrkr,1310,0,0,1310,0,2,0,3,1,Gd,6,Typ,1,Gd,Attchd,Fin,2,400,TA,TA,Y,0,Not Applicable,0,New,Partial,164990,2620,0,2.0,8.0,18340,13100,1,1,1.0,0.0,0.0,6550,5240,1200.0,1200.0,Level_3
403,30,RL,60.0,10200,Pave,Not Applicable,Reg,Lvl,Inside,Gtl,Norm,1Fam,1Story,5,8,1940,Gable,CompShg,Wd Sdng,Wd Sdng,Not Applicable,0.0,TA,TA,PConc,TA,TA,No,Unf,0,Unf,672,672,GasA,Ex,Y,SBrkr,672,0,0,672,0,1,0,2,1,TA,4,Typ,0,Not Applicable,Detchd,Unf,1,240,TA,TA,N,0,GdPrv,0,WD,Normal,108000,1344,168,1.0,5.0,6720,10752,68,11,68.0,0.0,0.0,3360,2016,720.0,720.0,Level_2
404,60,RL,93.0,12090,Pave,Not Applicable,Reg,Lvl,Corner,Gtl,Norm,1Fam,2Story,8,5,1998,Other,CompShg,VinylSd,VinylSd,BrkFace,650.0,Gd,TA,PConc,Gd,TA,No,Unf,0,Unf,1141,1141,GasA,Gd,Y,SBrkr,1165,1098,0,2263,0,2,1,4,1,Gd,10,Typ,1,TA,BuiltIn,Fin,2,420,TA,TA,Y,0,Not Applicable,0,WD,Abnorml,258000,3404,267,2.5,12.5,27232,17020,8,8,8.0,2600.0,1950.0,9052,9052,1260.0,1260.0,Level_4
405,60,RL,69.0,10364,Pave,Not Applicable,IR1,Lvl,Inside,Gtl,Norm,1Fam,2Story,6,5,1995,Gable,CompShg,MetalSd,MetalSd,Not Applicable,0.0,TA,TA,PConc,Gd,TA,No,Unf,0,Unf,806,806,GasA,Gd,Y,SBrkr,806,766,0,1572,0,2,1,3,1,TA,7,Typ,1,TA,BuiltIn,Fin,2,373,TA,TA,Y,0,Not Applicable,0,WD,Normal,168000,2378,40,2.5,9.5,14268,11890,12,11,12.0,0.0,0.0,6288,4716,1119.0,1119.0,Level_3
406,20,RL,69.0,9991,Pave,Not Applicable,IR1,Lvl,Corner,Gtl,Other,1Fam,1Story,4,4,1976,Gable,CompShg,Plywood,Plywood,Not Applicable,0.0,TA,TA,CBlock,TA,TA,No,BLQ,1116,Unf,165,1281,GasA,Ex,Y,SBrkr,1620,0,0,1620,1,2,0,3,1,TA,8,Other,1,TA,Attchd,Unf,2,490,TA,TA,Y,0,GdWo,0,WD,Normal,150000,2901,198,3.0,10.0,11604,11604,33,16,16.0,0.0,0.0,8100,4860,1470.0,1470.0,Level_2
407,50,RL,51.0,10480,Pave,Not Applicable,Reg,Lvl,Inside,Gtl,Norm,1Fam,1.5Fin,6,5,1936,Gable,CompShg,MetalSd,MetalSd,Not Applicable,0.0,TA,TA,BrkTil,TA,TA,No,Unf,0,Unf,1064,1064,GasA,Ex,Y,FuseA,1166,0,473,1639,0,1,0,3,1,TA,6,Other,0,Not Applicable,Detchd,Unf,1,240,TA,TA,Y,0,Not Applicable,0,WD,Normal,115000,2230,0,1.0,7.0,13380,11150,72,58,72.0,0.0,0.0,8195,4917,720.0,720.0,Level_2
408,70,RL,63.0,15576,Pave,Not Applicable,Reg,Lvl,Inside,Gtl,Norm,1Fam,2Story,6,7,1915,Gable,CompShg,Wd Sdng,Plywood,Not Applicable,0.0,TA,TA,BrkTil,Gd,TA,No,Unf,0,Unf,840,840,GasA,Ex,Y,SBrkr,840,840,0,1680,0,2,0,4,1,TA,8,Typ,0,Not Applicable,Attchd,Unf,1,308,TA,TA,Y,0,Not Applicable,0,WD,Normal,177000,2520,160,2.0,10.0,15120,17640,93,32,48.0,0.0,0.0,8400,5040,924.0,924.0,Level_4
409,60,RL,109.0,14154,Pave,Not Applicable,Reg,Lvl,Corner,Gtl,Norm,1Fam,2Story,7,5,2006,Gable,CompShg,VinylSd,VinylSd,BrkFace,350.0,Gd,TA,PConc,Ex,Other,No,Unf,0,Unf,1063,1063,GasA,Ex,Y,SBrkr,1071,1101,0,2172,0,2,1,3,1,Gd,9,Typ,1,Gd,Attchd,RFn,3,947,TA,TA,Y,0,Not Applicable,0,New,Partial,280000,3235,254,2.5,11.5,22645,16175,1,1,1.0,1400.0,1050.0,10860,8688,2841.0,2841.0,Level_4
410,60,FV,85.0,10800,Pave,Not Applicable,Reg,Lvl,Inside,Gtl,Norm,1Fam,2Story,8,5,2007,Gable,CompShg,VinylSd,VinylSd,Stone,100.0,Gd,TA,PConc,Ex,TA,No,GLQ,789,Unf,245,1034,GasA,Ex,Y,SBrkr,1050,1028,0,2078,1,2,1,3,1,Ex,8,Typ,1,Gd,Attchd,Fin,3,836,TA,TA,Y,0,Not Applicable,0,New,Partial,339750,3112,102,3.5,10.5,24896,15560,1,0,0.0,400.0,300.0,10390,10390,2508.0,2508.0,Level_4
411,20,RL,68.0,9571,Pave,Not Applicable,Reg,Lvl,Inside,Gtl,Norm,1Fam,1Story,5,3,1958,Gable,CompShg,BrkComm,Brk Cmn,Not Applicable,0.0,TA,Fa,CBlock,TA,Other,No,Unf,0,Unf,1276,1276,GasA,TA,Y,FuseA,1276,0,0,1276,0,1,0,3,1,TA,5,Other,0,Not Applicable,Attchd,Unf,1,350,TA,TA,Y,0,Not Applicable,0,COD,Abnorml,60000,2552,0,1.0,6.0,12760,7656,51,51,51.0,0.0,0.0,3828,3828,1050.0,1050.0,Level_1
412,190,RL,100.0,34650,Pave,Not Applicable,Reg,Other,Inside,Gtl,Norm,2fmCon,1Story,5,5,1955,Other,CompShg,Wd Sdng,Wd Sdng,Not Applicable,0.0,TA,TA,CBlock,TA,TA,Mn,Rec,1056,Unf,0,1056,GasA,TA,N,SBrkr,1056,0,0,1056,1,1,0,3,1,TA,5,Typ,0,Not Applicable,Attchd,Fin,2,572,TA,TA,Y,0,Not Applicable,0,WD,Normal,145000,2112,264,2.0,6.0,10560,10560,51,51,51.0,0.0,0.0,3168,3168,1716.0,1716.0,Level_3
413,20,FV,69.0,4403,Pave,Not Applicable,IR2,Lvl,Inside,Gtl,Norm,1Fam,1Story,7,5,2009,Gable,CompShg,MetalSd,MetalSd,Stone,432.0,Ex,TA,PConc,Ex,TA,Av,GLQ,578,Unf,892,1470,GasA,Ex,Y,SBrkr,1478,0,0,1478,1,2,1,2,1,Gd,7,Typ,1,Gd,Attchd,Fin,2,484,TA,TA,Y,0,Not Applicable,0,New,Partial,222000,2948,144,3.5,9.5,20636,14740,1,1,1.0,2160.0,1296.0,7390,5912,1452.0,1452.0,Level_4
414,30,RM,56.0,8960,Pave,Grvl,Reg,Lvl,Inside,Gtl,Other,1Fam,1Story,5,6,1927,Gable,CompShg,WdShing,Wd Shng,Not Applicable,0.0,TA,TA,CBlock,TA,TA,No,Unf,0,Unf,1008,1008,GasA,Gd,Y,FuseA,1028,0,0,1028,0,1,0,2,1,TA,5,Typ,1,Gd,Detchd,Unf,2,360,TA,TA,Y,0,Not Applicable,0,WD,Normal,115000,2036,130,1.0,6.0,10180,12216,83,60,83.0,0.0,0.0,4112,3084,1080.0,1080.0,Level_1
415,60,RL,59.0,11228,Pave,Not Applicable,IR2,Lvl,CulDSac,Gtl,Norm,1Fam,2Story,7,5,1993,Gable,CompShg,VinylSd,VinylSd,Not Applicable,0.0,Gd,TA,PConc,Gd,TA,No,BLQ,50,Other,499,1080,GasA,Ex,Y,SBrkr,1080,1017,0,2097,0,2,1,3,1,Gd,9,Typ,1,TA,Attchd,Unf,3,678,TA,TA,Y,0,Not Applicable,0,WD,Normal,228000,3177,383,3.0,11.5,22239,15885,15,15,15.0,0.0,0.0,10485,8388,2034.0,2034.0,Level_3
416,20,RL,73.0,8899,Pave,Not Applicable,IR1,Lvl,Inside,Gtl,Norm,1Fam,1Story,7,5,2007,Gable,CompShg,VinylSd,VinylSd,Not Applicable,0.0,Gd,TA,PConc,Gd,TA,Av,GLQ,24,Unf,1316,1340,GasA,Ex,Y,SBrkr,1340,0,0,1340,0,2,0,3,1,Gd,6,Typ,0,Not Applicable,Attchd,Fin,2,396,TA,TA,Y,0,Not Applicable,0,New,Partial,181134,2680,130,2.0,8.0,18760,13400,0,0,0.0,0.0,0.0,6700,5360,1188.0,1188.0,Level_3
417,60,RL,74.0,7844,Pave,Not Applicable,Reg,Lvl,Inside,Gtl,Norm,1Fam,2Story,6,7,1978,Other,CompShg,HdBoard,HdBoard,BrkFace,203.0,TA,TA,CBlock,TA,TA,No,ALQ,209,Unf,463,672,GasA,TA,Y,SBrkr,672,728,0,1400,0,1,1,3,1,TA,6,Typ,1,TA,Attchd,Fin,2,440,TA,TA,Y,0,Not Applicable,0,WD,Normal,149500,2072,0,1.5,7.5,12432,14504,28,28,28.0,609.0,609.0,4200,4200,1320.0,1320.0,Level_2
418,70,RL,86.0,22420,Pave,Not Applicable,IR1,Lvl,Inside,Gtl,Other,1Fam,2Story,6,6,1918,Other,CompShg,Wd Sdng,Stucco,Not Applicable,0.0,TA,TA,BrkTil,Gd,TA,No,BLQ,1128,Unf,242,1370,Other,TA,N,FuseA,1370,1254,0,2624,1,2,1,4,1,TA,10,Typ,1,Gd,Detchd,Unf,3,864,TA,TA,N,0,Not Applicable,0,WD,Normal,239000,3994,0,3.5,12.5,23964,23964,89,57,89.0,0.0,0.0,7872,7872,2592.0,2592.0,Level_4
419,50,RL,60.0,8160,Pave,Not Applicable,Reg,Lvl,Inside,Gtl,Norm,1Fam,1.5Fin,5,6,1940,Gable,CompShg,MetalSd,MetalSd,Not Applicable,0.0,TA,TA,BrkTil,TA,TA,No,ALQ,312,Unf,444,756,GasA,Fa,N,FuseF,756,378,0,1134,1,1,1,3,1,TA,7,Typ,0,Not Applicable,Detchd,Unf,1,240,TA,TA,P,0,Not Applicable,0,WD,AdjLand,126000,1890,0,2.5,8.5,9450,11340,67,57,67.0,0.0,0.0,2268,3402,720.0,720.0,Level_1
420,20,RL,65.0,8450,Pave,Not Applicable,Reg,Lvl,Inside,Gtl,Norm,1Fam,1Story,5,6,1968,Gable,CompShg,VinylSd,VinylSd,Not Applicable,0.0,TA,TA,CBlock,TA,TA,No,BLQ,775,Unf,281,1056,GasA,Ex,Y,SBrkr,1056,0,0,1056,1,1,0,3,1,TA,6,Typ,1,Fa,Attchd,Unf,1,304,TA,TA,Y,0,Not Applicable,0,WD,Normal,142000,2112,269,2.0,7.0,10560,12672,42,42,42.0,0.0,0.0,5280,3168,912.0,912.0,Level_2
421,90,RM,78.0,7060,Pave,Not Applicable,Reg,Lvl,Inside,Gtl,Norm,Duplex,SFoyer,7,5,1997,Gable,CompShg,VinylSd,VinylSd,BrkFace,200.0,TA,Gd,PConc,Gd,Other,Gd,GLQ,1309,Unf,35,1344,GasA,Ex,Y,SBrkr,1344,0,0,1344,2,2,0,2,2,TA,8,Typ,0,Not Applicable,Attchd,Fin,4,784,TA,TA,Y,0,Not Applicable,0,WD,Alloca,206300,2688,0,4.0,10.0,18816,13440,11,10,11.0,600.0,800.0,6720,4032,2352.0,2352.0,Level_2
422,20,RL,69.0,16635,Pave,Not Applicable,IR1,Lvl,FR2,Gtl,Norm,1Fam,1Story,6,7,1977,Gable,CompShg,CemntBd,CmentBd,Stone,126.0,Gd,TA,CBlock,Gd,TA,No,ALQ,1246,Unf,356,1602,GasA,Gd,Y,SBrkr,1602,0,0,1602,0,2,0,3,1,Gd,8,Typ,1,TA,Attchd,Fin,2,529,TA,TA,Y,0,Not Applicable,0,WD,Normal,215000,3204,240,2.5,10.0,19224,22428,32,9,32.0,504.0,378.0,6408,6408,1587.0,1587.0,Level_3
423,20,RL,100.0,21750,Pave,Not Applicable,Reg,Other,Inside,Other,Other,1Fam,1Story,5,5,1954,Other,CompShg,HdBoard,HdBoard,Not Applicable,0.0,TA,TA,CBlock,TA,TA,No,Unf,0,Unf,988,988,GasA,Ex,Y,FuseA,988,0,0,988,0,1,0,2,1,TA,4,Typ,0,Not Applicable,Attchd,RFn,2,520,TA,TA,N,0,Not Applicable,0,WD,Normal,113000,1976,0,1.0,5.0,9880,9880,54,54,54.0,0.0,0.0,4940,2964,1560.0,1560.0,Level_2
424,60,RL,80.0,9200,Pave,Not Applicable,Reg,Lvl,Inside,Gtl,Norm,1Fam,2Story,8,5,1998,Gable,CompShg,VinylSd,VinylSd,BrkFace,473.0,Gd,TA,PConc,Gd,TA,No,GLQ,986,Unf,484,1470,GasA,Gd,Y,SBrkr,1470,1160,0,2630,1,2,1,4,1,Gd,8,Typ,1,TA,Attchd,Fin,3,696,TA,TA,Y,0,Not Applicable,0,WD,Normal,315000,4100,66,3.5,10.5,32800,20500,10,10,10.0,1892.0,1419.0,10520,10520,2088.0,2088.0,Level_4
425,20,RL,72.0,9000,Pave,Not Applicable,Reg,Lvl,Inside,Gtl,Norm,1Fam,1Story,6,5,1956,Gable,CompShg,Wd Sdng,Wd Sdng,BrkFace,74.0,TA,TA,CBlock,Gd,TA,No,LwQ,616,Unf,580,1196,GasA,Gd,Y,FuseA,1196,0,0,1196,1,1,0,2,1,TA,6,Typ,1,Gd,Attchd,RFn,1,297,TA,TA,Y,0,Not Applicable,0,WD,Normal,139000,2392,44,2.0,7.0,14352,11960,52,52,52.0,222.0,222.0,4784,3588,891.0,891.0,Level_2
426,60,RM,60.0,3378,Pave,Grvl,Reg,Other,Inside,Gtl,Norm,1Fam,2Story,7,8,1946,Gable,CompShg,HdBoard,HdBoard,Not Applicable,0.0,TA,Gd,CBlock,TA,TA,No,Unf,0,Unf,651,651,GasA,Gd,Y,SBrkr,707,682,0,1389,0,1,1,3,1,TA,6,Typ,2,Gd,Detchd,Unf,1,240,TA,TA,P,0,Not Applicable,0,WD,Normal,135000,2040,126,1.5,7.5,14280,16320,63,17,62.0,0.0,0.0,5556,4167,720.0,720.0,Level_1
427,80,RL,69.0,12800,Pave,Not Applicable,Reg,Other,Inside,Other,Norm,1Fam,SLvl,7,5,1989,Gable,CompShg,Wd Sdng,Wd Sdng,BrkFace,145.0,Gd,TA,PConc,Gd,TA,Gd,GLQ,1518,Unf,0,1518,GasA,Gd,Y,SBrkr,1644,0,0,1644,1,2,0,2,1,Gd,5,Typ,1,TA,Attchd,Fin,2,569,TA,TA,Y,0,Not Applicable,0,WD,Normal,275000,3162,476,3.5,7.0,22134,15810,20,20,20.0,580.0,435.0,6576,6576,1707.0,1707.0,Level_3
428,20,RL,77.0,8593,Pave,Not Applicable,IR1,Lvl,Inside,Gtl,Norm,1Fam,1Story,4,6,1957,Other,CompShg,MetalSd,MetalSd,Not Applicable,0.0,TA,TA,CBlock,TA,TA,No,Rec,288,Unf,619,907,GasA,Ex,Y,SBrkr,907,0,0,907,0,1,0,3,1,TA,5,Typ,0,Not Applicable,Detchd,Unf,1,352,TA,TA,Y,0,Not Applicable,0,WD,Normal,109008,1814,0,1.0,6.0,7256,10884,51,51,44.0,0.0,0.0,4535,2721,1056.0,1056.0,Level_2
429,20,RL,64.0,6762,Pave,Not Applicable,Reg,Lvl,Inside,Gtl,Norm,1Fam,1Story,7,5,2007,Gable,CompShg,VinylSd,VinylSd,BrkFace,108.0,Gd,TA,PConc,Gd,TA,No,GLQ,664,Unf,544,1208,GasA,Ex,Y,SBrkr,1208,0,0,1208,1,2,0,2,1,Gd,6,Typ,0,Not Applicable,Attchd,RFn,2,628,TA,TA,Y,0,Not Applicable,0,New,Partial,195400,2416,159,3.0,8.0,16912,12080,0,0,0.0,432.0,324.0,6040,4832,1884.0,1884.0,Level_3
430,20,RL,130.0,11457,Pave,Not Applicable,IR1,Lvl,Corner,Gtl,Norm,1Fam,1Story,6,5,1988,Gable,CompShg,HdBoard,HdBoard,Not Applicable,0.0,TA,TA,CBlock,Gd,TA,Mn,GLQ,1005,Unf,387,1392,GasA,TA,Y,SBrkr,1412,0,0,1412,1,2,0,3,1,Gd,6,Typ,1,TA,Attchd,Unf,2,576,TA,TA,Y,0,Not Applicable,0,WD,Normal,175000,2804,169,3.0,8.0,16824,14020,21,21,21.0,0.0,0.0,4236,5648,1728.0,1728.0,Level_4
431,160,RM,21.0,1680,Pave,Not Applicable,Reg,Lvl,Inside,Gtl,Norm,Twnhs,2Story,6,5,1971,Gable,CompShg,HdBoard,HdBoard,BrkFace,232.0,TA,TA,CBlock,TA,TA,No,ALQ,387,Unf,96,483,GasA,TA,Y,SBrkr,483,504,0,987,0,1,1,2,1,TA,4,Typ,0,Not Applicable,Detchd,Unf,1,264,TA,TA,Y,0,Not Applicable,0,COD,Abnorml,85400,1470,0,1.5,5.5,8820,7350,37,37,37.0,696.0,696.0,2961,2961,792.0,792.0,Level_1
432,50,RM,60.0,5586,Pave,Not Applicable,IR1,Other,Inside,Gtl,Other,1Fam,1.5Fin,6,7,1920,Gable,CompShg,MetalSd,MetalSd,Not Applicable,0.0,TA,TA,BrkTil,TA,TA,No,Unf,0,Unf,901,901,GasA,Gd,Y,SBrkr,1088,110,0,1198,0,1,0,4,1,TA,7,Typ,0,Not Applicable,Not Applicable,Not Applicable,0,0,Other,Other,N,0,MnPrv,0,ConLD,Abnorml,79900,2099,98,1.0,8.0,12594,14693,88,10,28.0,0.0,0.0,4792,3594,,,Level_1
433,160,RM,24.0,1920,Pave,Not Applicable,Reg,Lvl,Inside,Gtl,Norm,TwnhsE,2Story,5,5,1971,Gable,CompShg,HdBoard,HdBoard,BrkFace,376.0,TA,TA,CBlock,TA,TA,No,ALQ,471,Unf,294,765,GasA,Ex,Y,SBrkr,765,600,0,1365,1,1,1,2,1,TA,6,Other,0,Not Applicable,Detchd,Unf,2,440,TA,TA,Y,0,Not Applicable,0,WD,Normal,122500,2130,276,2.5,7.5,10650,10650,36,36,36.0,1128.0,1128.0,6825,4095,1320.0,1320.0,Level_1
434,60,RL,100.0,10839,Pave,Not Applicable,IR1,Lvl,Corner,Gtl,Norm,1Fam,2Story,6,5,1997,Gable,CompShg,VinylSd,VinylSd,Not Applicable,0.0,TA,TA,PConc,Gd,TA,No,Unf,0,Unf,926,926,GasA,Ex,Y,SBrkr,926,678,0,1604,0,2,1,3,1,TA,7,Typ,1,TA,Attchd,Fin,2,470,TA,TA,Y,0,Not Applicable,0,WD,Normal,181000,2530,36,2.5,9.5,15180,12650,11,10,11.0,0.0,0.0,8020,4812,1410.0,1410.0,Level_3
435,180,RM,21.0,1890,Pave,Not Applicable,Reg,Lvl,Inside,Gtl,Norm,Twnhs,SFoyer,4,7,1972,Gable,CompShg,CemntBd,CmentBd,Not Applicable,0.0,TA,Gd,CBlock,Gd,TA,Av,ALQ,495,Unf,135,630,GasA,Gd,Y,SBrkr,630,0,0,630,1,1,0,1,1,TA,3,Typ,0,Not Applicable,Not Applicable,Not Applicable,0,0,Other,Other,Y,0,Not Applicable,0,WD,Normal,81000,1260,88,2.0,4.0,5040,8820,36,36,28.0,0.0,0.0,2520,1890,,,Level_1
436,60,RL,43.0,10667,Pave,Not Applicable,IR2,Lvl,CulDSac,Gtl,Other,1Fam,2Story,7,6,1996,Gable,CompShg,VinylSd,VinylSd,Not Applicable,0.0,Gd,TA,PConc,Gd,TA,Av,GLQ,385,Other,70,799,GasA,Ex,Y,SBrkr,827,834,0,1661,1,2,1,3,1,Gd,6,Typ,1,TA,Attchd,RFn,2,550,TA,TA,Y,0,Not Applicable,0,ConLw,Normal,212000,2460,219,3.5,8.5,17220,14760,13,13,13.0,0.0,0.0,8305,6644,1650.0,1650.0,Level_3
437,50,RM,40.0,4400,Pave,Not Applicable,Reg,Lvl,Inside,Gtl,Norm,1Fam,1.5Fin,6,8,1920,Gable,CompShg,Stucco,Stucco,Not Applicable,0.0,TA,TA,BrkTil,Fa,TA,No,Unf,0,Unf,648,648,GasA,TA,Y,FuseA,734,384,0,1118,0,1,0,2,1,TA,6,Typ,0,Not Applicable,Detchd,Unf,2,440,TA,TA,Y,0,Not Applicable,0,WD,Normal,116000,1766,0,1.0,7.0,10596,14128,86,56,16.0,0.0,0.0,3354,3354,1320.0,1320.0,Level_1
438,45,RM,50.0,6000,Pave,Not Applicable,Reg,Lvl,Inside,Gtl,Norm,1Fam,1.5Unf,6,7,1926,Gable,CompShg,Wd Sdng,Wd Sdng,Not Applicable,0.0,Gd,TA,PConc,TA,TA,No,Unf,0,Unf,884,884,GasA,Gd,Y,SBrkr,904,0,0,904,0,1,0,2,1,TA,4,Typ,0,Not Applicable,Detchd,Unf,1,180,TA,TA,Y,0,Not Applicable,0,WD,Normal,119000,1788,105,1.0,5.0,10728,12516,83,5,83.0,0.0,0.0,3616,2712,540.0,540.0,Level_1
439,30,RL,40.0,4280,Pave,Not Applicable,Reg,Lvl,Inside,Gtl,Norm,1Fam,1Story,5,6,1913,Gable,CompShg,WdShing,Stucco,Not Applicable,0.0,TA,TA,PConc,TA,TA,No,LwQ,365,Unf,75,440,GasA,TA,N,SBrkr,694,0,0,694,0,1,0,2,1,Gd,4,Typ,1,Gd,Detchd,Unf,1,352,Other,TA,P,0,MnPrv,0,WD,Normal,90350,1134,34,1.0,5.0,5670,6804,94,5,17.0,0.0,0.0,2082,2776,1408.0,1056.0,Level_4
440,50,RL,67.0,12354,Pave,Grvl,Reg,Lvl,Corner,Gtl,Norm,1Fam,1.5Fin,6,8,1920,Gable,CompShg,Wd Sdng,Wd Sdng,Not Applicable,0.0,TA,TA,BrkTil,TA,Other,Mn,Unf,0,Unf,684,684,GasA,Gd,Y,SBrkr,684,512,0,1196,0,1,0,3,1,Gd,7,Typ,0,Not Applicable,Detchd,Unf,2,528,TA,TA,Y,0,GdPrv,800,ConLI,Normal,110000,1880,46,1.0,8.0,11280,15040,89,9,4.0,0.0,0.0,4784,4784,1584.0,1584.0,Level_1
441,20,RL,105.0,15431,Pave,Not Applicable,Reg,Lvl,Inside,Gtl,Norm,1Fam,1Story,10,5,2008,Other,CompShg,VinylSd,VinylSd,Stone,200.0,Ex,TA,PConc,Ex,TA,Gd,GLQ,1767,Other,788,3094,GasA,Ex,Y,SBrkr,2402,0,0,2402,1,2,0,2,1,Ex,10,Typ,2,Gd,Attchd,Fin,3,672,TA,TA,Y,0,Not Applicable,0,WD,Normal,555000,5496,242,3.0,12.0,54960,27480,1,1,1.0,1000.0,600.0,12010,12010,2016.0,2016.0,Level_4
442,90,RL,92.0,12108,Pave,Not Applicable,Reg,Lvl,Inside,Gtl,Norm,Duplex,1Story,4,4,1955,Gable,CompShg,VinylSd,VinylSd,BrkFace,270.0,TA,TA,CBlock,TA,TA,No,ALQ,133,Unf,1307,1440,GasA,TA,N,FuseF,1440,0,0,1440,0,2,0,4,2,Fa,8,Typ,0,Not Applicable,Not Applicable,Not Applicable,0,0,Other,Other,Y,0,Not Applicable,0,WD,Normal,118000,2880,0,2.0,10.0,11520,11520,53,53,28.0,810.0,810.0,4320,2880,,,Level_1
443,50,RM,52.0,6240,Pave,Not Applicable,Reg,Lvl,Inside,Gtl,Norm,1Fam,1.5Fin,5,7,1930,Gable,CompShg,MetalSd,MetalSd,Not Applicable,0.0,TA,TA,PConc,TA,TA,No,Unf,0,Unf,1078,1078,GasA,TA,Y,SBrkr,1128,445,0,1573,0,2,0,3,1,TA,8,Typ,1,Gd,Detchd,Unf,2,360,TA,TA,P,0,Not Applicable,0,WD,Normal,162900,2651,0,2.0,10.0,13255,18557,78,16,78.0,0.0,0.0,4719,4719,1080.0,1080.0,Level_1
444,120,RL,53.0,3922,Pave,Not Applicable,Reg,Lvl,Inside,Gtl,Norm,TwnhsE,1Story,7,5,2006,Gable,CompShg,WdShing,Wd Shng,BrkFace,72.0,Gd,TA,PConc,Ex,TA,Av,Unf,0,Unf,1258,1258,GasA,Ex,Y,SBrkr,1258,0,0,1258,0,2,0,2,1,Gd,6,Typ,1,Gd,Attchd,Fin,3,648,TA,TA,Y,0,Not Applicable,0,New,Partial,172500,2516,160,2.0,8.0,17612,12580,1,0,0.0,288.0,216.0,6290,5032,1944.0,1944.0,Level_3
445,60,RL,70.0,8750,Pave,Not Applicable,Reg,Lvl,Inside,Gtl,Norm,1Fam,2Story,7,5,1994,Gable,CompShg,VinylSd,VinylSd,Not Applicable,0.0,Gd,Gd,PConc,Gd,TA,No,GLQ,642,Unf,273,915,GasA,Ex,Y,SBrkr,933,975,0,1908,1,2,1,4,1,Gd,8,Typ,1,TA,Attchd,Unf,2,493,TA,TA,Y,0,Not Applicable,0,WD,Normal,210000,2823,277,3.5,10.5,19761,14115,14,13,14.0,0.0,0.0,9540,7632,1479.0,1479.0,Level_3
446,20,RL,73.0,9855,Pave,Not Applicable,Reg,Lvl,Corner,Gtl,Norm,1Fam,1Story,6,5,1956,Other,CompShg,Wd Sdng,Wd Sdng,Not Applicable,0.0,TA,TA,CBlock,TA,TA,No,Unf,0,Unf,1436,1436,GasA,Fa,Y,SBrkr,1689,0,0,1689,0,1,0,3,1,TA,7,Typ,1,Gd,Attchd,Unf,2,480,TA,TA,Y,0,MnPrv,0,COD,Normal,127500,3125,0,1.0,8.0,18750,15625,53,53,53.0,0.0,0.0,3378,5067,1440.0,1440.0,Level_1
447,20,RL,137.0,16492,Pave,Not Applicable,IR1,Lvl,Corner,Gtl,Other,1Fam,1Story,6,6,1966,Gable,CompShg,BrkFace,Plywood,Not Applicable,0.0,Gd,TA,CBlock,TA,TA,No,ALQ,247,Other,557,1517,GasA,Ex,Y,SBrkr,1888,0,0,1888,0,2,1,2,1,Gd,6,Other,1,Gd,Attchd,Fin,2,578,TA,TA,Y,0,Not Applicable,0,WD,Normal,190000,3405,0,2.5,8.5,20430,20430,44,8,44.0,0.0,0.0,9440,7552,1734.0,1734.0,Level_2
448,60,RL,69.0,11214,Pave,Not Applicable,IR1,Lvl,Corner,Gtl,Norm,1Fam,2Story,7,5,1998,Gable,CompShg,VinylSd,VinylSd,Not Applicable,0.0,Gd,TA,PConc,Gd,TA,No,Unf,0,Unf,930,930,GasA,Gd,Y,SBrkr,956,930,0,1886,0,2,1,4,1,Gd,10,Typ,1,TA,Attchd,Fin,2,431,TA,TA,Y,0,Not Applicable,0,WD,Normal,199900,2816,89,2.5,12.5,19712,14080,8,7,8.0,0.0,0.0,7544,7544,1293.0,1293.0,Level_3
449,50,RM,50.0,8600,Pave,Not Applicable,Reg,Other,Inside,Gtl,Norm,1Fam,1.5Fin,6,6,1937,Gable,CompShg,MetalSd,MetalSd,Not Applicable,0.0,TA,TA,BrkTil,TA,TA,No,Unf,0,Unf,780,780,GasA,TA,Y,SBrkr,780,596,0,1376,0,2,0,3,1,TA,7,Typ,1,Gd,Detchd,Unf,1,198,TA,TA,N,0,Not Applicable,0,WD,Normal,119500,2156,0,2.0,9.0,12936,12936,69,56,69.0,0.0,0.0,4128,4128,594.0,594.0,Level_1
450,50,RM,50.0,6000,Pave,Not Applicable,Reg,Lvl,Inside,Gtl,Norm,1Fam,1.5Fin,3,7,1948,Gable,CompShg,MetalSd,MetalSd,Not Applicable,0.0,TA,Gd,CBlock,TA,TA,No,ALQ,331,Unf,318,649,GasA,Ex,Y,SBrkr,679,504,0,1183,0,1,1,2,1,TA,6,Typ,0,Not Applicable,Detchd,Unf,1,308,TA,TA,Y,0,Not Applicable,0,WD,Normal,120000,1832,176,1.5,7.5,5496,12824,59,5,26.0,0.0,0.0,5915,3549,924.0,924.0,Level_1
451,30,RM,70.0,5684,Pave,Not Applicable,Reg,Lvl,Inside,Gtl,Norm,1Fam,1Story,6,8,1930,Other,CompShg,Wd Sdng,Wd Sdng,Not Applicable,0.0,TA,TA,BrkTil,TA,TA,No,Unf,0,Unf,813,813,GasA,Ex,Y,FuseA,813,0,0,813,0,1,0,2,1,Gd,5,Typ,0,Not Applicable,Detchd,Unf,1,270,Other,Other,N,0,Not Applicable,0,WD,Normal,110000,1626,113,1.0,6.0,9756,13008,76,1,74.0,0.0,0.0,4065,3252,540.0,540.0,Level_1
452,20,RL,62.0,70761,Pave,Not Applicable,IR1,Other,Inside,Other,Norm,1Fam,1Story,7,5,1975,Gable,Other,Plywood,Plywood,Not Applicable,0.0,TA,TA,CBlock,Gd,TA,Gd,ALQ,655,Unf,878,1533,GasA,TA,Y,SBrkr,1533,0,0,1533,1,2,0,2,1,Gd,5,Typ,2,TA,Attchd,Unf,2,576,TA,TA,Y,0,Not Applicable,0,WD,Normal,280000,3066,254,3.0,7.0,21462,15330,31,31,31.0,0.0,0.0,4599,6132,1728.0,1728.0,Level_3
453,60,RL,69.0,9303,Pave,Not Applicable,IR1,Lvl,Corner,Gtl,Norm,1Fam,2Story,6,5,1996,Other,CompShg,VinylSd,VinylSd,BrkFace,42.0,Gd,TA,PConc,Ex,TA,No,ALQ,742,Unf,130,872,GasA,Ex,Y,SBrkr,888,868,0,1756,1,2,1,3,1,TA,7,Typ,0,Not Applicable,Attchd,Fin,2,422,TA,TA,Y,0,Not Applicable,0,WD,Normal,204000,2628,266,3.5,9.5,15768,13140,11,10,11.0,168.0,126.0,8780,5268,1266.0,1266.0,Level_4
454,60,FV,75.0,9000,Pave,Not Applicable,Reg,Lvl,Inside,Gtl,Norm,1Fam,2Story,8,5,2008,Gable,CompShg,VinylSd,VinylSd,Not Applicable,0.0,Gd,TA,PConc,Gd,TA,No,Unf,0,Unf,768,768,GasA,Ex,Y,SBrkr,786,804,0,1590,0,2,1,3,1,Gd,6,Typ,0,Not Applicable,Attchd,RFn,2,676,TA,TA,Y,0,Not Applicable,0,WD,Normal,210000,2358,30,2.5,8.5,18864,11790,1,1,1.0,0.0,0.0,7950,6360,2028.0,2028.0,Level_4
455,90,RL,63.0,9297,Pave,Not Applicable,Reg,Lvl,Inside,Gtl,Norm,Duplex,1Story,5,5,1976,Gable,CompShg,Plywood,Plywood,Not Applicable,0.0,TA,TA,CBlock,TA,TA,No,ALQ,1606,Unf,122,1728,GasA,TA,Y,SBrkr,1728,0,0,1728,2,2,0,4,2,TA,8,Typ,0,Not Applicable,Detchd,Unf,2,560,TA,TA,Y,0,Not Applicable,0,WD,Family,188000,3456,0,4.0,10.0,17280,17280,30,30,30.0,0.0,0.0,5184,5184,1680.0,1680.0,Level_2
456,20,RL,80.0,9600,Pave,Not Applicable,Reg,Lvl,Inside,Gtl,Norm,1Fam,1Story,7,6,1973,Other,CompShg,HdBoard,HdBoard,BrkFace,320.0,TA,TA,CBlock,TA,TA,No,ALQ,916,Unf,326,1242,GasA,Fa,Y,SBrkr,1242,0,0,1242,0,1,1,3,1,TA,6,Typ,1,TA,Attchd,Unf,2,528,TA,TA,Y,0,Not Applicable,0,WD,Normal,175500,2484,0,1.5,7.5,17388,14904,34,34,34.0,960.0,960.0,2484,3726,1584.0,1584.0,Level_3
457,70,RM,34.0,4571,Pave,Grvl,Reg,Lvl,Inside,Gtl,Norm,1Fam,2Story,5,5,1916,Gable,CompShg,AsbShng,AsbShng,Not Applicable,0.0,TA,TA,BrkTil,TA,TA,No,Unf,0,Unf,624,624,GasA,Fa,N,SBrkr,624,720,0,1344,0,1,0,4,1,TA,7,Typ,0,Not Applicable,Detchd,Unf,3,513,Other,Other,Y,0,Not Applicable,0,COD,Abnorml,98000,1968,96,1.0,8.0,9840,9840,92,58,92.0,0.0,0.0,2688,4032,1026.0,1026.0,Level_1
458,20,RL,69.0,53227,Pave,Not Applicable,IR1,Other,CulDSac,Other,Norm,1Fam,1Story,4,6,1954,Other,Other,Plywood,Plywood,Not Applicable,0.0,TA,TA,CBlock,Gd,TA,Gd,BLQ,1116,Unf,248,1364,GasA,Ex,Y,SBrkr,1663,0,0,1663,1,1,0,2,1,Gd,6,Other,2,Gd,Attchd,Fin,2,529,TA,TA,Y,0,Not Applicable,0,WD,Normal,256000,3027,361,2.0,7.0,12108,18162,54,14,54.0,0.0,0.0,8315,6652,1587.0,1587.0,Level_3
459,70,RM,69.0,5100,Pave,Grvl,Reg,Lvl,Inside,Gtl,Norm,1Fam,2Story,8,7,1925,Other,CompShg,Stucco,Wd Shng,Not Applicable,0.0,TA,Gd,PConc,TA,TA,No,Unf,0,Unf,588,588,GasA,Fa,Y,SBrkr,833,833,0,1666,0,1,0,3,1,Gd,7,Typ,1,Gd,Detchd,Unf,1,228,TA,TA,Y,0,MnPrv,0,WD,Normal,161000,2254,255,1.0,8.0,18032,15778,83,12,83.0,0.0,0.0,3332,6664,684.0,684.0,Level_1
460,50,RL,69.0,7015,Pave,Not Applicable,IR1,Other,Corner,Gtl,Norm,1Fam,1.5Fin,5,4,1950,Gable,CompShg,MetalSd,MetalSd,BrkCmn,161.0,TA,TA,CBlock,TA,TA,No,LwQ,185,Unf,524,709,GasA,TA,Y,SBrkr,979,224,0,1203,1,1,0,3,1,Gd,5,Typ,1,TA,Detchd,Unf,1,352,TA,TA,Y,0,Not Applicable,0,WD,Normal,110000,1912,248,2.0,6.0,9560,7648,59,59,59.0,483.0,483.0,3609,4812,1056.0,1056.0,Level_1
461,60,FV,75.0,8004,Pave,Not Applicable,IR1,Lvl,Inside,Gtl,Other,1Fam,2Story,8,5,2009,Gable,CompShg,VinylSd,VinylSd,Stone,110.0,Gd,TA,PConc,Gd,TA,No,GLQ,544,Unf,288,832,GasA,Ex,Y,SBrkr,832,1103,0,1935,1,2,1,3,1,TA,8,Typ,0,Not Applicable,BuiltIn,Fin,2,552,TA,TA,Y,0,Not Applicable,0,New,Partial,263435,2767,150,3.5,10.5,22136,13835,0,0,0.0,440.0,330.0,9675,5805,1656.0,1656.0,Level_4
462,70,RL,60.0,7200,Pave,Not Applicable,Reg,Lvl,Inside,Gtl,Other,1Fam,2Story,7,9,1936,Gable,CompShg,Wd Sdng,Wd Sdng,Not Applicable,0.0,Gd,Gd,PConc,Gd,Other,No,ALQ,350,Other,0,560,GasA,Ex,Y,SBrkr,575,560,0,1135,1,1,0,3,1,Gd,6,Typ,0,Not Applicable,Detchd,RFn,2,576,TA,TA,Y,0,MnPrv,0,WD,Normal,155000,1695,256,2.0,7.0,11865,15255,73,2,38.0,0.0,0.0,5675,4540,1728.0,1728.0,Level_2
463,20,RL,60.0,8281,Pave,Not Applicable,IR1,Lvl,Inside,Gtl,Norm,1Fam,1Story,5,5,1965,Gable,CompShg,MetalSd,MetalSd,Not Applicable,0.0,TA,TA,CBlock,TA,TA,No,Rec,553,Other,0,864,GasA,Gd,Y,SBrkr,864,0,0,864,0,1,0,3,1,TA,5,Typ,1,Po,Detchd,Unf,1,360,TA,TA,Y,0,GdWo,0,WD,Normal,62383,1728,236,1.0,6.0,8640,8640,44,44,44.0,0.0,0.0,3456,2592,1080.0,1080.0,Level_2
464,70,RL,74.0,11988,Pave,Not Applicable,IR1,Other,Inside,Other,Norm,1Fam,2Story,6,7,1934,Other,CompShg,Stucco,Stucco,Not Applicable,0.0,TA,TA,CBlock,TA,TA,No,LwQ,326,Unf,389,715,GasA,Fa,Y,FuseA,849,811,0,1660,0,1,1,3,1,TA,6,Typ,1,Gd,Detchd,Unf,1,240,TA,TA,Y,0,Not Applicable,0,WD,Normal,188700,2375,0,1.5,7.5,14250,16625,74,13,69.0,0.0,0.0,3320,4980,720.0,720.0,Level_4
465,20,RL,60.0,8430,Pave,Not Applicable,Reg,Other,Inside,Other,Norm,1Fam,1Story,5,5,1978,Gable,CompShg,HdBoard,HdBoard,BrkFace,136.0,TA,TA,CBlock,Gd,TA,No,Rec,616,Unf,424,1040,GasA,TA,Y,SBrkr,1040,0,0,1040,0,2,0,3,1,TA,5,Typ,0,Not Applicable,Not Applicable,Not Applicable,0,0,Other,Other,Y,0,Not Applicable,0,WD,Normal,124000,2080,0,2.0,7.0,10400,10400,31,31,29.0,408.0,408.0,3120,3120,,,Level_3
466,120,RM,69.0,3072,Pave,Not Applicable,Reg,Lvl,Inside,Gtl,Norm,TwnhsE,1Story,7,5,2004,Other,CompShg,VinylSd,VinylSd,BrkFace,18.0,Gd,TA,PConc,Gd,TA,No,Unf,0,Unf,1375,1375,GasA,Ex,Y,SBrkr,1414,0,0,1414,0,2,0,2,1,Gd,6,Typ,1,TA,Attchd,Fin,2,398,TA,TA,Y,0,Not Applicable,0,WD,Normal,178740,2789,164,2.0,8.0,19523,13945,2,2,2.0,72.0,54.0,7070,5656,1194.0,1194.0,Level_3
467,20,RL,85.0,10628,Pave,Not Applicable,Reg,Lvl,Inside,Gtl,Norm,1Fam,1Story,7,5,1970,Other,Other,Plywood,Plywood,Not Applicable,0.0,TA,Gd,CBlock,TA,Other,Gd,GLQ,778,Unf,499,1277,GasA,TA,Y,SBrkr,1277,0,0,1277,1,1,0,2,1,TA,5,Typ,1,Po,Attchd,Unf,2,526,TA,TA,Y,0,GdWo,0,WD,Normal,167000,2554,176,2.0,6.0,17878,12770,37,37,37.0,0.0,0.0,3831,3831,1578.0,1578.0,Level_2
468,70,RL,79.0,9480,Pave,Not Applicable,Reg,Lvl,Inside,Gtl,Other,1Fam,2Story,5,7,1942,Gable,CompShg,MetalSd,MetalSd,Stone,224.0,TA,TA,CBlock,TA,TA,No,LwQ,386,Unf,342,728,GasA,Ex,Y,SBrkr,888,756,0,1644,0,1,1,3,1,Gd,7,Typ,2,Gd,Attchd,Unf,1,312,TA,TA,Y,0,Not Applicable,0,WD,Normal,146500,2372,168,1.5,8.5,11860,16604,65,12,65.0,672.0,672.0,8220,6576,936.0,936.0,Level_2
469,20,RL,98.0,11428,Pave,Not Applicable,IR1,Lvl,Inside,Gtl,Norm,1Fam,1Story,8,5,2006,Gable,CompShg,VinylSd,VinylSd,Stone,248.0,Gd,TA,PConc,Gd,TA,No,Unf,0,Unf,1626,1626,GasA,Ex,Y,SBrkr,1634,0,0,1634,0,2,0,3,1,Gd,7,Typ,1,Gd,Attchd,RFn,3,866,TA,TA,Y,0,Not Applicable,0,WD,Normal,250000,3260,44,2.0,9.0,26080,16300,1,1,1.0,992.0,744.0,8170,6536,2598.0,2598.0,Level_4
470,60,RL,76.0,9291,Pave,Not Applicable,IR1,Lvl,Corner,Gtl,Other,1Fam,2Story,6,5,1993,Gable,CompShg,HdBoard,HdBoard,BrkFace,120.0,Gd,TA,PConc,Gd,TA,No,GLQ,426,Unf,406,832,GasA,Ex,Y,SBrkr,832,878,0,1710,0,2,1,3,1,Gd,7,Typ,0,Not Applicable,Attchd,RFn,2,506,TA,TA,Y,0,Not Applicable,0,WD,Normal,187000,2542,214,2.5,9.5,15252,12710,15,15,15.0,480.0,360.0,8550,6840,1518.0,1518.0,Level_3
471,120,RL,69.0,6820,Pave,Not Applicable,IR1,Lvl,Corner,Gtl,Norm,TwnhsE,1Story,8,5,1985,Gable,CompShg,HdBoard,HdBoard,Not Applicable,0.0,Gd,TA,PConc,Gd,TA,Av,GLQ,368,Other,0,1488,GasA,TA,Y,SBrkr,1502,0,0,1502,1,1,1,1,1,Gd,4,Typ,0,Not Applicable,Attchd,RFn,2,528,TA,TA,Y,0,Not Applicable,0,WD,Normal,212000,2990,194,2.5,5.5,23920,14950,25,25,25.0,0.0,0.0,4506,6008,1584.0,1584.0,Level_4
472,60,RL,92.0,11952,Pave,Not Applicable,Reg,Lvl,Inside,Gtl,Other,1Fam,2Story,7,6,1977,Other,Other,WdShing,Plywood,Not Applicable,0.0,TA,TA,CBlock,Gd,TA,No,Unf,0,Unf,808,808,GasA,TA,Y,SBrkr,1161,808,0,1969,0,2,1,3,1,TA,8,Typ,1,Gd,Attchd,RFn,2,534,TA,TA,Y,0,Not Applicable,0,WD,Normal,190000,2777,276,2.5,10.5,19439,16662,30,30,30.0,0.0,0.0,5907,5907,1602.0,1602.0,Level_3
473,180,RM,35.0,3675,Pave,Not Applicable,Reg,Lvl,Inside,Gtl,Norm,TwnhsE,SLvl,6,5,2005,Gable,CompShg,VinylSd,VinylSd,BrkFace,80.0,TA,TA,PConc,Gd,TA,Gd,GLQ,459,Unf,88,547,GasA,Ex,Y,SBrkr,1072,0,0,1072,1,1,0,2,1,TA,5,Typ,0,Not Applicable,Basment,RFn,2,525,TA,TA,Y,0,Not Applicable,0,WD,Normal,148000,1619,28,2.0,6.0,9714,8095,3,3,3.0,240.0,240.0,5360,3216,1575.0,1575.0,Level_1
474,20,RL,110.0,14977,Pave,Not Applicable,IR1,Lvl,Inside,Gtl,Norm,1Fam,1Story,8,5,2006,Gable,CompShg,VinylSd,VinylSd,BrkFace,304.0,Gd,TA,PConc,Ex,TA,Gd,GLQ,1350,Unf,626,1976,GasA,Ex,Y,SBrkr,1976,0,0,1976,1,2,0,2,1,Gd,7,Typ,1,Ex,Attchd,RFn,3,908,TA,TA,Y,0,Not Applicable,0,New,Partial,440000,3952,313,3.0,9.0,31616,19760,1,0,1.0,1216.0,912.0,9880,7904,2724.0,2724.0,Level_4
475,120,RL,41.0,5330,Pave,Not Applicable,Reg,Lvl,Inside,Gtl,Norm,TwnhsE,1Story,8,5,2000,Gable,CompShg,CemntBd,CmentBd,Not Applicable,0.0,Gd,TA,PConc,Gd,TA,Av,GLQ,1196,Unf,298,1494,GasA,Ex,Y,SBrkr,1652,0,0,1652,1,2,0,2,1,Ex,6,Typ,0,Not Applicable,Attchd,RFn,2,499,TA,TA,Y,0,Not Applicable,0,WD,Normal,251000,3146,144,3.0,8.0,25168,15730,7,7,7.0,0.0,0.0,8260,8260,1497.0,1497.0,Level_4
476,20,RL,80.0,8480,Pave,Not Applicable,Reg,Lvl,Corner,Gtl,Norm,1Fam,1Story,5,6,1963,Other,CompShg,HdBoard,HdBoard,Not Applicable,0.0,TA,TA,CBlock,TA,TA,No,GLQ,630,Unf,340,970,GasA,TA,Y,SBrkr,970,0,0,970,1,1,0,2,1,TA,5,Typ,0,Not Applicable,Detchd,Unf,2,624,TA,TA,Y,0,Not Applicable,0,WD,Normal,132500,1940,216,2.0,6.0,9700,11640,44,44,11.0,0.0,0.0,2910,2910,1872.0,1872.0,Level_2
477,20,RL,75.0,13125,Pave,Not Applicable,Reg,Lvl,Inside,Other,Norm,1Fam,1Story,6,5,1997,Gable,CompShg,VinylSd,VinylSd,BrkFace,215.0,TA,TA,PConc,Gd,TA,Gd,GLQ,994,Unf,484,1478,GasA,Ex,Y,SBrkr,1493,0,0,1493,1,2,0,3,1,Gd,7,Typ,1,TA,Attchd,Fin,2,508,TA,TA,Y,0,Not Applicable,0,WD,Normal,208900,2971,179,3.0,9.0,17826,14855,11,10,11.0,645.0,645.0,7465,5972,1524.0,1524.0,Level_3
478,60,RL,105.0,13693,Pave,Not Applicable,Reg,Lvl,Inside,Gtl,Norm,1Fam,2Story,9,5,2006,Other,CompShg,VinylSd,VinylSd,BrkFace,772.0,Ex,TA,PConc,Gd,TA,Av,Unf,0,Unf,2153,2153,GasA,Ex,Y,SBrkr,2069,574,0,2643,0,2,1,3,1,Ex,9,Typ,1,Gd,BuiltIn,Fin,3,694,TA,TA,Y,0,Not Applicable,0,WD,Normal,380000,4796,498,2.5,11.5,43164,23980,1,1,1.0,3860.0,2316.0,13215,13215,2082.0,2082.0,Level_4
479,20,RL,79.0,10637,Pave,Not Applicable,Reg,Lvl,Inside,Gtl,Norm,1Fam,1Story,8,5,2007,Other,CompShg,VinylSd,VinylSd,Stone,336.0,Gd,TA,PConc,Ex,TA,Gd,GLQ,1288,Unf,417,1705,GasA,Ex,Y,SBrkr,1718,0,0,1718,1,2,0,3,1,Gd,7,Typ,1,Gd,Attchd,RFn,3,826,TA,TA,Y,0,Not Applicable,0,WD,Normal,297000,3423,252,3.0,9.0,27384,17115,2,1,2.0,1344.0,1008.0,8590,6872,2478.0,2478.0,Level_3
480,30,RM,50.0,5925,Pave,Not Applicable,Reg,Other,Inside,Gtl,Norm,1Fam,1Story,4,7,1937,Other,CompShg,Stucco,Stucco,BrkCmn,435.0,TA,TA,BrkTil,Fa,TA,No,Rec,168,Unf,739,907,GasA,TA,Y,SBrkr,1131,0,0,1131,0,1,0,2,1,TA,7,Typ,0,Not Applicable,Detchd,Unf,2,672,TA,TA,Y,0,MnPrv,0,WD,Alloca,89471,2038,72,1.0,8.0,8152,14266,70,7,12.0,1305.0,1305.0,3393,3393,2016.0,2016.0,Level_1
481,20,RL,98.0,16033,Pave,Not Applicable,IR1,Lvl,FR2,Gtl,Norm,1Fam,1Story,9,5,2004,Other,CompShg,VinylSd,VinylSd,BrkFace,378.0,Gd,TA,PConc,Ex,TA,Gd,GLQ,1261,Unf,572,1833,GasA,Ex,Y,SBrkr,1850,0,0,1850,1,2,0,3,1,Gd,8,Typ,1,Gd,Attchd,Fin,3,772,TA,TA,Y,0,Not Applicable,0,WD,Normal,326000,3683,631,3.0,10.0,33147,18415,2,1,2.0,1512.0,1134.0,9250,7400,2316.0,2316.0,Level_4
482,20,RL,72.0,11846,Pave,Not Applicable,IR1,Other,Inside,Gtl,Norm,1Fam,1Story,9,5,2003,Other,CompShg,VinylSd,VinylSd,BrkFace,562.0,Gd,TA,PConc,Ex,TA,Gd,GLQ,1567,Unf,225,1792,GasA,Ex,Y,SBrkr,1792,0,0,1792,1,2,0,2,1,Ex,6,Typ,1,Gd,Attchd,Fin,3,874,TA,TA,Y,0,Not Applicable,0,WD,Normal,374000,3584,255,3.0,8.0,32256,17920,3,2,3.0,2248.0,1686.0,8960,8960,2622.0,2622.0,Level_4
483,70,RM,50.0,2500,Pave,Pave,Reg,Lvl,Corner,Gtl,Norm,1Fam,2Story,7,8,1915,Gable,CompShg,Stucco,Stucco,Not Applicable,0.0,Gd,TA,PConc,TA,TA,No,ALQ,299,Unf,611,910,GasA,Ex,Y,SBrkr,916,910,0,1826,1,1,1,4,1,Ex,7,Other,1,Gd,Attchd,Unf,1,164,Other,Other,Y,0,Not Applicable,0,WD,Normal,155000,2736,0,2.5,8.5,19152,21888,94,4,94.0,0.0,0.0,9130,9130,328.0,328.0,Level_1
484,120,RM,32.0,4500,Pave,Not Applicable,Reg,Lvl,FR2,Gtl,Norm,Twnhs,1Story,6,5,1998,Other,CompShg,VinylSd,VinylSd,BrkFace,116.0,TA,TA,PConc,Ex,TA,No,GLQ,897,Unf,319,1216,GasA,Ex,Y,SBrkr,1216,0,0,1216,1,2,0,2,1,TA,5,Typ,0,Not Applicable,Attchd,Unf,2,402,TA,TA,Y,0,Not Applicable,0,WD,Normal,164000,2432,125,3.0,7.0,14592,12160,8,8,8.0,348.0,348.0,6080,3648,1206.0,1206.0,Level_2
485,20,RL,69.0,7758,Pave,Not Applicable,IR1,Lvl,Corner,Gtl,Norm,1Fam,1Story,5,7,1962,Gable,CompShg,HdBoard,Plywood,Not Applicable,0.0,TA,Gd,CBlock,TA,TA,No,ALQ,588,Unf,411,999,GasA,Gd,Y,SBrkr,999,0,0,999,1,1,0,3,1,Gd,6,Typ,0,Not Applicable,Detchd,Unf,1,264,TA,TA,Y,0,Not Applicable,0,WD,Normal,132500,1998,132,2.0,7.0,9990,13986,45,6,44.0,0.0,0.0,3996,3996,792.0,792.0,Level_2
486,20,RL,80.0,9600,Pave,Not Applicable,Reg,Lvl,Inside,Gtl,Norm,1Fam,1Story,5,7,1950,Gable,CompShg,MetalSd,MetalSd,Not Applicable,0.0,Gd,TA,CBlock,TA,TA,No,ALQ,607,Unf,506,1113,GasA,Gd,Y,SBrkr,1113,0,0,1113,0,1,0,3,1,Gd,5,Typ,1,Gd,Attchd,Unf,1,264,TA,TA,Y,0,Not Applicable,0,WD,Normal,147000,2226,200,1.0,6.0,11130,15582,59,2,59.0,0.0,0.0,4452,4452,792.0,792.0,Level_2
487,20,RL,79.0,10289,Pave,Not Applicable,Reg,Lvl,Inside,Gtl,Norm,1Fam,1Story,5,7,1965,Other,CompShg,MetalSd,MetalSd,BrkFace,168.0,TA,TA,CBlock,TA,TA,No,ALQ,836,Unf,237,1073,GasA,TA,Y,SBrkr,1073,0,0,1073,1,1,1,3,1,TA,6,Typ,0,Not Applicable,Attchd,RFn,2,515,TA,TA,Y,0,Not Applicable,0,WD,Normal,156000,2146,0,2.5,7.5,10730,15022,42,42,42.0,504.0,504.0,3219,3219,1545.0,1545.0,Level_2
488,20,RL,70.0,12243,Pave,Not Applicable,IR1,Lvl,Inside,Gtl,Norm,1Fam,1Story,5,6,1971,Gable,CompShg,Plywood,Plywood,Not Applicable,0.0,TA,TA,CBlock,Gd,TA,Av,ALQ,998,Unf,486,1484,GasA,Gd,Y,SBrkr,1484,0,0,1484,0,2,0,3,1,TA,7,Typ,1,TA,Attchd,Unf,2,487,TA,TA,Y,0,Not Applicable,0,WD,Normal,175000,2968,404,2.0,9.0,14840,17808,36,36,36.0,0.0,0.0,5936,4452,1461.0,1461.0,Level_3
489,190,RL,60.0,10800,Pave,Not Applicable,Reg,Lvl,Corner,Gtl,Norm,2fmCon,1.5Fin,5,4,1900,Gable,CompShg,Wd Sdng,Wd Sdng,Not Applicable,0.0,TA,Fa,CBlock,TA,Other,No,BLQ,664,Unf,290,954,GasA,TA,N,FuseA,1766,648,0,2414,0,2,0,3,2,TA,10,Other,1,Gd,Attchd,Unf,2,520,TA,Other,N,0,Not Applicable,0,ConLD,Normal,160000,3368,142,2.0,12.0,16840,13472,106,36,36.0,0.0,0.0,7242,7242,1560.0,1040.0,Level_1
490,180,RM,21.0,1526,Pave,Not Applicable,Reg,Lvl,Inside,Gtl,Norm,Twnhs,SFoyer,4,8,1970,Gable,CompShg,CemntBd,CmentBd,Not Applicable,0.0,TA,Gd,CBlock,Gd,TA,Av,GLQ,515,Unf,115,630,GasA,TA,Y,SBrkr,630,0,0,630,1,1,0,1,1,Gd,3,Typ,0,Not Applicable,Attchd,Unf,1,286,TA,TA,Y,0,Not Applicable,0,WD,Normal,86000,1260,0,2.0,4.0,5040,10080,39,7,39.0,0.0,0.0,1890,2520,858.0,858.0,Level_1
491,160,RM,69.0,2665,Pave,Not Applicable,Reg,Lvl,Inside,Gtl,Norm,TwnhsE,2Story,5,6,1976,Gable,CompShg,CemntBd,CmentBd,Not Applicable,0.0,TA,TA,PConc,Gd,TA,Mn,Unf,0,Unf,264,264,GasA,TA,Y,SBrkr,616,688,0,1304,0,1,1,3,1,TA,4,Typ,1,Gd,BuiltIn,Fin,1,336,TA,TA,Y,0,Not Applicable,0,WD,Normal,115000,1568,165,1.5,5.5,7840,9408,32,32,32.0,0.0,0.0,3912,3912,1008.0,1008.0,Level_1
492,50,RL,79.0,9490,Pave,Not Applicable,Reg,Lvl,Inside,Gtl,Other,1Fam,1.5Fin,6,7,1941,Gable,CompShg,Wd Sdng,Wd Sdng,Not Applicable,0.0,TA,TA,CBlock,TA,TA,No,BLQ,403,Other,238,806,GasA,TA,Y,FuseA,958,620,0,1578,1,1,0,3,1,Fa,5,Typ,2,TA,Attchd,Unf,1,240,TA,TA,Y,0,MnPrv,0,WD,Normal,133000,2384,32,2.0,6.0,14304,16688,65,56,65.0,0.0,0.0,4734,3156,720.0,720.0,Level_2
493,60,RL,105.0,15578,Pave,Not Applicable,IR1,Lvl,Corner,Gtl,Norm,1Fam,2Story,6,5,2006,Gable,CompShg,VinylSd,VinylSd,Not Applicable,0.0,Gd,TA,PConc,Gd,TA,No,Unf,0,Unf,728,728,GasA,Gd,Y,SBrkr,728,728,0,1456,0,2,1,3,1,TA,8,Typ,0,Not Applicable,Attchd,RFn,2,429,TA,TA,Y,0,Not Applicable,0,New,Partial,172785,2184,0,2.5,10.5,13104,10920,0,0,0.0,0.0,0.0,5824,4368,1287.0,1287.0,Level_3
494,20,RL,70.0,7931,Pave,Not Applicable,Reg,Lvl,Inside,Gtl,Norm,1Fam,1Story,5,6,1960,Gable,CompShg,BrkFace,Wd Sdng,Not Applicable,0.0,TA,TA,CBlock,TA,TA,No,BLQ,374,Other,363,1269,GasA,TA,Y,FuseA,1269,0,0,1269,0,1,1,3,1,TA,6,Typ,1,Fa,Detchd,Unf,1,308,TA,TA,Y,0,Not Applicable,0,WD,Normal,155000,2538,0,1.5,7.5,12690,15228,48,48,44.0,0.0,0.0,3807,3807,924.0,924.0,Level_2
495,30,RM,50.0,5784,Pave,Not Applicable,Reg,Lvl,Inside,Gtl,Other,1Fam,1Story,5,8,1938,Gable,CompShg,MetalSd,MetalSd,Not Applicable,0.0,TA,TA,BrkTil,Fa,TA,No,Unf,0,Unf,190,190,GasA,Gd,Y,FuseA,886,0,0,886,0,1,0,2,1,TA,4,Typ,0,Not Applicable,Attchd,Unf,1,273,TA,TA,Y,0,Not Applicable,0,WD,Normal,91300,1076,244,1.0,5.0,5380,8608,71,13,71.0,0.0,0.0,3544,2658,819.0,819.0,Level_1
496,30,C (all),60.0,7879,Pave,Not Applicable,Reg,Lvl,Inside,Gtl,Norm,1Fam,1Story,4,5,1920,Gable,CompShg,Wd Sdng,Wd Sdng,Not Applicable,0.0,TA,TA,CBlock,TA,TA,No,Rec,495,Unf,225,720,GasA,TA,N,FuseA,720,0,0,720,0,1,0,2,1,TA,4,Typ,0,Not Applicable,Not Applicable,Not Applicable,0,0,Other,Other,N,0,GdWo,0,WD,Abnorml,34900,1440,638,1.0,5.0,5760,7200,89,59,29.0,0.0,0.0,2160,2160,,,Level_1
497,20,RL,69.0,12692,Pave,Not Applicable,IR1,Lvl,Inside,Gtl,Norm,1Fam,1Story,8,5,1992,Other,CompShg,BrkFace,BrkFace,Not Applicable,0.0,Gd,TA,PConc,Gd,TA,No,GLQ,1231,Unf,1969,3200,GasA,Ex,Y,SBrkr,3228,0,0,3228,1,3,0,4,1,Gd,10,Typ,1,Gd,Attchd,RFn,2,546,TA,TA,Y,0,Not Applicable,0,WD,Normal,430000,6428,630,4.0,13.0,51424,32140,15,14,15.0,0.0,0.0,16140,12912,1638.0,1638.0,Level_4
498,50,RL,60.0,9120,Pave,Pave,Reg,Lvl,Inside,Gtl,Norm,1Fam,1.5Fin,7,6,1925,Gable,CompShg,Wd Sdng,Wd Sdng,Not Applicable,0.0,TA,Gd,PConc,TA,TA,No,Rec,329,Unf,697,1026,GasA,Ex,Y,SBrkr,1133,687,0,1820,1,2,0,4,1,TA,8,Typ,0,Not Applicable,Detchd,Unf,1,240,TA,TA,N,0,GdPrv,0,WD,Normal,184000,2846,100,3.0,10.0,19922,17076,83,58,83.0,0.0,0.0,9100,5460,720.0,720.0,Level_1
499,20,RL,65.0,7800,Pave,Not Applicable,Reg,Lvl,Inside,Gtl,Norm,1Fam,1Story,5,7,1967,Other,CompShg,HdBoard,HdBoard,BrkFace,89.0,TA,TA,PConc,TA,TA,No,ALQ,450,Unf,414,864,GasA,Ex,Y,SBrkr,899,0,0,899,0,1,0,3,1,Gd,5,Typ,0,Not Applicable,Attchd,Fin,1,288,TA,TA,Y,0,MnPrv,0,WD,Normal,130000,1763,64,1.0,6.0,8815,12341,42,5,42.0,267.0,267.0,4495,3596,864.0,864.0,Level_2
500,20,RL,70.0,7535,Pave,Not Applicable,IR1,Lvl,Inside,Gtl,Norm,1Fam,1Story,5,7,1958,Gable,CompShg,MetalSd,MetalSd,Not Applicable,0.0,TA,TA,CBlock,TA,TA,No,BLQ,111,Other,522,912,GasA,Fa,Y,SBrkr,912,0,0,912,0,1,0,2,1,TA,5,Typ,0,Not Applicable,Attchd,Fin,1,297,TA,TA,Y,0,MnWw,480,WD,Normal,120000,1824,297,1.5,6.0,9120,12768,49,22,49.0,0.0,0.0,1824,2736,891.0,891.0,Level_2
501,160,RM,21.0,1890,Pave,Not Applicable,Reg,Lvl,Inside,Gtl,Norm,Twnhs,2Story,6,5,1973,Gable,CompShg,HdBoard,HdBoard,BrkFace,285.0,TA,TA,CBlock,TA,TA,No,BLQ,356,Unf,316,672,GasA,TA,Y,SBrkr,672,546,0,1218,0,1,1,3,1,TA,7,Typ,0,Not Applicable,Detchd,Unf,1,264,TA,TA,Y,0,Not Applicable,0,WD,Normal,113000,1890,172,1.5,8.5,11340,9450,34,34,34.0,855.0,855.0,3654,3654,792.0,792.0,Level_1
502,60,FV,75.0,9803,Pave,Not Applicable,Reg,Lvl,Inside,Gtl,Norm,1Fam,2Story,7,5,2005,Gable,CompShg,VinylSd,VinylSd,Not Applicable,0.0,Gd,TA,PConc,Gd,TA,No,GLQ,400,Unf,466,866,GasA,Gd,Y,SBrkr,866,902,0,1768,0,2,1,3,1,Gd,7,Typ,0,Not Applicable,Attchd,RFn,2,603,TA,TA,Y,0,Not Applicable,0,WD,Normal,226700,2634,108,2.5,9.5,18438,13170,3,3,3.0,0.0,0.0,7072,7072,1809.0,1809.0,Level_4
503,20,RL,70.0,9170,Pave,Not Applicable,Reg,Lvl,Corner,Gtl,Other,1Fam,1Story,5,7,1965,Other,CompShg,MetalSd,MetalSd,Not Applicable,0.0,TA,TA,CBlock,TA,TA,No,ALQ,698,Other,420,1214,GasA,Ex,Y,SBrkr,1214,0,0,1214,1,1,0,2,1,TA,6,Typ,0,Not Applicable,Detchd,Unf,2,461,Other,Other,Y,0,GdPrv,400,WD,Normal,140000,2428,184,2.0,7.0,12140,16996,42,42,42.0,0.0,0.0,6070,3642,922.0,922.0,Level_1
504,20,RL,100.0,15602,Pave,Not Applicable,IR1,Lvl,Inside,Gtl,Norm,1Fam,1Story,7,8,1959,Gable,CompShg,BrkFace,Wd Sdng,Not Applicable,0.0,TA,TA,CBlock,TA,TA,No,ALQ,1247,Unf,254,1501,GasA,TA,Y,SBrkr,1801,0,0,1801,1,2,0,1,1,TA,6,Typ,2,TA,Attchd,Fin,2,484,TA,TA,Y,0,GdWo,0,WD,Normal,289000,3302,215,3.0,8.0,23114,26416,51,13,51.0,0.0,0.0,5403,5403,1452.0,1452.0,Level_4
505,160,RL,24.0,2308,Pave,Not Applicable,Reg,Lvl,Inside,Gtl,Norm,TwnhsE,2Story,6,5,1974,Gable,CompShg,Plywood,Brk Cmn,Not Applicable,0.0,TA,TA,CBlock,TA,TA,No,ALQ,257,Other,103,855,GasA,TA,Y,SBrkr,855,467,0,1322,0,2,1,3,1,TA,6,Typ,1,Fa,Attchd,Unf,2,440,TA,TA,Y,0,Not Applicable,0,WD,Normal,147000,2177,260,3.0,8.5,13062,10885,35,35,35.0,0.0,0.0,3966,3966,1320.0,1320.0,Level_2
506,90,RM,60.0,7596,Pave,Grvl,Reg,Lvl,Inside,Gtl,Other,Duplex,2Story,5,5,1952,Other,CompShg,Wd Sdng,Wd Sdng,BrkFace,360.0,TA,TA,CBlock,TA,TA,No,Unf,0,Unf,960,960,GasA,Gd,Y,SBrkr,960,1000,0,1960,0,2,0,4,2,TA,10,Typ,0,Not Applicable,Detchd,Unf,2,400,TA,TA,N,0,Not Applicable,0,COD,Normal,124500,2920,0,2.0,12.0,14600,14600,57,57,57.0,1080.0,1080.0,7840,5880,1200.0,1200.0,Level_1
507,60,RL,80.0,9554,Pave,Not Applicable,IR1,Lvl,Inside,Gtl,Norm,1Fam,2Story,8,5,1993,Gable,CompShg,VinylSd,VinylSd,BrkFace,125.0,Gd,TA,PConc,Gd,TA,No,GLQ,380,Unf,397,777,GasA,Ex,Y,SBrkr,1065,846,0,1911,0,2,1,3,1,Gd,8,Typ,1,TA,Attchd,RFn,2,471,TA,TA,Y,0,Not Applicable,0,WD,Normal,215000,2688,263,2.5,10.5,21504,13440,13,12,13.0,500.0,375.0,9555,7644,1413.0,1413.0,Level_3
508,20,FV,75.0,7862,Pave,Not Applicable,IR1,Lvl,Inside,Gtl,Norm,1Fam,1Story,6,5,2009,Gable,CompShg,VinylSd,VinylSd,Not Applicable,0.0,Gd,TA,PConc,Gd,TA,No,GLQ,27,Unf,1191,1218,GasA,Ex,Y,SBrkr,1218,0,0,1218,0,2,0,2,1,Gd,4,Typ,0,Not Applicable,Attchd,Fin,2,676,TA,TA,Y,0,Not Applicable,0,New,Partial,208300,2436,102,2.0,6.0,14616,12180,0,0,0.0,0.0,0.0,6090,4872,2028.0,2028.0,Level_4
509,70,RM,60.0,9600,Pave,Not Applicable,Reg,Lvl,Inside,Gtl,Norm,1Fam,2Story,7,9,1928,Other,CompShg,MetalSd,MetalSd,Not Applicable,0.0,TA,Ex,BrkTil,TA,TA,No,Rec,141,Unf,548,689,GasA,Ex,Y,SBrkr,689,689,0,1378,0,2,0,3,1,Gd,7,Typ,1,Gd,Detchd,Unf,2,360,TA,TA,N,0,Not Applicable,0,WD,Normal,161000,2067,116,2.0,9.0,14469,18603,80,3,80.0,0.0,0.0,6890,5512,1080.0,1080.0,Level_1
510,20,RL,80.0,9600,Pave,Not Applicable,Reg,Lvl,Corner,Gtl,Norm,1Fam,1Story,5,6,1959,Gable,CompShg,MetalSd,MetalSd,BrkFace,132.0,TA,TA,CBlock,TA,TA,No,ALQ,991,Unf,50,1041,GasA,Ex,Y,SBrkr,1041,0,0,1041,1,1,0,3,1,TA,6,Typ,0,Not Applicable,Attchd,RFn,1,270,TA,TA,Y,0,MnPrv,0,WD,Normal,124500,2082,312,2.0,7.0,10410,12492,50,50,50.0,396.0,396.0,5205,3123,810.0,810.0,Level_2
511,20,RL,75.0,14559,Pave,Not Applicable,Reg,Lvl,Inside,Gtl,Norm,1Fam,1Story,5,7,1951,Other,CompShg,Wd Sdng,Wd Sdng,BrkCmn,70.0,Gd,TA,CBlock,TA,TA,No,BLQ,650,Other,178,1008,GasA,Ex,Y,SBrkr,1363,0,0,1363,1,1,0,2,1,TA,6,Other,2,TA,CarPort,Unf,1,288,TA,TA,Y,0,Not Applicable,2000,WD,Normal,164900,2371,534,2.0,7.0,11855,16597,58,9,58.0,280.0,210.0,6815,4089,864.0,864.0,Level_2
512,120,RL,40.0,6792,Pave,Not Applicable,IR1,Lvl,Inside,Gtl,Norm,TwnhsE,1Story,7,5,2005,Gable,CompShg,VinylSd,VinylSd,Stone,94.0,Gd,TA,PConc,Gd,TA,No,Unf,0,Unf,1368,1368,GasA,Ex,Y,SBrkr,1368,0,0,1368,0,2,0,2,1,Gd,6,Typ,1,Gd,Attchd,RFn,2,474,TA,TA,Y,0,Not Applicable,0,New,Partial,202665,2736,167,2.0,8.0,19152,13680,1,0,1.0,376.0,282.0,6840,5472,1422.0,1422.0,Level_4
513,20,RL,70.0,9100,Pave,Not Applicable,Reg,Lvl,Corner,Gtl,Other,1Fam,1Story,5,5,1958,Gable,CompShg,VinylSd,VinylSd,Not Applicable,0.0,TA,TA,CBlock,TA,TA,No,BLQ,521,Other,169,864,GasA,TA,Y,SBrkr,864,0,0,864,1,1,0,3,1,TA,5,Typ,0,Not Applicable,Detchd,Unf,2,624,TA,TA,Y,0,Not Applicable,0,WD,Normal,129900,1728,0,2.0,6.0,8640,8640,48,48,42.0,0.0,0.0,2592,2592,1872.0,1872.0,Level_2
514,20,RL,71.0,9187,Pave,Not Applicable,Reg,Other,Corner,Gtl,Norm,1Fam,1Story,6,5,1983,Gable,CompShg,VinylSd,VinylSd,Not Applicable,0.0,TA,Gd,PConc,TA,TA,No,ALQ,336,Unf,748,1084,GasA,TA,Y,SBrkr,1080,0,0,1080,0,1,1,3,1,TA,5,Typ,0,Not Applicable,Attchd,Unf,2,484,TA,TA,Y,0,Not Applicable,0,WD,Normal,134000,2164,278,1.5,6.5,12984,10820,24,24,24.0,0.0,0.0,3240,3240,1452.0,1452.0,Level_2
515,45,RL,55.0,10594,Pave,Not Applicable,Reg,Lvl,Inside,Gtl,Norm,1Fam,1.5Unf,5,5,1926,Gable,CompShg,Wd Sdng,Wd Sdng,Not Applicable,0.0,TA,TA,BrkTil,TA,TA,No,Unf,0,Unf,768,768,Other,Fa,N,SBrkr,789,0,0,789,0,1,0,2,1,TA,5,Typ,0,Not Applicable,Detchd,Unf,1,200,Other,Other,Y,0,MnPrv,0,WD,Normal,96500,1557,112,1.0,6.0,7785,7785,81,57,81.0,0.0,0.0,1578,2367,200.0,200.0,Level_4
516,20,RL,94.0,12220,Pave,Not Applicable,Reg,Lvl,Inside,Gtl,Norm,1Fam,1Story,10,5,2009,Other,CompShg,CemntBd,CmentBd,BrkFace,305.0,Ex,TA,CBlock,Ex,TA,No,GLQ,1436,Unf,570,2006,GasA,Ex,Y,SBrkr,2020,0,0,2020,1,2,1,3,1,Ex,9,Typ,1,Gd,Attchd,Fin,3,900,TA,TA,Y,0,Not Applicable,0,New,Partial,402861,4026,210,3.5,11.5,40260,20130,0,0,0.0,1525.0,915.0,10100,10100,2700.0,2700.0,Level_4
517,80,RL,69.0,10448,Pave,Not Applicable,IR1,Lvl,Corner,Gtl,Norm,1Fam,SLvl,6,6,1972,Gable,CompShg,HdBoard,HdBoard,BrkFace,333.0,TA,TA,CBlock,TA,TA,No,Unf,0,Unf,689,689,GasA,TA,Y,SBrkr,1378,741,0,2119,0,2,1,3,1,TA,7,Typ,1,TA,Attchd,RFn,2,583,TA,TA,Y,0,GdPrv,0,COD,Abnorml,158000,2808,104,2.5,9.5,16848,16848,37,37,37.0,999.0,999.0,6357,6357,1749.0,1749.0,Level_3
518,60,RL,79.0,10208,Pave,Not Applicable,IR1,Lvl,Inside,Gtl,Norm,1Fam,2Story,7,5,1996,Gable,CompShg,VinylSd,VinylSd,BrkFace,921.0,Gd,TA,PConc,Gd,TA,No,Unf,0,Unf,1264,1264,GasA,Ex,Y,SBrkr,1277,1067,0,2344,0,2,1,3,1,Gd,7,Typ,1,TA,Attchd,RFn,3,889,TA,TA,Y,0,Not Applicable,0,WD,Normal,265000,3608,220,2.5,9.5,25256,18040,13,12,13.0,3684.0,2763.0,11720,9376,2667.0,2667.0,Level_4
519,60,RL,69.0,9531,Pave,Not Applicable,IR1,Lvl,CulDSac,Gtl,Norm,1Fam,2Story,6,5,1998,Gable,CompShg,VinylSd,VinylSd,Not Applicable,0.0,TA,TA,PConc,Gd,TA,Mn,GLQ,706,Unf,88,794,GasA,Ex,Y,SBrkr,882,914,0,1796,1,2,1,3,1,TA,7,Typ,0,Not Applicable,Attchd,RFn,2,546,TA,TA,Y,0,MnPrv,0,WD,Normal,211000,2590,36,3.5,9.5,15540,12950,9,9,9.0,0.0,0.0,8980,5388,1638.0,1638.0,Level_3
520,70,RL,53.0,10918,Pave,Not Applicable,Reg,Lvl,Inside,Gtl,Norm,1Fam,2Story,7,9,1926,Other,CompShg,MetalSd,MetalSd,Not Applicable,0.0,Gd,TA,BrkTil,Gd,TA,No,Unf,0,Unf,1276,1276,GasA,Ex,Y,SBrkr,1276,804,0,2080,0,1,1,3,1,Gd,9,Typ,2,Gd,Detchd,Unf,1,282,TA,TA,Y,0,MnPrv,0,WD,Normal,234000,3356,145,1.5,10.5,23492,30204,83,5,83.0,0.0,0.0,10400,8320,846.0,846.0,Level_4
521,190,RL,60.0,10800,Pave,Grvl,Reg,Lvl,Inside,Gtl,Norm,2fmCon,2Story,4,7,1900,Gable,CompShg,MetalSd,MetalSd,Not Applicable,0.0,TA,TA,BrkTil,Not Applicable,Other,Not Applicable,Not Applicable,0,Other,0,0,GasA,TA,N,FuseA,694,600,0,1294,0,2,0,3,2,TA,7,Typ,0,Not Applicable,Not Applicable,Not Applicable,0,0,Other,Other,N,0,Not Applicable,0,WD,Normal,106250,1294,544,2.0,9.0,5176,9058,108,8,28.0,0.0,0.0,3882,3882,,,Level_1
522,20,RL,90.0,11988,Pave,Not Applicable,IR1,Lvl,Corner,Gtl,Other,1Fam,1Story,6,6,1957,Gable,CompShg,VinylSd,VinylSd,Not Applicable,0.0,TA,TA,CBlock,TA,TA,No,Rec,777,Unf,467,1244,GasA,Ex,Y,FuseA,1244,0,0,1244,0,1,1,3,1,TA,6,Typ,2,Gd,Attchd,Unf,1,336,TA,TA,Y,0,Not Applicable,0,WD,Normal,150000,2488,40,1.5,7.5,14928,14928,50,50,50.0,0.0,0.0,6220,3732,1008.0,1008.0,Level_2
523,50,RM,50.0,5000,Pave,Not Applicable,Reg,Lvl,Corner,Gtl,Other,1Fam,1.5Fin,6,7,1947,Gable,CompShg,CemntBd,CmentBd,Not Applicable,0.0,TA,Gd,CBlock,TA,TA,No,ALQ,399,Unf,605,1004,GasA,Ex,Y,SBrkr,1004,660,0,1664,0,2,0,3,1,TA,7,Typ,2,Gd,Detchd,Unf,2,420,TA,TA,Y,0,Not Applicable,0,WD,Normal,159000,2668,60,2.0,9.0,16008,18676,59,56,56.0,0.0,0.0,8320,4992,1260.0,1260.0,Level_1
524,60,RL,130.0,40094,Pave,Not Applicable,IR1,Other,Inside,Gtl,Other,1Fam,2Story,10,5,2007,Other,CompShg,CemntBd,CmentBd,Stone,762.0,Ex,TA,PConc,Ex,TA,Gd,GLQ,2260,Unf,878,3138,GasA,Ex,Y,SBrkr,3138,1538,0,4676,1,3,1,3,1,Ex,11,Typ,1,Gd,BuiltIn,Fin,3,884,TA,TA,Y,0,Not Applicable,0,New,Partial,184750,7814,614,4.5,14.5,78140,39070,0,-1,0.0,3810.0,2286.0,23380,23380,2652.0,2652.0,Level_1
525,60,RL,95.0,11787,Pave,Not Applicable,IR1,Lvl,Inside,Gtl,Norm,1Fam,2Story,7,5,1996,Gable,CompShg,VinylSd,VinylSd,BrkFace,594.0,Gd,TA,PConc,Gd,TA,No,GLQ,719,Unf,660,1379,GasA,Ex,Y,SBrkr,1383,1015,0,2398,1,2,1,3,1,Gd,8,Typ,1,TA,Attchd,Fin,3,834,TA,TA,Y,0,Not Applicable,0,WD,Normal,315750,3777,299,3.5,10.5,26439,18885,11,10,11.0,2376.0,1782.0,11990,9592,2502.0,2502.0,Level_4
526,20,FV,62.0,7500,Pave,Pave,Reg,Lvl,Inside,Gtl,Norm,1Fam,1Story,7,5,2005,Gable,CompShg,VinylSd,VinylSd,Not Applicable,0.0,Gd,TA,PConc,Gd,TA,No,Unf,0,Unf,1257,1257,GasA,Ex,Y,SBrkr,1266,0,0,1266,0,2,0,3,1,Gd,6,Typ,1,TA,Attchd,Unf,2,453,TA,TA,Y,0,Not Applicable,0,WD,Normal,176000,2523,182,2.0,8.0,17661,12615,1,1,1.0,0.0,0.0,6330,5064,1359.0,1359.0,Level_4
527,20,RL,70.0,13300,Pave,Not Applicable,Reg,Lvl,Inside,Gtl,Norm,1Fam,1Story,5,7,1956,Other,CompShg,Wd Sdng,Wd Sdng,Not Applicable,0.0,TA,TA,CBlock,Gd,TA,No,Rec,377,Unf,551,928,GasA,TA,Y,SBrkr,928,0,0,928,0,1,0,2,1,TA,4,Typ,0,Not Applicable,Attchd,Unf,1,252,TA,TA,Y,0,Not Applicable,0,WD,Normal,132000,1856,417,1.0,5.0,9280,12992,51,7,51.0,0.0,0.0,2784,2784,756.0,756.0,Level_2
528,60,RL,67.0,14948,Pave,Not Applicable,IR1,Lvl,Inside,Gtl,Norm,1Fam,2Story,9,5,2008,Other,CompShg,VinylSd,VinylSd,Stone,268.0,Ex,TA,PConc,Ex,TA,Av,GLQ,1330,Unf,122,1452,GasA,Ex,Y,SBrkr,1476,1237,0,2713,1,2,1,3,1,Ex,11,Typ,1,Gd,Attchd,Fin,3,858,TA,TA,Y,0,Not Applicable,0,New,Partial,446261,4165,192,3.5,13.5,37485,20825,0,0,0.0,1340.0,804.0,13565,13565,2574.0,2574.0,Level_4
529,30,RL,58.0,9098,Pave,Not Applicable,IR1,Lvl,Inside,Gtl,Norm,1Fam,1Story,4,7,1920,Gable,CompShg,Wd Sdng,Wd Sdng,Not Applicable,0.0,TA,TA,BrkTil,TA,TA,Mn,ALQ,348,Unf,180,528,GasA,Ex,Y,SBrkr,605,0,0,605,1,1,0,2,1,TA,5,Typ,0,Not Applicable,Not Applicable,Not Applicable,0,0,Other,Other,N,0,Not Applicable,0,WD,Normal,86000,1133,144,2.0,6.0,4532,7931,87,5,27.0,0.0,0.0,3025,1815,,,Level_1
530,20,RL,69.0,32668,Pave,Not Applicable,IR1,Lvl,CulDSac,Gtl,Norm,1Fam,1Story,6,3,1957,Other,CompShg,Wd Sdng,Stone,Not Applicable,0.0,Gd,TA,PConc,TA,TA,No,Rec,1219,Unf,816,2035,GasA,TA,Y,SBrkr,2515,0,0,2515,1,3,0,4,2,TA,9,Other,2,TA,Attchd,RFn,2,484,TA,TA,Y,0,Not Applicable,0,WD,Alloca,200624,4550,200,4.0,12.0,27300,13650,50,32,32.0,0.0,0.0,7545,7545,1452.0,1452.0,Level_4
531,80,RL,85.0,10200,Pave,Not Applicable,Reg,Lvl,Inside,Gtl,Norm,1Fam,SLvl,6,5,1988,Gable,CompShg,HdBoard,HdBoard,BrkFace,219.0,Gd,TA,CBlock,Gd,TA,Av,GLQ,783,Unf,678,1461,GasA,Ex,Y,SBrkr,1509,0,0,1509,1,2,0,3,1,Gd,5,Typ,1,Fa,Attchd,RFn,2,600,TA,TA,Y,0,Not Applicable,0,WD,Abnorml,175000,2970,224,3.0,7.0,17820,14850,20,19,20.0,876.0,657.0,7545,6036,1800.0,1800.0,Level_4
532,70,RM,60.0,6155,Pave,Not Applicable,IR1,Lvl,FR3,Gtl,Other,1Fam,2Story,6,8,1920,Gable,CompShg,Wd Sdng,Wd Sdng,Not Applicable,0.0,TA,TA,BrkTil,Fa,Other,Mn,Unf,0,Unf,611,611,GasA,Ex,Y,SBrkr,751,611,0,1362,0,2,0,3,1,TA,6,Typ,0,Not Applicable,Detchd,Fin,2,502,TA,Other,Y,0,Not Applicable,0,WD,Normal,128000,1973,84,2.0,8.0,11838,15784,88,9,88.0,0.0,0.0,6810,4086,1506.0,1004.0,Level_1
533,20,RL,60.0,7200,Pave,Not Applicable,Reg,Lvl,Inside,Gtl,Norm,1Fam,1Story,5,7,1955,Gable,CompShg,VinylSd,VinylSd,Not Applicable,0.0,TA,TA,Slab,Not Applicable,Other,Not Applicable,Not Applicable,0,Other,0,0,GasA,Ex,Y,SBrkr,827,0,0,827,0,1,0,2,1,TA,5,Other,1,Po,Detchd,Unf,1,392,TA,TA,Y,0,Not Applicable,0,WD,Normal,107500,827,0,1.0,6.0,4135,5789,55,3,43.0,0.0,0.0,4135,2481,1176.0,1176.0,Level_2
534,20,RL,50.0,5000,Pave,Not Applicable,Reg,Other,Inside,Other,Norm,1Fam,1Story,1,3,1946,Gable,CompShg,VinylSd,VinylSd,Not Applicable,0.0,Fa,Fa,Slab,Not Applicable,Other,Not Applicable,Not Applicable,0,Other,0,0,GasA,Fa,N,FuseF,334,0,0,334,0,1,0,1,1,Fa,2,Typ,0,Not Applicable,Not Applicable,Not Applicable,0,0,Other,Other,N,0,Not Applicable,0,WD,Normal,39300,334,0,1.0,3.0,334,1002,61,57,27.0,0.0,0.0,668,668,,,Level_1
535,60,RL,74.0,9056,Pave,Not Applicable,IR1,Lvl,Inside,Gtl,Norm,1Fam,2Story,8,5,2004,Gable,CompShg,VinylSd,VinylSd,Not Applicable,0.0,Gd,TA,PConc,Ex,Other,Av,Unf,0,Unf,707,707,GasA,Ex,Y,SBrkr,707,707,0,1414,0,2,1,3,1,Gd,6,Typ,1,Gd,Attchd,Fin,2,403,TA,TA,Y,0,Not Applicable,0,WD,Normal,178000,2121,135,2.5,8.5,16968,10605,2,2,2.0,0.0,0.0,7070,5656,1209.0,1209.0,Level_3
536,190,RL,70.0,7000,Pave,Not Applicable,Reg,Lvl,Inside,Gtl,Norm,2fmCon,2Story,5,7,1910,Gable,CompShg,MetalSd,MetalSd,Not Applicable,0.0,TA,TA,CBlock,Gd,TA,Gd,GLQ,969,Unf,148,1117,GasA,TA,Y,SBrkr,820,527,0,1347,1,1,0,3,1,TA,5,Typ,0,Not Applicable,Not Applicable,Not Applicable,0,0,Other,Other,N,0,Not Applicable,0,WD,Normal,107500,2464,233,2.0,6.0,12320,17248,98,17,28.0,0.0,0.0,4041,4041,,,Level_1
537,60,RL,57.0,8924,Pave,Not Applicable,IR1,Lvl,CulDSac,Gtl,Norm,1Fam,2Story,7,5,1998,Gable,CompShg,VinylSd,VinylSd,Not Applicable,0.0,TA,TA,PConc,Gd,TA,Av,Unf,0,Unf,880,880,GasA,Ex,Y,SBrkr,880,844,0,1724,0,2,1,3,1,Gd,8,Typ,0,Not Applicable,Attchd,Fin,2,527,TA,TA,Y,0,Not Applicable,0,WD,Normal,188000,2604,275,2.5,10.5,18228,13020,10,9,10.0,0.0,0.0,8620,6896,1581.0,1581.0,Level_3
538,20,RL,69.0,12735,Pave,Not Applicable,IR1,Lvl,FR2,Gtl,Norm,1Fam,1Story,4,5,1972,Other,CompShg,MetalSd,MetalSd,Not Applicable,0.0,TA,TA,CBlock,TA,TA,No,BLQ,600,Unf,264,864,GasA,TA,Y,SBrkr,864,0,0,864,0,1,0,3,1,TA,5,Typ,0,Not Applicable,Detchd,Unf,2,576,TA,TA,Y,0,MnWw,0,COD,Normal,111250,1728,216,1.0,6.0,6912,8640,36,36,28.0,0.0,0.0,2592,2592,1728.0,1728.0,Level_2
539,20,RL,69.0,11553,Pave,Not Applicable,IR1,Lvl,Inside,Gtl,Norm,1Fam,1Story,5,5,1968,Other,CompShg,Plywood,Plywood,BrkFace,188.0,TA,TA,CBlock,TA,TA,No,BLQ,673,Unf,378,1051,GasA,TA,Y,SBrkr,1159,0,0,1159,0,1,1,3,1,TA,7,Typ,1,Fa,Attchd,Unf,1,336,TA,TA,Y,0,Not Applicable,0,WD,Normal,158000,2210,466,1.5,8.5,11050,11050,38,38,38.0,564.0,564.0,3477,3477,1008.0,1008.0,Level_2
540,20,RL,69.0,11423,Pave,Not Applicable,Reg,Lvl,Inside,Gtl,Norm,1Fam,1Story,8,5,2001,Gable,CompShg,VinylSd,VinylSd,BrkFace,479.0,Gd,TA,PConc,Gd,TA,Av,GLQ,1358,Unf,223,1581,GasA,Ex,Y,SBrkr,1601,0,0,1601,1,2,0,3,1,Gd,6,Typ,1,TA,Attchd,RFn,2,670,TA,TA,Y,0,MnPrv,2000,WD,Normal,272000,3182,180,3.0,8.0,25456,15910,9,8,9.0,1916.0,1437.0,8005,6404,2010.0,2010.0,Level_3
541,20,RL,85.0,14601,Pave,Not Applicable,Reg,Lvl,Inside,Gtl,Norm,1Fam,1Story,9,5,2006,Other,CompShg,VinylSd,VinylSd,BrkFace,584.0,Ex,TA,PConc,Ex,TA,Av,GLQ,1260,Unf,578,1838,GasA,Ex,Y,SBrkr,1838,0,0,1838,1,2,0,2,1,Ex,8,Typ,1,Gd,Attchd,Fin,3,765,TA,TA,Y,0,Not Applicable,0,WD,Normal,315000,3676,338,3.0,10.0,33084,18380,3,3,3.0,2920.0,1752.0,9190,9190,2295.0,2295.0,Level_4
542,60,RL,69.0,11000,Pave,Not Applicable,Reg,Lvl,FR2,Gtl,Norm,1Fam,2Story,8,5,2000,Gable,CompShg,VinylSd,VinylSd,BrkFace,72.0,Gd,TA,PConc,Gd,TA,No,Unf,0,Unf,969,969,GasA,Ex,Y,SBrkr,997,1288,0,2285,0,2,1,4,1,Gd,8,Typ,1,TA,BuiltIn,Fin,3,648,TA,TA,Y,0,Not Applicable,0,WD,Normal,248000,3254,56,2.5,10.5,26032,16270,7,7,7.0,288.0,216.0,11425,9140,1944.0,1944.0,Level_4
543,20,RL,78.0,10140,Pave,Not Applicable,Reg,Lvl,Inside,Gtl,Other,1Fam,1Story,7,5,1998,Other,CompShg,VinylSd,VinylSd,Not Applicable,0.0,Gd,TA,PConc,Ex,TA,No,LwQ,144,Other,379,1650,GasA,Ex,Y,SBrkr,1680,0,0,1680,1,2,0,3,1,Gd,7,Other,1,TA,Attchd,Fin,2,583,TA,TA,Y,0,Not Applicable,0,WD,Normal,213250,3330,151,3.0,9.0,23310,16650,11,10,11.0,0.0,0.0,8400,6720,1749.0,1749.0,Level_3
544,120,RH,34.0,4058,Pave,Not Applicable,Reg,Lvl,Inside,Gtl,Norm,TwnhsE,SFoyer,7,5,1998,Gable,CompShg,MetalSd,MetalSd,BrkFace,182.0,TA,TA,PConc,Gd,TA,Av,GLQ,584,Other,0,723,GasA,Ex,Y,SBrkr,767,0,0,767,1,1,0,1,1,TA,4,Typ,0,Not Applicable,Attchd,Fin,1,367,TA,TA,Y,0,Not Applicable,0,WD,Normal,133000,1490,160,2.0,5.0,10430,7450,9,9,9.0,546.0,546.0,3835,2301,1101.0,1101.0,Level_2
545,60,RL,58.0,17104,Pave,Not Applicable,IR1,Lvl,Inside,Gtl,Norm,1Fam,2Story,7,5,2006,Gable,CompShg,VinylSd,VinylSd,Not Applicable,0.0,Gd,TA,PConc,Gd,Other,Av,GLQ,554,Unf,100,654,GasA,Ex,Y,SBrkr,664,832,0,1496,1,2,1,3,1,Gd,7,Typ,1,Gd,Attchd,RFn,2,426,TA,TA,Y,0,Not Applicable,0,New,Partial,179665,2150,124,3.5,9.5,15050,10750,0,0,0.0,0.0,0.0,7480,5984,1278.0,1278.0,Level_3
546,50,RL,69.0,13837,Pave,Not Applicable,IR1,Lvl,Corner,Gtl,Norm,1Fam,1.5Fin,7,5,1988,Gable,CompShg,HdBoard,HdBoard,BrkFace,178.0,Gd,Gd,PConc,Gd,Other,No,GLQ,1002,Other,0,1204,GasA,Gd,Y,SBrkr,1377,806,0,2183,0,2,1,4,1,Gd,9,Typ,0,Not Applicable,Attchd,Unf,3,786,TA,TA,Y,0,Not Applicable,0,WD,Normal,229000,3387,0,2.5,11.5,23709,16935,18,18,18.0,712.0,712.0,8732,8732,2358.0,2358.0,Level_3
547,50,RL,70.0,8737,Pave,Not Applicable,IR1,Other,Inside,Gtl,Norm,1Fam,1.5Fin,6,7,1923,Gable,CompShg,BrkFace,Wd Sdng,Not Applicable,0.0,TA,TA,BrkTil,Gd,TA,No,Rec,300,Unf,765,1065,GasA,Ex,Y,FuseA,915,720,0,1635,0,1,1,3,1,TA,6,Typ,1,Gd,Detchd,Unf,2,440,TA,TA,Y,0,Not Applicable,0,WD,Normal,210000,2700,182,1.5,7.5,16200,18900,84,57,57.0,0.0,0.0,8175,4905,1320.0,1320.0,Level_1
548,85,RL,54.0,7244,Pave,Not Applicable,Reg,Lvl,Inside,Gtl,Norm,1Fam,SFoyer,5,7,1970,Gable,CompShg,VinylSd,VinylSd,Not Applicable,0.0,TA,Gd,CBlock,Gd,TA,Av,ALQ,619,Unf,149,768,GasA,Ex,Y,SBrkr,768,0,0,768,1,1,0,2,1,TA,5,Typ,0,Not Applicable,Detchd,Unf,2,624,TA,TA,Y,0,Not Applicable,0,WD,Normal,129500,1536,104,2.0,6.0,7680,10752,37,37,20.0,0.0,0.0,3840,2304,1872.0,1872.0,Level_2
549,20,RM,49.0,8235,Pave,Not Applicable,IR1,Other,Inside,Gtl,Other,1Fam,1Story,5,7,1955,Gable,CompShg,MetalSd,MetalSd,Not Applicable,0.0,TA,Gd,CBlock,TA,TA,No,LwQ,180,Other,0,825,GasA,TA,Y,SBrkr,825,0,0,825,1,1,0,2,1,TA,4,Typ,0,Not Applicable,Detchd,RFn,2,720,TA,TA,Y,0,MnPrv,0,WD,Normal,125000,1650,190,2.0,5.0,8250,11550,53,13,45.0,0.0,0.0,2475,2475,2160.0,2160.0,Level_1
550,60,FV,75.0,9375,Pave,Not Applicable,Reg,Lvl,Inside,Gtl,Norm,1Fam,2Story,7,5,2003,Gable,CompShg,VinylSd,VinylSd,Not Applicable,0.0,Gd,TA,PConc,Gd,TA,No,Unf,0,Unf,912,912,GasA,Ex,Y,SBrkr,912,1182,0,2094,0,2,1,4,1,Gd,8,Typ,1,Gd,BuiltIn,Fin,2,615,TA,TA,Y,0,Not Applicable,0,WD,Normal,263000,3006,364,2.5,10.5,21042,15030,6,5,6.0,0.0,0.0,10470,8376,1845.0,1845.0,Level_4
551,120,RL,53.0,4043,Pave,Not Applicable,Reg,Lvl,Inside,Gtl,Norm,TwnhsE,1Story,6,6,1977,Gable,CompShg,Plywood,Plywood,Not Applicable,0.0,TA,TA,CBlock,Gd,TA,No,ALQ,559,Unf,510,1069,GasA,TA,Y,SBrkr,1069,0,0,1069,0,2,0,2,1,TA,4,Typ,0,Not Applicable,Attchd,RFn,2,440,TA,TA,Y,0,Not Applicable,0,COD,Abnorml,140000,2138,255,2.0,6.0,12828,12828,31,31,31.0,0.0,0.0,3207,3207,1320.0,1320.0,Level_2
552,20,RM,50.0,6000,Pave,Not Applicable,Reg,Lvl,Inside,Gtl,Norm,1Fam,1Story,5,6,1957,Other,CompShg,BrkFace,BrkFace,Not Applicable,0.0,TA,TA,CBlock,TA,TA,No,Rec,308,Unf,620,928,GasA,Gd,Y,FuseA,928,0,0,928,0,1,0,3,1,TA,5,Typ,0,Not Applicable,Attchd,Fin,1,288,TA,TA,Y,0,Not Applicable,0,WD,Normal,112500,1856,0,1.0,6.0,9280,11136,51,51,51.0,0.0,0.0,3712,2784,864.0,864.0,Level_1
553,20,RL,87.0,11146,Pave,Not Applicable,IR1,Lvl,Inside,Gtl,Norm,1Fam,1Story,8,5,2006,Gable,CompShg,VinylSd,VinylSd,Stone,250.0,Gd,TA,PConc,Ex,TA,Av,Unf,0,Unf,1709,1709,GasA,Ex,Y,SBrkr,1717,0,0,1717,0,2,0,3,1,Gd,7,Typ,1,Gd,Attchd,RFn,3,908,TA,TA,Y,0,Not Applicable,0,WD,Normal,255500,3426,208,2.0,9.0,27408,17130,3,3,3.0,1000.0,750.0,8585,6868,2724.0,2724.0,Level_4
554,20,RL,67.0,8777,Pave,Not Applicable,Reg,Lvl,Inside,Gtl,Other,1Fam,1Story,4,5,1949,Gable,CompShg,VinylSd,VinylSd,Not Applicable,0.0,TA,TA,CBlock,Not Applicable,Other,Not Applicable,Not Applicable,0,Other,0,0,GasA,Ex,Y,SBrkr,1126,0,0,1126,0,2,0,2,1,Gd,5,Typ,0,Not Applicable,Detchd,Fin,2,520,TA,TA,N,0,MnPrv,0,WD,Normal,108000,1126,96,2.0,7.0,4504,5630,60,6,7.0,0.0,0.0,5630,4504,1560.0,1560.0,Level_1
555,60,RL,85.0,10625,Pave,Not Applicable,Reg,Lvl,Inside,Gtl,Norm,1Fam,2Story,7,5,2003,Gable,CompShg,VinylSd,VinylSd,BrkFace,292.0,Gd,TA,PConc,Gd,TA,No,GLQ,866,Unf,132,998,GasA,Ex,Y,SBrkr,1006,1040,0,2046,1,2,1,3,1,Gd,8,Typ,1,Gd,BuiltIn,RFn,3,871,TA,TA,Y,0,Not Applicable,0,WD,Normal,284000,3044,382,3.5,10.5,21308,15220,5,4,5.0,1168.0,876.0,10230,8184,2613.0,2613.0,Level_4
556,45,RM,58.0,6380,Pave,Not Applicable,Reg,Lvl,Inside,Gtl,Norm,1Fam,1.5Unf,5,6,1922,Gable,CompShg,MetalSd,MetalSd,Not Applicable,0.0,TA,TA,BrkTil,TA,Other,No,Unf,0,Unf,993,993,GasA,TA,Y,FuseA,1048,0,0,1048,0,1,0,2,1,TA,5,Typ,1,Gd,Detchd,Unf,1,280,TA,TA,Y,0,Not Applicable,0,WD,Normal,113000,2041,116,1.0,6.0,10205,12246,84,56,84.0,0.0,0.0,3144,3144,840.0,840.0,Level_1
557,20,RL,69.0,14850,Pave,Not Applicable,IR1,Lvl,Inside,Gtl,Norm,1Fam,1Story,5,5,1957,Gable,CompShg,Wd Sdng,Wd Sdng,Not Applicable,0.0,TA,TA,CBlock,TA,TA,No,Rec,895,Unf,197,1092,GasA,TA,Y,FuseA,1092,0,0,1092,1,1,0,2,1,TA,6,Typ,1,TA,Attchd,Fin,1,299,TA,TA,Y,0,MnWw,0,WD,Normal,141000,2184,390,2.0,7.0,10920,10920,49,49,49.0,0.0,0.0,3276,3276,897.0,897.0,Level_2
558,50,C (all),60.0,11040,Pave,Not Applicable,Reg,Other,Inside,Other,Norm,1Fam,1.5Fin,4,6,1920,Gable,CompShg,MetalSd,MetalSd,Not Applicable,0.0,TA,TA,CBlock,TA,TA,No,Rec,637,Unf,0,637,GasA,Gd,Y,SBrkr,897,439,0,1336,0,1,1,3,1,TA,7,Typ,0,Not Applicable,CarPort,Unf,1,570,TA,TA,Y,0,Not Applicable,0,COD,Normal,108000,1973,167,1.5,8.5,7892,11838,86,56,12.0,0.0,0.0,5344,4008,1710.0,1710.0,Level_1
559,60,RL,57.0,21872,Pave,Not Applicable,IR2,Other,FR2,Gtl,Norm,1Fam,2Story,7,5,1996,Gable,CompShg,HdBoard,HdBoard,Not Applicable,0.0,TA,TA,PConc,Gd,TA,Gd,GLQ,604,Unf,125,729,GasA,Ex,Y,SBrkr,729,717,0,1446,0,2,1,3,1,TA,6,Typ,1,TA,Attchd,Unf,2,406,TA,TA,Y,0,Not Applicable,0,WD,Normal,175000,2175,286,3.0,8.5,15225,10875,12,11,12.0,0.0,0.0,7230,4338,1218.0,1218.0,Level_3
560,120,RL,69.0,3196,Pave,Not Applicable,Reg,Lvl,Inside,Gtl,Norm,TwnhsE,1Story,7,5,2003,Gable,CompShg,VinylSd,VinylSd,BrkFace,18.0,Gd,TA,PConc,Gd,TA,Gd,Unf,0,Unf,1374,1374,GasA,Ex,Y,SBrkr,1557,0,0,1557,0,2,0,2,1,Gd,7,Typ,1,TA,Attchd,Fin,2,420,TA,TA,Y,0,Not Applicable,0,WD,Normal,234000,2931,163,2.0,9.0,20517,14655,3,2,3.0,72.0,54.0,7785,6228,1260.0,1260.0,Level_3
561,20,RL,69.0,11341,Pave,Not Applicable,IR1,Lvl,Inside,Gtl,Norm,1Fam,1Story,5,6,1957,Other,CompShg,Wd Sdng,Wd Sdng,BrkFace,180.0,TA,TA,CBlock,Gd,TA,No,ALQ,1302,Unf,90,1392,GasA,TA,Y,SBrkr,1392,0,0,1392,1,1,1,3,1,TA,5,Other,1,Gd,Detchd,Unf,2,528,TA,TA,Y,0,Not Applicable,0,WD,Normal,121500,2784,95,2.5,6.5,13920,16704,53,14,53.0,540.0,540.0,4176,4176,1584.0,1584.0,Level_2
562,20,RL,77.0,10010,Pave,Not Applicable,Reg,Lvl,Inside,Other,Norm,1Fam,1Story,5,5,1974,Gable,CompShg,HdBoard,HdBoard,Not Applicable,0.0,TA,TA,CBlock,Gd,TA,Av,ALQ,1071,Other,195,1389,GasA,Gd,Y,SBrkr,1389,0,0,1389,1,1,0,2,1,TA,6,Typ,1,TA,Attchd,RFn,2,418,TA,TA,Y,0,Not Applicable,0,WD,Normal,170000,2778,278,2.0,7.0,13890,13890,32,31,31.0,0.0,0.0,5556,4167,1254.0,1254.0,Level_2
563,30,RL,63.0,13907,Pave,Not Applicable,Reg,Lvl,Inside,Gtl,Norm,1Fam,1Story,5,6,1940,Gable,CompShg,WdShing,Wd Shng,Not Applicable,0.0,TA,TA,CBlock,TA,TA,No,BLQ,290,Unf,706,996,GasA,Ex,Y,SBrkr,996,0,0,996,1,1,0,3,1,TA,6,Typ,1,Gd,Not Applicable,Not Applicable,0,0,Other,Other,Y,0,Not Applicable,0,WD,Normal,108000,1992,144,2.0,7.0,9960,11952,68,39,28.0,0.0,0.0,4980,2988,,,Level_1
564,50,RL,66.0,21780,Pave,Not Applicable,Reg,Lvl,Inside,Gtl,Norm,1Fam,1.5Fin,6,7,1918,Gable,CompShg,Wd Sdng,Wd Sdng,Not Applicable,0.0,TA,TA,BrkTil,Gd,TA,Mn,Unf,0,Unf,1163,1163,GasA,Ex,Y,SBrkr,1163,511,0,1674,0,2,0,4,1,TA,8,Typ,1,Gd,Detchd,Fin,2,396,TA,TA,N,0,Not Applicable,0,WD,Normal,185000,2837,252,2.0,10.0,17022,19859,90,58,53.0,0.0,0.0,8370,5022,1188.0,1188.0,Level_1
565,60,RL,69.0,13346,Pave,Not Applicable,IR1,Lvl,CulDSac,Gtl,Norm,1Fam,2Story,7,5,1992,Gable,CompShg,HdBoard,HdBoard,Not Applicable,0.0,Gd,TA,PConc,Gd,TA,No,GLQ,728,Unf,367,1095,GasA,Ex,Y,SBrkr,1166,1129,0,2295,1,2,1,4,1,Gd,9,Typ,1,TA,Attchd,RFn,2,590,TA,TA,Y,0,Not Applicable,0,WD,Normal,268000,3390,40,3.5,11.5,23730,16950,14,6,14.0,0.0,0.0,11475,9180,1770.0,1770.0,Level_4
566,70,RL,66.0,6858,Pave,Not Applicable,Reg,Other,Corner,Gtl,Norm,1Fam,2Story,6,4,1915,Gable,CompShg,Wd Sdng,Wd Sdng,Not Applicable,0.0,TA,TA,PConc,Gd,TA,No,Unf,0,Unf,806,806,GasA,TA,N,FuseF,841,806,0,1647,1,1,1,4,1,Fa,6,Typ,0,Not Applicable,Detchd,Unf,1,216,TA,TA,Y,0,Not Applicable,0,WD,Normal,128000,2453,202,2.5,7.5,14718,9812,95,60,90.0,0.0,0.0,4941,3294,648.0,648.0,Level_2
567,60,RL,77.0,11198,Pave,Not Applicable,IR1,Lvl,Inside,Gtl,Norm,1Fam,2Story,9,5,2005,Other,CompShg,VinylSd,VinylSd,BrkFace,245.0,Gd,TA,PConc,Gd,Other,No,Unf,0,Unf,1122,1122,GasA,Ex,Y,SBrkr,1134,1370,0,2504,0,2,1,4,1,Ex,11,Typ,1,Gd,BuiltIn,Fin,3,656,TA,TA,Y,0,Not Applicable,0,WD,Normal,325000,3626,183,2.5,13.5,32634,18130,3,1,3.0,980.0,735.0,12520,12520,1968.0,1968.0,Level_4
568,20,RL,70.0,10171,Pave,Not Applicable,IR1,Lvl,Inside,Gtl,Norm,1Fam,1Story,7,5,2004,Gable,CompShg,VinylSd,VinylSd,BrkFace,168.0,Gd,TA,PConc,Gd,TA,No,GLQ,2,Unf,1515,1517,GasA,Ex,Y,SBrkr,1535,0,0,1535,0,2,0,3,1,Gd,7,Typ,0,Not Applicable,Attchd,RFn,2,532,TA,TA,Y,0,Not Applicable,0,WD,Normal,214000,3052,0,2.0,9.0,21364,15260,6,6,6.0,672.0,504.0,7675,6140,1596.0,1596.0,Level_4
569,50,RL,79.0,12327,Pave,Not Applicable,IR1,Other,Inside,Other,Norm,1Fam,1.5Fin,8,8,1983,Gable,CompShg,Wd Sdng,Wd Sdng,Not Applicable,0.0,Gd,TA,CBlock,Gd,TA,Gd,GLQ,1441,Unf,55,1496,GasA,Ex,Y,SBrkr,1496,636,0,2132,1,1,1,1,1,Gd,5,Other,1,Gd,BuiltIn,Fin,2,612,Other,TA,Y,0,Not Applicable,0,WD,Normal,316600,3628,389,2.5,6.5,29024,29024,26,0,26.0,0.0,0.0,10660,8528,2448.0,1836.0,Level_3
570,90,RL,69.0,7032,Pave,Not Applicable,IR1,Lvl,Corner,Gtl,Norm,Duplex,SFoyer,5,5,1979,Gable,CompShg,MetalSd,MetalSd,Not Applicable,0.0,TA,TA,CBlock,Gd,TA,Gd,GLQ,943,Unf,0,943,GasA,TA,Y,SBrkr,943,0,0,943,1,1,0,2,1,TA,4,Typ,2,TA,Detchd,Unf,2,600,TA,TA,Y,0,Not Applicable,0,WD,Normal,135960,1886,42,2.0,5.0,9430,9430,27,27,27.0,0.0,0.0,2829,2829,1800.0,1800.0,Level_2
571,90,RL,74.0,13101,Pave,Not Applicable,IR1,Lvl,Inside,Gtl,Norm,Duplex,1Story,5,5,1965,Gable,CompShg,HdBoard,HdBoard,BrkFace,108.0,TA,TA,CBlock,TA,TA,No,LwQ,231,Unf,1497,1728,GasA,TA,Y,SBrkr,1728,0,0,1728,0,2,0,6,2,TA,10,Typ,0,Not Applicable,Detchd,Unf,2,576,TA,TA,Y,0,Not Applicable,0,WD,Normal,142600,3456,0,2.0,12.0,17280,17280,43,43,21.0,324.0,324.0,5184,5184,1728.0,1728.0,Level_2
572,20,RL,60.0,7332,Pave,Not Applicable,Reg,Lvl,Inside,Gtl,Norm,1Fam,1Story,6,6,1959,Gable,CompShg,WdShing,Wd Shng,BrkFace,207.0,TA,TA,CBlock,TA,TA,No,BLQ,414,Unf,450,864,GasA,Ex,Y,SBrkr,864,0,0,864,1,1,0,2,1,Gd,4,Typ,0,Not Applicable,Attchd,Unf,1,288,TA,TA,Y,0,Not Applicable,0,WD,Abnorml,120000,1728,168,2.0,5.0,10368,10368,47,47,47.0,621.0,621.0,4320,3456,864.0,864.0,Level_2
573,60,RL,83.0,13159,Pave,Not Applicable,IR1,Other,Corner,Gtl,Norm,1Fam,2Story,7,5,2009,Gable,CompShg,VinylSd,VinylSd,Not Applicable,0.0,TA,TA,PConc,Ex,TA,Av,Unf,0,Unf,846,846,GasA,Gd,Y,SBrkr,846,846,0,1692,0,2,1,3,1,Gd,6,Typ,0,Not Applicable,Attchd,RFn,2,650,TA,TA,Y,0,Not Applicable,0,New,Partial,224500,2538,322,2.5,8.5,17766,12690,0,0,0.0,0.0,0.0,6768,6768,1950.0,1950.0,Level_4
574,80,RL,76.0,9967,Pave,Not Applicable,IR1,Lvl,Inside,Gtl,Norm,1Fam,SLvl,7,5,2000,Gable,CompShg,VinylSd,VinylSd,Not Applicable,0.0,TA,TA,PConc,Gd,TA,No,Unf,0,Unf,384,384,GasA,Ex,Y,SBrkr,774,656,0,1430,0,2,1,3,1,TA,8,Typ,1,TA,BuiltIn,RFn,2,400,TA,TA,Y,0,Not Applicable,0,WD,Normal,170000,1814,100,2.5,10.5,12698,9070,7,7,7.0,0.0,0.0,7150,4290,1200.0,1200.0,Level_3
575,80,RL,70.0,10500,Pave,Not Applicable,Reg,Lvl,FR2,Gtl,Norm,1Fam,SLvl,5,7,1971,Other,CompShg,MetalSd,AsphShn,BrkFace,82.0,TA,TA,CBlock,TA,TA,Av,ALQ,349,Unf,23,372,GasA,TA,Y,SBrkr,576,533,0,1109,0,1,0,3,1,TA,5,Typ,0,Not Applicable,BuiltIn,Unf,1,288,TA,TA,Y,0,GdWo,0,WD,Normal,139000,1481,35,1.5,6.0,7405,10367,36,2,36.0,246.0,246.0,3327,3327,864.0,864.0,Level_2
576,50,RL,80.0,8480,Pave,Not Applicable,Reg,Lvl,Inside,Gtl,Norm,1Fam,1.5Fin,5,5,1947,Gable,CompShg,MetalSd,MetalSd,Not Applicable,0.0,TA,TA,CBlock,TA,TA,No,Rec,442,Unf,390,832,GasA,TA,Y,SBrkr,832,384,0,1216,0,1,0,2,1,TA,6,Typ,0,Not Applicable,Detchd,Unf,1,336,TA,TA,Y,0,Not Applicable,0,COD,Abnorml,118500,2048,260,1.0,7.0,10240,10240,61,58,61.0,0.0,0.0,3648,3648,1008.0,1008.0,Level_2
577,50,RL,52.0,6292,Pave,Not Applicable,Reg,Lvl,Inside,Gtl,Norm,1Fam,1.5Fin,7,7,1928,Gable,CompShg,Wd Sdng,Wd Sdng,Not Applicable,0.0,TA,TA,BrkTil,TA,TA,No,Unf,0,Unf,861,861,GasA,Gd,Y,SBrkr,877,600,0,1477,0,2,0,3,1,TA,6,Typ,1,Gd,Detchd,Unf,1,216,TA,TA,Y,0,Not Applicable,0,WD,Normal,145000,2338,50,2.5,8.0,16366,16366,81,59,81.0,0.0,0.0,5908,4431,648.0,648.0,Level_2
578,80,RL,96.0,11777,Pave,Not Applicable,IR1,Lvl,Inside,Gtl,Norm,1Fam,SLvl,5,6,1966,Gable,CompShg,VinylSd,VinylSd,BrkFace,97.0,TA,TA,CBlock,TA,TA,Av,LwQ,328,Other,285,1164,GasA,Ex,Y,SBrkr,1320,0,0,1320,1,1,0,3,1,TA,6,Typ,2,Fa,Attchd,RFn,2,564,TA,TA,Y,0,Not Applicable,0,WD,Abnorml,164500,2484,468,2.0,7.0,12420,14904,40,40,40.0,291.0,291.0,6600,3960,1692.0,1692.0,Level_2
579,160,FV,34.0,3604,Pave,Pave,Reg,Lvl,Corner,Gtl,Norm,TwnhsE,2Story,7,5,2007,Gable,CompShg,VinylSd,VinylSd,Not Applicable,0.0,Gd,TA,PConc,Gd,TA,No,Unf,0,Unf,689,689,GasA,Ex,Y,SBrkr,703,689,0,1392,0,2,0,2,1,Gd,5,Typ,0,Not Applicable,Detchd,Unf,2,540,TA,TA,Y,0,Not Applicable,0,WD,Abnorml,146000,2081,102,2.0,7.0,14567,10405,1,1,1.0,0.0,0.0,6960,5568,1620.0,1620.0,Level_4
580,50,RM,81.0,12150,Pave,Grvl,Reg,Lvl,Inside,Gtl,Norm,1Fam,1.5Fin,5,5,1954,Gable,CompShg,MetalSd,MetalSd,BrkFace,335.0,TA,TA,BrkTil,TA,TA,No,Unf,0,Unf,1050,1050,GasA,Ex,N,FuseF,1050,745,0,1795,0,2,0,4,1,TA,7,Typ,0,Not Applicable,Attchd,Unf,1,352,Other,TA,Y,0,Not Applicable,0,WD,Normal,131500,2845,0,2.0,9.0,14225,14225,54,54,54.0,1005.0,1005.0,8975,5385,704.0,1056.0,Level_1
581,20,RL,69.0,14585,Pave,Not Applicable,IR1,Lvl,CulDSac,Gtl,Norm,1Fam,1Story,6,6,1960,Gable,CompShg,Wd Sdng,Wd Sdng,BrkFace,85.0,TA,TA,CBlock,TA,TA,No,BLQ,594,Other,331,1144,GasA,Ex,Y,SBrkr,1429,0,0,1429,0,1,0,3,1,Gd,7,Typ,2,Gd,Attchd,Unf,2,572,TA,TA,Y,0,Not Applicable,0,WD,Normal,181900,2573,326,1.5,8.0,15438,15438,47,20,47.0,255.0,255.0,7145,5716,1716.0,1716.0,Level_2
582,20,RL,98.0,12704,Pave,Not Applicable,Reg,Lvl,Inside,Gtl,Norm,1Fam,1Story,8,5,2008,Other,CompShg,VinylSd,VinylSd,BrkFace,306.0,Ex,TA,PConc,Ex,TA,No,Unf,0,Unf,2042,2042,GasA,Ex,Y,SBrkr,2042,0,0,2042,0,2,1,3,1,Ex,8,Typ,1,Gd,Attchd,RFn,3,1390,TA,TA,Y,0,Not Applicable,0,New,Partial,253293,4084,90,2.5,10.5,32672,20420,1,0,0.0,1530.0,918.0,10210,10210,4170.0,4170.0,Level_4
583,90,RL,81.0,11841,Grvl,Not Applicable,Reg,Lvl,Inside,Gtl,Norm,Duplex,SFoyer,6,5,1990,Gable,CompShg,HdBoard,HdBoard,BrkFace,104.0,TA,Gd,CBlock,Gd,TA,Av,GLQ,816,Unf,0,816,GasA,TA,Y,SBrkr,816,0,0,816,1,1,0,3,1,TA,5,Typ,0,Not Applicable,Not Applicable,Not Applicable,0,0,Other,Other,Y,0,Not Applicable,0,WD,Normal,118500,1632,32,2.0,6.0,9792,8160,17,17,27.0,312.0,416.0,2448,2448,,,Level_1
584,75,RM,75.0,13500,Pave,Not Applicable,Reg,Lvl,Inside,Gtl,Other,1Fam,2.5Unf,10,9,1893,Gable,CompShg,Wd Sdng,Wd Sdng,Not Applicable,0.0,Ex,Ex,BrkTil,TA,TA,No,Unf,0,Unf,1237,1237,GasA,Gd,Y,SBrkr,1521,1254,0,2775,0,3,1,3,1,Gd,9,Typ,1,Gd,Detchd,Unf,2,880,Other,TA,Y,0,Not Applicable,0,WD,Normal,325000,4012,607,3.5,12.5,40120,36108,115,8,20.0,0.0,0.0,11100,11100,3520.0,2640.0,Level_1
585,50,RM,51.0,6120,Pave,Not Applicable,Reg,Lvl,Inside,Gtl,Norm,1Fam,1.5Fin,4,7,1935,Gable,CompShg,AsbShng,AsbShng,Not Applicable,0.0,TA,TA,BrkTil,TA,TA,No,Unf,0,Unf,884,884,GasA,Ex,Y,SBrkr,989,584,0,1573,0,1,0,3,1,Gd,6,Typ,0,Not Applicable,Detchd,Unf,1,240,TA,TA,Y,0,Not Applicable,0,WD,Normal,133000,2457,174,1.0,7.0,9828,17199,74,14,74.0,0.0,0.0,7865,6292,720.0,720.0,Level_1
586,20,RL,88.0,11443,Pave,Not Applicable,Reg,Lvl,Inside,Gtl,Norm,1Fam,1Story,8,5,2005,Other,CompShg,VinylSd,VinylSd,BrkFace,208.0,Gd,TA,PConc,Ex,TA,Gd,GLQ,1460,Unf,408,1868,GasA,Ex,Y,SBrkr,2028,0,0,2028,1,2,0,2,1,Gd,7,Typ,2,Gd,Attchd,RFn,3,880,TA,TA,Y,0,Not Applicable,0,New,Partial,369900,3896,392,3.0,9.0,31168,19480,1,0,1.0,832.0,624.0,10140,8112,2640.0,2640.0,Level_4
587,30,RL,55.0,10267,Pave,Not Applicable,Reg,Lvl,Inside,Gtl,Other,1Fam,1Story,6,7,1918,Gable,CompShg,Stucco,Wd Shng,Not Applicable,0.0,TA,Gd,BrkTil,TA,Other,Mn,Rec,210,Other,0,816,GasA,Ex,Y,SBrkr,838,0,0,838,1,1,0,2,1,Fa,5,Typ,0,Not Applicable,Detchd,Fin,1,275,TA,TA,N,0,MnWw,0,WD,Normal,130000,1654,112,2.0,6.0,9924,11578,90,8,47.0,0.0,0.0,4190,1676,825.0,825.0,Level_1
588,85,RL,74.0,8740,Pave,Not Applicable,IR1,Lvl,Inside,Gtl,Norm,1Fam,SFoyer,5,6,1982,Other,CompShg,HdBoard,HdBoard,Not Applicable,0.0,TA,TA,CBlock,TA,TA,Av,ALQ,672,Unf,168,840,GasA,TA,Y,SBrkr,860,0,0,860,1,1,0,2,1,TA,4,Typ,0,Not Applicable,Detchd,Unf,2,528,TA,TA,Y,0,Not Applicable,0,WD,Normal,137000,1700,0,2.0,5.0,8500,10200,27,27,13.0,0.0,0.0,2580,2580,1584.0,1584.0,Level_2
589,20,RL,65.0,25095,Pave,Not Applicable,IR1,Other,Inside,Other,Norm,1Fam,1Story,5,8,1968,Other,Other,Wd Sdng,Wd Sdng,Not Applicable,0.0,TA,TA,CBlock,TA,TA,Gd,GLQ,1324,Unf,113,1437,GasA,Ex,Y,SBrkr,1473,0,0,1473,2,1,0,1,1,Ex,5,Typ,2,Gd,Attchd,Unf,1,452,TA,TA,Y,0,Not Applicable,0,WD,Partial,143000,2910,108,3.0,6.0,14550,23280,41,6,41.0,0.0,0.0,7365,7365,1356.0,1356.0,Level_3
590,40,RM,50.0,9100,Pave,Not Applicable,Reg,Lvl,Inside,Gtl,Other,1Fam,1Story,5,6,1930,Gable,CompShg,VinylSd,VinylSd,Not Applicable,0.0,TA,TA,BrkTil,TA,TA,No,Unf,0,Unf,742,742,GasA,TA,Y,FuseA,779,0,156,935,0,1,0,2,1,TA,4,Typ,0,Not Applicable,Detchd,Unf,1,308,TA,TA,P,0,Not Applicable,600,WD,Normal,79500,1521,0,1.0,5.0,7605,9126,78,48,20.0,0.0,0.0,2805,2805,924.0,924.0,Level_1
591,60,RL,64.0,8320,Pave,Not Applicable,Reg,Lvl,Inside,Gtl,Norm,1Fam,2Story,7,5,2004,Gable,CompShg,VinylSd,VinylSd,Not Applicable,0.0,Gd,TA,PConc,Gd,TA,No,GLQ,490,Unf,280,770,GasA,Ex,Y,SBrkr,770,812,0,1582,0,2,1,3,1,Gd,6,Typ,0,Not Applicable,Attchd,RFn,2,520,TA,TA,Y,0,Not Applicable,0,WD,Normal,185900,2352,45,2.5,8.5,16464,11760,4,4,4.0,0.0,0.0,7910,6328,1560.0,1560.0,Level_3
592,60,RL,97.0,13478,Pave,Not Applicable,IR1,Lvl,Corner,Gtl,Norm,1Fam,2Story,10,5,2008,Gable,CompShg,CemntBd,CmentBd,Stone,420.0,Ex,TA,PConc,Ex,TA,Gd,GLQ,1338,Unf,384,1722,GasA,Ex,Y,SBrkr,1728,568,0,2296,1,2,1,3,1,Ex,10,Typ,1,Gd,BuiltIn,RFn,3,842,TA,TA,Y,0,Not Applicable,0,ConLI,Normal,451950,4018,656,3.5,12.5,40180,20090,1,1,1.0,2100.0,1260.0,11480,11480,2526.0,2526.0,Level_4
593,20,RL,60.0,6600,Pave,Not Applicable,Reg,Lvl,Inside,Gtl,Norm,1Fam,1Story,5,8,1982,Gable,CompShg,HdBoard,HdBoard,Not Applicable,0.0,TA,Gd,PConc,TA,Other,No,GLQ,816,Unf,0,816,GasA,Ex,Y,SBrkr,816,0,0,816,1,1,0,2,1,TA,4,Typ,0,Not Applicable,Detchd,Fin,2,816,TA,TA,Y,0,Not Applicable,0,WD,Normal,138000,1632,0,2.0,5.0,8160,13056,26,5,23.0,0.0,0.0,4080,2448,2448.0,2448.0,Level_2
594,120,RM,69.0,4435,Pave,Not Applicable,Reg,Lvl,Inside,Gtl,Norm,TwnhsE,1Story,6,5,2003,Gable,CompShg,VinylSd,VinylSd,BrkFace,170.0,Gd,TA,PConc,Gd,TA,Av,GLQ,685,Unf,163,848,GasA,Ex,Y,SBrkr,848,0,0,848,1,1,0,1,1,Gd,4,Typ,0,Not Applicable,Attchd,Fin,2,420,TA,TA,Y,0,Not Applicable,0,WD,Normal,140000,1696,140,2.0,5.0,10176,8480,6,6,6.0,680.0,510.0,4240,3392,1260.0,1260.0,Level_3
595,20,RL,88.0,7990,Pave,Not Applicable,IR1,Lvl,Inside,Gtl,Norm,1Fam,1Story,5,6,1975,Other,CompShg,HdBoard,HdBoard,Not Applicable,0.0,TA,TA,CBlock,Gd,TA,No,Unf,0,Unf,924,924,GasA,TA,Y,SBrkr,924,0,0,924,0,1,0,3,1,TA,5,Typ,0,Not Applicable,Detchd,Unf,1,280,TA,TA,Y,0,MnPrv,0,WD,Normal,110000,1848,0,1.0,6.0,9240,11088,33,33,27.0,0.0,0.0,2772,2772,840.0,840.0,Level_3
596,20,RL,69.0,11302,Pave,Not Applicable,IR1,Lvl,Inside,Gtl,Norm,1Fam,1Story,8,5,2005,Gable,CompShg,VinylSd,Other,BrkFace,238.0,Gd,TA,PConc,Gd,TA,Gd,GLQ,1422,Unf,392,1814,GasA,Ex,Y,SBrkr,1826,0,0,1826,1,2,0,3,1,Gd,7,Typ,1,TA,Attchd,Fin,3,758,TA,TA,Y,0,Not Applicable,0,New,Partial,319000,3640,375,3.0,9.0,29120,18200,1,0,1.0,952.0,714.0,9130,7304,2274.0,2274.0,Level_4
597,70,RM,60.0,3600,Pave,Grvl,Reg,Lvl,Inside,Gtl,Norm,1Fam,2Story,6,7,1910,Gable,CompShg,VinylSd,VinylSd,Not Applicable,0.0,TA,TA,CBlock,TA,TA,No,Unf,0,Unf,684,684,GasA,Ex,N,FuseA,684,684,0,1368,0,1,0,3,1,TA,7,Typ,0,Not Applicable,Detchd,Unf,1,216,TA,Other,N,0,Not Applicable,0,WD,Normal,114504,2052,158,1.0,8.0,12312,14364,96,13,76.0,0.0,0.0,6840,4104,648.0,432.0,Level_1
598,120,RL,53.0,3922,Pave,Not Applicable,Reg,Lvl,Inside,Gtl,Norm,TwnhsE,1Story,7,5,2006,Gable,CompShg,VinylSd,VinylSd,BrkFace,72.0,Gd,TA,PConc,Ex,TA,Av,Unf,0,Unf,1258,1258,GasA,Ex,Y,SBrkr,1402,0,0,1402,0,0,2,2,1,Gd,7,Typ,1,Gd,Attchd,Fin,3,648,TA,TA,Y,0,Not Applicable,0,New,Partial,194201,2660,136,2.0,8.0,18620,13300,1,0,1.0,288.0,216.0,7010,5608,1944.0,1944.0,Level_3
599,20,RL,80.0,12984,Pave,Not Applicable,Reg,Other,Inside,Gtl,Norm,1Fam,1Story,5,6,1977,Gable,CompShg,Plywood,Plywood,BrkFace,459.0,TA,TA,CBlock,Gd,TA,Mn,ALQ,1283,Other,0,1430,GasA,Ex,Y,SBrkr,1647,0,0,1647,1,2,0,3,1,Gd,7,Typ,1,TA,Attchd,Fin,2,621,TA,TA,Y,0,Not Applicable,0,WD,Normal,217500,3077,0,3.0,9.0,15385,18462,29,29,29.0,1377.0,1377.0,8235,6588,1863.0,1863.0,Level_4
600,160,RM,24.0,1950,Pave,Not Applicable,Reg,Lvl,Inside,Gtl,Norm,Twnhs,2Story,6,6,1980,Gable,CompShg,MetalSd,MetalSd,Not Applicable,0.0,TA,Gd,CBlock,Gd,TA,No,LwQ,81,Other,23,716,GasA,TA,Y,SBrkr,716,840,0,1556,1,2,1,3,1,TA,6,Typ,1,TA,Attchd,Fin,2,452,TA,TA,Y,0,GdPrv,0,COD,Normal,151000,2272,161,3.5,8.5,13632,13632,28,28,28.0,0.0,0.0,4668,4668,1356.0,1356.0,Level_2
601,60,RL,74.0,10927,Pave,Not Applicable,Reg,Lvl,Inside,Gtl,Norm,1Fam,2Story,8,5,2005,Gable,CompShg,VinylSd,VinylSd,BrkFace,280.0,Gd,TA,PConc,Gd,TA,Av,GLQ,546,Unf,512,1058,GasA,Ex,Y,SBrkr,1058,846,0,1904,1,2,1,3,1,Ex,8,Typ,1,Gd,BuiltIn,Fin,2,736,TA,TA,Y,0,Not Applicable,0,WD,Normal,275000,2962,239,3.5,10.5,23696,14810,1,1,3.0,1120.0,840.0,9520,9520,2208.0,2208.0,Level_4
602,50,RM,50.0,9000,Pave,Not Applicable,Reg,Other,Inside,Gtl,Norm,1Fam,1.5Fin,6,6,1937,Gable,CompShg,Wd Sdng,Wd Sdng,Not Applicable,0.0,TA,Gd,PConc,TA,TA,No,Unf,0,Unf,780,780,GasA,TA,Y,SBrkr,780,595,0,1375,0,1,1,3,1,Gd,6,Typ,1,Gd,Detchd,Unf,1,544,TA,TA,P,0,Not Applicable,0,WD,Normal,141000,2155,288,1.5,7.5,12930,12930,70,57,28.0,0.0,0.0,4125,5500,1632.0,1632.0,Level_1
603,60,RL,80.0,10041,Pave,Not Applicable,IR1,Lvl,Inside,Gtl,Norm,1Fam,2Story,8,5,1992,Gable,CompShg,HdBoard,HdBoard,Not Applicable,0.0,Gd,TA,PConc,Gd,TA,Mn,GLQ,789,Unf,119,908,GasA,Ex,Y,SBrkr,927,988,0,1915,1,2,1,3,1,Gd,8,Typ,1,TA,Attchd,Fin,2,506,TA,TA,Y,0,Not Applicable,0,WD,Abnorml,220000,2823,270,3.5,10.5,22584,14115,14,14,14.0,0.0,0.0,9575,7660,1518.0,1518.0,Level_3
604,160,FV,30.0,3182,Pave,Pave,Reg,Lvl,Inside,Gtl,Norm,TwnhsE,2Story,7,5,2004,Gable,CompShg,MetalSd,MetalSd,Not Applicable,0.0,Gd,TA,PConc,Gd,TA,No,Unf,0,Unf,600,600,GasA,Ex,Y,SBrkr,600,600,0,1200,0,2,1,2,1,Gd,4,Typ,0,Not Applicable,Detchd,RFn,2,480,TA,TA,Y,0,Not Applicable,0,WD,Normal,151000,1800,172,2.5,6.5,12600,9000,6,5,6.0,0.0,0.0,6000,4800,1440.0,1440.0,Level_4
605,20,RL,88.0,12803,Pave,Not Applicable,IR1,Lvl,Inside,Gtl,Norm,1Fam,1Story,7,5,2002,Gable,CompShg,VinylSd,VinylSd,BrkFace,99.0,Gd,TA,PConc,Gd,TA,Mn,GLQ,922,Unf,572,1494,GasA,Ex,Y,SBrkr,1494,0,0,1494,1,2,0,3,1,Gd,6,Typ,1,TA,Attchd,RFn,2,530,TA,TA,Y,0,Not Applicable,0,WD,Normal,221000,2988,228,3.0,8.0,20916,14940,6,6,6.0,396.0,297.0,7470,5976,1590.0,1590.0,Level_3
606,60,RL,85.0,13600,Pave,Not Applicable,Reg,Lvl,Inside,Gtl,Norm,1Fam,2Story,7,6,1965,Gable,CompShg,HdBoard,HdBoard,BrkFace,176.0,TA,TA,CBlock,TA,TA,No,BLQ,454,Unf,314,768,GasA,TA,Y,SBrkr,1186,800,0,1986,0,2,1,3,1,TA,7,Typ,3,Fa,Attchd,Unf,2,486,TA,TA,Y,0,Not Applicable,0,WD,Normal,205000,2754,231,2.5,9.5,19278,16524,44,19,44.0,528.0,528.0,5958,5958,1458.0,1458.0,Level_2
607,20,RL,82.0,12464,Pave,Not Applicable,IR2,Other,Corner,Other,Norm,1Fam,1Story,5,5,1996,Gable,CompShg,VinylSd,VinylSd,Not Applicable,0.0,TA,Gd,PConc,Gd,TA,No,GLQ,732,Unf,308,1040,GasA,Gd,Y,SBrkr,1040,0,0,1040,1,1,0,3,1,Gd,6,Typ,0,Not Applicable,Detchd,Unf,2,576,TA,TA,Y,0,GdPrv,0,WD,Normal,152000,2080,168,2.0,7.0,10400,10400,13,13,9.0,0.0,0.0,4160,4160,1728.0,1728.0,Level_3
608,20,RL,78.0,7800,Pave,Not Applicable,Reg,Other,Inside,Other,Norm,1Fam,2Story,5,8,1948,Gable,CompShg,MetalSd,MetalSd,Not Applicable,0.0,TA,Gd,CBlock,TA,Other,No,GLQ,603,Unf,293,896,GasA,Ex,Y,SBrkr,1112,896,0,2008,1,3,0,3,1,Ex,8,Typ,0,Not Applicable,Attchd,Unf,1,230,TA,TA,Y,0,Not Applicable,0,WD,Normal,225000,2904,103,4.0,11.0,14520,23232,58,4,58.0,0.0,0.0,10040,10040,690.0,690.0,Level_1
609,70,RL,78.0,12168,Pave,Not Applicable,Reg,Other,Inside,Other,Norm,1Fam,2Story,8,6,1934,Gable,CompShg,BrkFace,Wd Sdng,Not Applicable,0.0,TA,TA,PConc,Gd,TA,Mn,BLQ,428,Unf,537,965,GasA,TA,Y,SBrkr,1940,1254,0,3194,0,2,1,4,1,TA,10,Typ,2,Gd,Basment,Unf,2,380,TA,TA,Y,0,Not Applicable,0,WD,Alloca,359100,4159,0,2.5,12.5,33272,24954,73,9,73.0,0.0,0.0,9582,9582,1140.0,1140.0,Level_4
610,20,RL,61.0,7943,Pave,Not Applicable,Reg,Lvl,Inside,Gtl,Other,1Fam,1Story,4,5,1961,Gable,CompShg,VinylSd,VinylSd,BrkCmn,192.0,TA,Fa,CBlock,TA,TA,Mn,Rec,903,Unf,126,1029,GasA,Gd,Y,SBrkr,1029,0,0,1029,1,1,0,3,1,TA,5,Typ,0,Not Applicable,Attchd,Unf,1,261,TA,TA,Y,0,Not Applicable,0,WD,Normal,118500,2058,103,2.0,6.0,8232,10290,46,46,46.0,576.0,384.0,4116,3087,783.0,783.0,Level_2
611,60,RL,69.0,11050,Pave,Not Applicable,Reg,Lvl,Inside,Gtl,Other,1Fam,2Story,9,5,2000,Other,CompShg,VinylSd,VinylSd,BrkFace,204.0,Gd,TA,PConc,Ex,TA,Mn,GLQ,904,Unf,536,1440,GasA,Ex,Y,SBrkr,1476,677,0,2153,1,2,1,3,1,Ex,8,Typ,2,Ex,Attchd,Fin,3,736,TA,TA,Y,0,Not Applicable,0,WD,Normal,313000,3593,395,3.5,10.5,32337,17965,9,9,9.0,816.0,612.0,10765,10765,2208.0,2208.0,Level_3
612,80,RL,69.0,10395,Pave,Not Applicable,IR1,Lvl,FR2,Gtl,Norm,1Fam,SLvl,6,6,1978,Gable,CompShg,HdBoard,HdBoard,BrkFace,233.0,TA,TA,CBlock,Gd,TA,Av,ALQ,605,Unf,427,1032,GasA,TA,Y,SBrkr,1032,0,0,1032,0,2,0,3,1,TA,6,Typ,1,TA,Attchd,Unf,2,564,TA,TA,Y,0,MnPrv,500,WD,Normal,148000,2064,0,2.5,8.0,12384,12384,29,29,29.0,699.0,699.0,3096,3096,1692.0,1692.0,Level_3
613,60,RL,69.0,11885,Pave,Not Applicable,Reg,Lvl,Inside,Gtl,Norm,1Fam,2Story,8,5,2001,Gable,CompShg,VinylSd,VinylSd,BrkFace,108.0,Gd,TA,PConc,Gd,TA,Av,GLQ,990,Unf,309,1299,GasA,Ex,Y,SBrkr,1299,573,0,1872,1,2,1,3,1,Ex,7,Typ,1,TA,BuiltIn,RFn,2,531,TA,TA,Y,0,Not Applicable,0,WD,Normal,261500,3171,282,3.5,9.5,25368,15855,8,8,8.0,432.0,324.0,9360,9360,1593.0,1593.0,Level_3
614,20,RL,70.0,8402,Pave,Not Applicable,Reg,Lvl,Inside,Gtl,Other,1Fam,1Story,5,5,2007,Gable,CompShg,VinylSd,VinylSd,Not Applicable,0.0,TA,TA,PConc,Gd,TA,No,ALQ,206,Unf,914,1120,GasA,Ex,Y,SBrkr,1120,0,0,1120,0,1,0,3,1,TA,6,Typ,0,Not Applicable,Not Applicable,Not Applicable,0,0,Other,Other,Y,0,Not Applicable,0,New,Partial,147000,2240,30,1.0,7.0,11200,11200,0,0,27.0,0.0,0.0,5600,3360,,,Level_2
615,180,RM,21.0,1491,Pave,Not Applicable,Reg,Lvl,Inside,Gtl,Norm,TwnhsE,SFoyer,4,6,1972,Gable,CompShg,CemntBd,CmentBd,Not Applicable,0.0,TA,TA,CBlock,Gd,TA,Av,LwQ,150,Other,0,630,GasA,Ex,Y,SBrkr,630,0,0,630,1,1,0,1,1,TA,3,Typ,0,Not Applicable,Not Applicable,Not Applicable,0,0,Other,Other,Y,0,Not Applicable,0,WD,Normal,75500,1260,120,2.0,4.0,5040,7560,38,38,30.0,0.0,0.0,3150,1890,,,Level_1
616,85,RL,80.0,8800,Pave,Not Applicable,Reg,Lvl,Inside,Gtl,Other,1Fam,SFoyer,6,7,1963,Gable,CompShg,MetalSd,MetalSd,BrkFace,156.0,TA,Gd,PConc,TA,TA,Gd,GLQ,763,Unf,173,936,GasA,Ex,Y,SBrkr,1054,0,0,1054,1,1,0,3,1,Gd,6,Typ,0,Not Applicable,Attchd,RFn,2,480,TA,TA,Y,0,MnPrv,0,WD,Abnorml,137500,1990,120,2.0,7.0,11940,13930,47,47,47.0,468.0,624.0,5270,4216,1440.0,1440.0,Level_2
617,60,RL,69.0,7861,Pave,Not Applicable,IR1,Lvl,Inside,Gtl,Norm,1Fam,2Story,6,5,2002,Gable,CompShg,VinylSd,VinylSd,Not Applicable,0.0,Gd,TA,PConc,Gd,TA,No,GLQ,457,Unf,326,783,GasA,Ex,Y,SBrkr,807,702,0,1509,1,2,1,3,1,Gd,7,Typ,1,Gd,Attchd,Fin,2,393,TA,TA,Y,0,Not Applicable,0,WD,Normal,183200,2292,175,3.5,9.5,13752,11460,4,3,4.0,0.0,0.0,7545,6036,1179.0,1179.0,Level_3
618,45,RL,59.0,7227,Pave,Not Applicable,Reg,Other,Corner,Other,Other,1Fam,1.5Unf,6,6,1954,Gable,CompShg,MetalSd,MetalSd,Not Applicable,0.0,TA,TA,CBlock,TA,TA,No,Unf,0,Unf,832,832,GasA,Gd,Y,SBrkr,832,0,0,832,0,1,0,2,1,Gd,4,Typ,0,Not Applicable,Detchd,Unf,2,528,TA,TA,Y,0,Not Applicable,0,WD,Normal,105500,1664,0,1.0,5.0,9984,9984,54,54,46.0,0.0,0.0,3328,3328,1584.0,1584.0,Level_2
619,20,RL,90.0,11694,Pave,Not Applicable,Reg,Lvl,Inside,Gtl,Norm,1Fam,1Story,9,5,2007,Other,CompShg,CemntBd,CmentBd,BrkFace,452.0,Ex,TA,PConc,Ex,TA,Av,GLQ,48,Unf,1774,1822,GasA,Ex,Y,SBrkr,1828,0,0,1828,0,2,0,3,1,Gd,9,Typ,1,Gd,Attchd,Unf,3,774,TA,TA,Y,0,Not Applicable,0,New,Partial,314813,3650,368,2.0,11.0,32850,18250,0,0,0.0,2260.0,1356.0,9140,7312,2322.0,2322.0,Level_4
620,60,RL,85.0,12244,Pave,Not Applicable,Reg,Lvl,Inside,Gtl,Norm,1Fam,2Story,8,5,2003,Other,CompShg,VinylSd,VinylSd,Stone,226.0,Gd,TA,PConc,Gd,TA,Gd,GLQ,871,Unf,611,1482,GasA,Ex,Y,SBrkr,1482,780,0,2262,1,2,1,4,1,Gd,10,Typ,2,Gd,Attchd,Fin,3,749,TA,TA,Y,0,Not Applicable,0,WD,Normal,305000,3744,168,3.5,12.5,29952,18720,5,5,5.0,904.0,678.0,11310,9048,2247.0,2247.0,Level_4
621,30,RL,45.0,8248,Pave,Grvl,Reg,Lvl,Inside,Gtl,Norm,1Fam,1Story,3,3,1914,Gable,CompShg,Stucco,Stucco,Not Applicable,0.0,TA,TA,BrkTil,TA,TA,No,BLQ,41,Unf,823,864,GasA,TA,N,FuseF,864,0,0,864,1,1,0,2,1,TA,5,Typ,0,Not Applicable,Not Applicable,Not Applicable,0,0,Other,Other,N,0,Not Applicable,0,WD,Normal,67000,1728,100,2.0,6.0,5184,5184,94,58,28.0,0.0,0.0,2592,2592,,,Level_1
622,60,RL,90.0,10800,Pave,Not Applicable,Reg,Lvl,Inside,Gtl,Norm,1Fam,2Story,6,7,1974,Gable,CompShg,HdBoard,HdBoard,Not Applicable,0.0,TA,TA,CBlock,TA,TA,No,ALQ,956,Other,384,1522,GasA,TA,Y,SBrkr,1548,1066,0,2614,0,2,1,4,1,TA,9,Typ,1,TA,Attchd,RFn,2,624,TA,TA,Y,0,Not Applicable,0,WD,Normal,240000,4136,281,2.5,11.5,24816,28952,34,11,34.0,0.0,0.0,7842,7842,1872.0,1872.0,Level_3
623,20,RL,71.0,7064,Pave,Not Applicable,Reg,Lvl,Inside,Gtl,Norm,1Fam,1Story,5,6,1977,Gable,CompShg,Plywood,Plywood,BrkFace,153.0,TA,TA,CBlock,TA,TA,No,BLQ,560,Unf,420,980,GasA,TA,Y,SBrkr,980,0,0,980,0,1,0,3,1,TA,6,Typ,0,Not Applicable,Detchd,Unf,2,484,TA,TA,Y,0,Not Applicable,0,WD,Normal,135000,1960,192,1.0,7.0,9800,11760,32,32,23.0,459.0,459.0,2940,2940,1452.0,1452.0,Level_2
624,160,FV,69.0,2117,Pave,Not Applicable,Reg,Lvl,Inside,Gtl,Norm,TwnhsE,2Story,6,5,2000,Gable,CompShg,MetalSd,MetalSd,BrkFace,513.0,Gd,TA,PConc,Gd,TA,No,GLQ,420,Unf,336,756,GasA,Ex,Y,SBrkr,756,756,0,1512,0,2,1,2,1,Gd,4,Typ,1,TA,Detchd,Unf,2,440,TA,TA,Y,0,Not Applicable,0,WD,Normal,168500,2268,32,2.5,6.5,13608,11340,7,7,7.0,2052.0,1539.0,7560,6048,1320.0,1320.0,Level_4
625,60,RL,80.0,10400,Pave,Not Applicable,Reg,Lvl,Inside,Gtl,Norm,1Fam,2Story,6,5,1972,Gable,CompShg,VinylSd,VinylSd,Not Applicable,288.0,TA,TA,CBlock,TA,TA,No,Rec,247,Unf,485,732,GasA,Gd,Y,SBrkr,1012,778,0,1790,1,1,2,4,1,TA,8,Other,1,TA,Attchd,RFn,2,484,TA,TA,Y,0,Not Applicable,0,WD,Normal,165150,2522,295,3.0,10.0,15132,12610,34,34,34.0,864.0,864.0,7160,5370,1452.0,1452.0,Level_3
626,20,RL,87.0,10000,Pave,Not Applicable,IR1,Lvl,Corner,Gtl,Norm,1Fam,1Story,6,6,1962,Other,CompShg,Wd Sdng,Wd Sdng,BrkFace,261.0,TA,TA,CBlock,TA,TA,No,Unf,0,Unf,1116,1116,GasA,TA,Y,SBrkr,1116,0,0,1116,0,1,1,3,1,TA,5,Typ,0,Not Applicable,Attchd,Unf,2,440,TA,TA,Y,0,Not Applicable,0,WD,Normal,160000,2232,385,1.5,6.5,13392,13392,48,48,48.0,783.0,783.0,3348,3348,1320.0,1320.0,Level_2
627,20,RL,69.0,12342,Pave,Not Applicable,IR1,Lvl,Inside,Gtl,Norm,1Fam,1Story,5,5,1960,Other,CompShg,Wd Sdng,Wd Sdng,Not Applicable,0.0,TA,TA,CBlock,TA,TA,No,Unf,0,Unf,978,978,GasA,TA,Y,SBrkr,1422,0,0,1422,0,1,0,3,1,TA,6,Other,1,TA,Attchd,RFn,1,286,TA,TA,Y,0,GdWo,600,WD,Normal,139900,2400,36,1.0,7.0,12000,12000,47,29,47.0,0.0,0.0,4266,4266,858.0,858.0,Level_2
628,80,RL,80.0,9600,Pave,Not Applicable,Reg,Lvl,Inside,Gtl,Norm,1Fam,SLvl,6,6,1955,Gable,CompShg,AsbShng,AsbShng,BrkFace,164.0,TA,TA,CBlock,TA,TA,Av,BLQ,674,Other,350,1156,GasA,Ex,Y,SBrkr,1520,0,0,1520,1,1,0,3,1,TA,7,Typ,2,Gd,Basment,RFn,1,364,TA,TA,Y,0,Not Applicable,0,WD,Normal,153000,2676,189,2.0,8.0,16056,16056,55,38,55.0,492.0,492.0,7600,4560,1092.0,1092.0,Level_2
629,60,RL,70.0,11606,Pave,Not Applicable,IR1,Other,Inside,Other,Norm,1Fam,2Story,5,5,1969,Gable,CompShg,Plywood,Plywood,BrkFace,192.0,TA,TA,PConc,Gd,TA,Av,Rec,650,Unf,390,1040,GasA,TA,Y,SBrkr,1040,1040,0,2080,0,1,2,5,1,Fa,9,Typ,2,TA,Attchd,Unf,2,504,TA,TA,Y,0,Not Applicable,0,WD,Family,135000,3120,335,2.5,11.0,15600,15600,38,38,38.0,576.0,576.0,6240,4160,1512.0,1512.0,Level_2
630,80,RL,82.0,9020,Pave,Not Applicable,Reg,Lvl,Corner,Gtl,Other,1Fam,SLvl,6,5,1964,Gable,Other,Plywood,Wd Sdng,BrkFace,259.0,TA,TA,CBlock,TA,TA,Gd,GLQ,624,Other,288,1248,GasA,TA,Y,SBrkr,1350,0,0,1350,1,1,1,3,1,TA,6,Typ,0,Not Applicable,Attchd,RFn,2,520,TA,TA,Y,0,GdPrv,0,WD,Normal,168500,2598,176,2.5,7.5,15588,12990,44,44,44.0,777.0,777.0,4050,4050,1560.0,1560.0,Level_2
631,70,RM,50.0,9000,Pave,Grvl,Reg,Lvl,Corner,Gtl,Other,1Fam,2Story,5,6,1880,Gable,CompShg,VinylSd,VinylSd,Not Applicable,0.0,TA,TA,BrkTil,Fa,Other,No,Unf,0,Unf,636,636,GasA,TA,Y,FuseA,1089,661,0,1750,0,1,0,3,1,Ex,8,Typ,0,Not Applicable,Detchd,Unf,1,240,Other,Other,N,0,MnPrv,0,WD,Abnorml,124000,2386,293,1.0,9.0,11930,14316,126,15,69.0,0.0,0.0,5250,8750,480.0,240.0,Level_1
632,120,RL,34.0,4590,Pave,Not Applicable,Reg,Lvl,Inside,Gtl,Norm,Twnhs,1Story,8,5,2006,Gable,CompShg,VinylSd,VinylSd,Stone,108.0,Gd,TA,PConc,Gd,Other,Mn,GLQ,24,Unf,1530,1554,GasA,Ex,Y,SBrkr,1554,0,0,1554,0,2,0,2,1,Gd,6,Typ,1,Gd,Attchd,RFn,2,627,TA,TA,Y,0,Not Applicable,0,WD,Normal,209500,3108,229,2.0,8.0,24864,15540,1,1,1.0,432.0,324.0,7770,6216,1881.0,1881.0,Level_4
633,20,RL,85.0,11900,Pave,Not Applicable,Reg,Lvl,Inside,Gtl,Norm,1Fam,1Story,7,5,1977,Other,CompShg,Plywood,Plywood,BrkFace,209.0,TA,Gd,CBlock,TA,TA,No,ALQ,822,Unf,564,1386,GasA,TA,Y,SBrkr,1411,0,0,1411,0,2,0,3,1,TA,6,Typ,1,TA,Attchd,Fin,2,544,TA,TA,Y,0,Not Applicable,0,WD,Family,82500,2797,192,2.0,8.0,19579,13985,32,32,32.0,627.0,836.0,4233,4233,1632.0,1632.0,Level_3
634,20,RL,80.0,9250,Pave,Not Applicable,Reg,Lvl,Corner,Gtl,Norm,1Fam,1Story,5,7,1954,Gable,CompShg,Wd Sdng,Wd Sdng,Not Applicable,0.0,TA,TA,CBlock,TA,TA,No,BLQ,480,Other,108,1056,GasA,TA,Y,SBrkr,1056,0,0,1056,0,1,0,3,1,TA,6,Typ,0,Not Applicable,Attchd,Unf,1,260,TA,TA,Y,0,Not Applicable,0,WD,Normal,139400,2112,390,1.5,7.0,10560,14784,53,2,53.0,0.0,0.0,3168,3168,780.0,780.0,Level_2
635,90,RL,64.0,6979,Pave,Not Applicable,Reg,Lvl,Inside,Gtl,Norm,Duplex,SFoyer,6,5,1980,Gable,CompShg,Plywood,Plywood,Not Applicable,0.0,TA,TA,CBlock,TA,TA,No,GLQ,1056,Unf,0,1056,GasA,Gd,Y,SBrkr,1056,0,0,1056,2,0,0,0,2,TA,4,Typ,0,Not Applicable,Detchd,Unf,2,576,TA,TA,Y,0,GdPrv,600,WD,Normal,144000,2112,320,2.0,4.0,12672,10560,30,30,30.0,0.0,0.0,4224,3168,1728.0,1728.0,Level_1
636,190,RH,60.0,10896,Pave,Pave,Reg,Other,Inside,Gtl,Other,2fmCon,2.5Fin,6,7,1914,Other,CompShg,VinylSd,VinylSd,Not Applicable,0.0,Fa,TA,CBlock,TA,Other,No,LwQ,256,Unf,1184,1440,GasA,Ex,Y,FuseA,1440,1440,515,3395,0,2,0,8,2,Fa,14,Typ,0,Not Applicable,Not Applicable,Not Applicable,0,0,Other,Other,N,0,Not Applicable,0,WD,Abnorml,200000,4320,110,2.0,16.0,25920,30240,93,12,27.0,0.0,0.0,16975,6790,,,Level_2
637,30,RM,51.0,6120,Pave,Not Applicable,Reg,Lvl,Inside,Gtl,Norm,1Fam,1Story,2,3,1936,Gable,CompShg,AsbShng,AsbShng,Not Applicable,0.0,Fa,Fa,BrkTil,TA,Other,No,Unf,0,Unf,264,264,Other,Fa,N,FuseA,800,0,0,800,0,1,0,1,1,Fa,4,Other,1,Po,Not Applicable,Not Applicable,0,0,Other,Other,N,0,Not Applicable,0,ConLw,Normal,60000,1064,0,1.0,5.0,2128,3192,73,59,29.0,0.0,0.0,1600,1600,,,Level_1
638,190,RM,50.0,6000,Pave,Not Applicable,Reg,Lvl,Inside,Gtl,Norm,2fmCon,1.5Fin,5,4,1954,Gable,CompShg,Wd Sdng,Wd Sdng,Not Applicable,0.0,TA,TA,CBlock,TA,TA,No,Unf,0,Unf,811,811,GasA,TA,Y,FuseA,811,576,0,1387,0,2,0,3,2,Gd,7,Typ,0,Not Applicable,BuiltIn,Unf,1,256,TA,TA,Y,0,Not Applicable,0,WD,Normal,93000,2198,0,2.0,9.0,10990,8792,55,55,55.0,0.0,0.0,4161,5548,768.0,768.0,Level_1
639,30,RL,67.0,8777,Pave,Not Applicable,Reg,Lvl,Inside,Gtl,Other,1Fam,1Story,5,7,1910,Gable,CompShg,MetalSd,Wd Sdng,Not Applicable,0.0,TA,TA,CBlock,Fa,TA,No,Unf,0,Unf,796,796,GasA,Gd,Y,FuseA,796,0,0,796,0,1,0,2,1,TA,4,Typ,0,Not Applicable,Not Applicable,Not Applicable,0,0,Other,Other,P,0,MnPrv,0,WD,Normal,85000,1592,492,1.0,5.0,7960,11144,98,58,28.0,0.0,0.0,3184,2388,,,Level_1
640,120,RL,53.0,3982,Pave,Not Applicable,Reg,Lvl,Inside,Gtl,Norm,TwnhsE,1Story,8,5,2006,Other,CompShg,VinylSd,VinylSd,Not Applicable,0.0,Gd,TA,PConc,Gd,Other,Av,GLQ,1154,Unf,366,1520,GasA,Ex,Y,SBrkr,1567,0,0,1567,1,2,0,1,1,Ex,7,Typ,1,Gd,Attchd,Fin,3,648,TA,TA,Y,0,Not Applicable,0,New,Partial,264561,3087,312,3.0,9.0,24696,15435,0,0,0.0,0.0,0.0,7835,7835,1944.0,1944.0,Level_3
641,120,RL,62.0,12677,Pave,Not Applicable,IR1,Lvl,Inside,Gtl,Norm,TwnhsE,1Story,8,5,2003,Other,CompShg,MetalSd,MetalSd,BrkFace,472.0,Ex,TA,PConc,Ex,TA,Gd,GLQ,1218,Unf,300,1518,GasA,Ex,Y,SBrkr,1518,0,0,1518,0,1,1,1,1,Ex,6,Typ,1,Gd,Attchd,RFn,2,588,TA,TA,Y,0,Not Applicable,0,WD,Normal,274000,3036,325,1.5,7.5,24288,15180,5,4,5.0,2360.0,1416.0,7590,7590,1764.0,1764.0,Level_4
642,60,FV,69.0,7050,Pave,Not Applicable,Reg,Lvl,Inside,Gtl,Norm,1Fam,2Story,7,5,2001,Gable,CompShg,VinylSd,VinylSd,Not Applicable,0.0,Gd,TA,PConc,Gd,TA,No,GLQ,738,Unf,319,1057,GasA,Ex,Y,SBrkr,1057,872,0,1929,1,2,1,3,1,Gd,7,Typ,1,TA,Attchd,Fin,2,650,TA,TA,Y,0,Not Applicable,0,WD,Normal,226000,2986,235,3.5,9.5,20902,14930,6,6,6.0,0.0,0.0,9645,7716,1950.0,1950.0,Level_4
643,80,RL,75.0,13860,Pave,Not Applicable,Reg,Lvl,Inside,Gtl,Norm,1Fam,SLvl,8,7,1972,Gable,CompShg,Plywood,Wd Sdng,Not Applicable,0.0,Gd,TA,CBlock,Gd,TA,Gd,GLQ,1410,Unf,542,1952,GasA,Gd,Y,SBrkr,2000,704,0,2704,1,2,1,4,1,Ex,9,Typ,3,TA,Attchd,Fin,2,538,TA,TA,Y,0,MnPrv,0,WD,Normal,345000,4656,380,3.5,11.5,37248,32592,37,14,37.0,0.0,0.0,10816,13520,1614.0,1614.0,Level_2
644,60,RL,80.0,10793,Pave,Not Applicable,Reg,Lvl,Inside,Gtl,Other,1Fam,2Story,5,5,1969,Other,CompShg,WdShing,HdBoard,BrkFace,263.0,TA,TA,CBlock,TA,TA,No,Rec,493,Other,0,780,GasA,Ex,Y,SBrkr,780,840,0,1620,0,2,1,4,1,TA,7,Other,0,Not Applicable,Attchd,Fin,2,462,TA,TA,Y,0,GdWo,0,WD,Normal,152000,2400,208,2.5,9.5,12000,12000,38,38,38.0,789.0,789.0,8100,4860,1386.0,1386.0,Level_3
645,20,FV,85.0,9187,Pave,Not Applicable,Reg,Lvl,Inside,Gtl,Norm,1Fam,1Story,9,5,2009,Gable,CompShg,CemntBd,CmentBd,Stone,162.0,Ex,TA,PConc,Ex,TA,Mn,GLQ,1121,Unf,645,1766,GasA,Ex,Y,SBrkr,1766,0,0,1766,1,2,1,2,1,Ex,7,Typ,1,Gd,Attchd,Fin,3,478,TA,TA,Y,0,Not Applicable,0,New,Partial,370878,3532,325,3.5,9.5,31788,17660,0,0,0.0,810.0,486.0,8830,8830,1434.0,1434.0,Level_4
646,20,RL,69.0,10530,Pave,Not Applicable,IR1,Lvl,Corner,Gtl,Norm,1Fam,1Story,6,5,1971,Other,CompShg,Plywood,Plywood,Not Applicable,0.0,TA,TA,CBlock,TA,TA,No,ALQ,282,Other,664,981,GasA,TA,Y,SBrkr,981,0,0,981,1,1,1,3,1,TA,5,Typ,0,Not Applicable,Detchd,Unf,2,576,TA,TA,Y,0,Not Applicable,0,WD,Normal,143250,1962,352,2.5,6.5,11772,9810,36,36,28.0,0.0,0.0,2943,2943,1728.0,1728.0,Level_2
647,20,RL,60.0,7200,Pave,Not Applicable,Reg,Lvl,Inside,Gtl,Norm,1Fam,1Story,5,5,1950,Other,CompShg,MetalSd,MetalSd,Not Applicable,0.0,TA,TA,CBlock,Not Applicable,Other,Not Applicable,Not Applicable,0,Other,0,0,GasA,Gd,Y,SBrkr,1048,0,0,1048,0,1,0,3,1,TA,7,Other,0,Not Applicable,Detchd,Unf,2,420,TA,TA,Y,0,Not Applicable,0,WD,Normal,98300,1048,27,1.0,8.0,5240,5240,58,58,58.0,0.0,0.0,4192,3144,1260.0,1260.0,Level_2
648,20,RL,85.0,10452,Pave,Not Applicable,IR1,Lvl,Inside,Gtl,Norm,1Fam,1Story,6,5,1953,Other,CompShg,Wd Sdng,Wd Sdng,Stone,216.0,TA,TA,CBlock,TA,TA,Mn,Rec,500,Unf,594,1094,GasA,Ex,Y,SBrkr,1094,0,0,1094,0,1,0,3,1,TA,5,Typ,2,Gd,Attchd,RFn,2,495,TA,TA,Y,0,Not Applicable,0,WD,Normal,155000,2188,287,1.0,6.0,13128,10940,55,55,55.0,648.0,648.0,5470,3282,1485.0,1485.0,Level_1
649,60,RL,70.0,7700,Pave,Not Applicable,Reg,Lvl,Inside,Gtl,Other,1Fam,2Story,6,5,1966,Gable,CompShg,MetalSd,MetalSd,BrkFace,351.0,TA,TA,CBlock,TA,TA,No,Unf,0,Unf,756,756,GasA,TA,Y,SBrkr,1051,788,0,1839,0,1,1,4,1,TA,7,Typ,1,TA,Attchd,Unf,2,442,TA,TA,Y,0,Not Applicable,0,WD,Normal,155000,2595,340,1.5,8.5,15570,12975,44,44,44.0,1053.0,1053.0,5517,5517,1326.0,1326.0,Level_2
650,180,RM,21.0,1936,Pave,Not Applicable,Reg,Lvl,Inside,Gtl,Norm,Twnhs,SFoyer,4,6,1970,Gable,CompShg,CemntBd,CmentBd,Not Applicable,0.0,TA,TA,CBlock,Gd,TA,Av,BLQ,131,Other,0,630,GasA,Gd,Y,SBrkr,630,0,0,630,1,1,0,1,1,TA,3,Typ,0,Not Applicable,Not Applicable,Not Applicable,0,0,Other,Other,Y,0,MnPrv,0,WD,Normal,84500,1260,0,2.0,4.0,5040,7560,37,37,27.0,0.0,0.0,2520,1890,,,Level_1
651,60,FV,65.0,8125,Pave,Not Applicable,Reg,Lvl,Inside,Gtl,Norm,1Fam,2Story,7,6,2007,Gable,CompShg,CemntBd,CmentBd,Not Applicable,0.0,Gd,TA,PConc,Gd,TA,No,Unf,0,Unf,813,813,GasA,Ex,Y,SBrkr,822,843,0,1665,0,2,1,3,1,Gd,7,Typ,0,Not Applicable,Attchd,RFn,2,562,TA,TA,Y,0,Not Applicable,0,WD,Normal,205950,2478,0,2.5,9.5,17346,14868,1,1,1.0,0.0,0.0,8325,6660,1686.0,1686.0,Level_4
652,70,RL,60.0,9084,Pave,Not Applicable,Reg,Lvl,Inside,Gtl,Other,1Fam,2Story,4,5,1940,Gable,CompShg,MetalSd,MetalSd,Not Applicable,0.0,TA,TA,CBlock,TA,TA,Mn,Unf,0,Unf,755,755,GasA,TA,Y,SBrkr,755,755,0,1510,1,1,0,4,1,TA,7,Typ,1,Gd,Detchd,Unf,1,296,Other,Other,P,0,MnPrv,0,WD,Normal,108000,2265,120,2.0,8.0,9060,11325,69,59,69.0,0.0,0.0,4530,4530,592.0,296.0,Level_1
653,60,RL,70.0,8750,Pave,Not Applicable,Reg,Lvl,Inside,Gtl,Norm,1Fam,2Story,7,5,1996,Gable,CompShg,VinylSd,VinylSd,Not Applicable,0.0,Gd,TA,PConc,Gd,TA,No,Unf,0,Unf,880,880,GasA,Ex,Y,SBrkr,909,807,0,1716,0,2,1,2,1,Gd,7,Typ,1,TA,Attchd,RFn,2,512,TA,TA,Y,0,Not Applicable,0,WD,Normal,191000,2596,120,2.5,9.5,18172,12980,13,13,13.0,0.0,0.0,8580,6864,1536.0,1536.0,Level_3
654,50,RM,60.0,10320,Pave,Grvl,Reg,Lvl,Inside,Gtl,Norm,1Fam,1.5Fin,6,7,1906,Gable,CompShg,MetalSd,MetalSd,Not Applicable,0.0,TA,TA,CBlock,TA,TA,No,Unf,0,Unf,756,756,GasA,Ex,Y,SBrkr,756,713,0,1469,0,1,0,3,1,TA,7,Typ,0,Not Applicable,Detchd,Unf,1,216,TA,TA,Y,0,MnPrv,0,WD,Normal,135000,2225,296,1.0,8.0,13350,15575,102,13,102.0,0.0,0.0,7345,4407,648.0,648.0,Level_1
655,20,RL,91.0,10437,Pave,Not Applicable,IR1,Lvl,Inside,Gtl,Norm,1Fam,1Story,8,6,1995,Other,CompShg,MetalSd,MetalSd,BrkFace,660.0,Gd,Gd,PConc,Gd,TA,Gd,GLQ,1696,Unf,413,2109,GasA,Ex,Y,SBrkr,2113,0,0,2113,1,2,1,2,1,Gd,7,Typ,1,TA,Attchd,Fin,3,839,TA,TA,Y,0,Not Applicable,0,WD,Normal,350000,4222,282,3.5,9.5,33776,25332,13,13,13.0,2640.0,2640.0,10565,8452,2517.0,2517.0,Level_4
656,160,RM,21.0,1680,Pave,Not Applicable,Reg,Lvl,Inside,Gtl,Norm,Twnhs,2Story,6,5,1971,Gable,CompShg,HdBoard,ImStucc,BrkFace,381.0,TA,TA,CBlock,TA,TA,No,Unf,0,Unf,525,525,GasA,TA,Y,SBrkr,525,567,0,1092,0,1,1,3,1,TA,6,Typ,0,Not Applicable,Detchd,Unf,1,264,TA,TA,Y,0,Not Applicable,0,WD,Family,88000,1617,0,1.5,7.5,9702,8085,39,39,39.0,1143.0,1143.0,3276,3276,792.0,792.0,Level_1
657,20,RL,72.0,10007,Pave,Not Applicable,IR1,Lvl,Inside,Gtl,Norm,1Fam,1Story,5,7,1959,Gable,CompShg,HdBoard,HdBoard,BrkFace,54.0,Gd,TA,CBlock,TA,TA,No,ALQ,806,Unf,247,1053,GasA,Ex,Y,SBrkr,1053,0,0,1053,1,1,1,3,1,Gd,5,Typ,0,Not Applicable,Attchd,RFn,1,312,TA,TA,Y,0,MnPrv,0,WD,Normal,145500,2106,0,2.5,6.5,10530,14742,49,2,49.0,216.0,162.0,5265,4212,936.0,936.0,Level_2
658,70,RL,60.0,7200,Pave,Not Applicable,Reg,Other,Inside,Other,Norm,1Fam,2Story,7,6,1931,Gable,CompShg,Stucco,Wd Shng,Not Applicable,0.0,TA,Fa,BrkTil,Gd,TA,No,Unf,0,Unf,776,776,GasA,TA,Y,SBrkr,851,651,0,1502,0,1,1,3,1,TA,6,Typ,1,Gd,Attchd,RFn,1,270,TA,TA,P,0,MnPrv,0,WD,Normal,149000,2278,112,1.5,7.5,15946,13668,77,8,77.0,0.0,0.0,4506,4506,810.0,810.0,Level_4
659,50,RL,78.0,17503,Pave,Not Applicable,Reg,Lvl,Inside,Gtl,Other,1Fam,1.5Fin,6,5,1948,Gable,CompShg,VinylSd,VinylSd,Not Applicable,0.0,TA,TA,CBlock,TA,TA,No,Unf,0,Unf,912,912,GasA,TA,Y,SBrkr,912,546,0,1458,0,1,0,3,1,TA,6,Typ,1,Gd,Attchd,Unf,1,330,TA,TA,Y,0,Not Applicable,0,WD,Abnorml,97500,2370,192,1.5,7.0,14220,11850,62,60,62.0,0.0,0.0,4374,4374,990.0,990.0,Level_2
660,20,RL,75.0,9937,Pave,Not Applicable,Reg,Lvl,Corner,Gtl,Norm,1Fam,1Story,5,7,1964,Other,CompShg,MetalSd,MetalSd,Not Applicable,0.0,TA,Gd,PConc,TA,TA,No,BLQ,637,Unf,849,1486,GasA,Ex,Y,SBrkr,1486,0,0,1486,1,1,0,3,1,TA,7,Typ,0,Not Applicable,Detchd,Fin,2,480,TA,TA,Y,0,MnPrv,0,WD,Normal,167000,2972,0,2.0,8.0,14860,20804,45,10,41.0,0.0,0.0,7430,4458,1440.0,1440.0,Level_1
661,60,RL,69.0,12384,Pave,Not Applicable,Reg,Lvl,CulDSac,Gtl,Norm,1Fam,2Story,7,7,1976,Gable,CompShg,Plywood,Plywood,BrkFace,233.0,TA,TA,CBlock,Gd,TA,No,Unf,0,Unf,793,793,GasA,TA,Y,SBrkr,1142,793,0,1935,0,2,1,3,1,TA,7,Typ,1,TA,Attchd,RFn,2,550,TA,TA,Y,0,Not Applicable,0,WD,Normal,197900,2728,365,2.5,9.5,19096,19096,31,31,31.0,699.0,699.0,5805,5805,1650.0,1650.0,Level_3
662,60,RL,52.0,46589,Pave,Not Applicable,IR2,Lvl,CulDSac,Gtl,Norm,1Fam,2Story,8,7,1994,Other,CompShg,VinylSd,VinylSd,BrkFace,528.0,Gd,TA,PConc,Gd,Other,No,GLQ,1361,Other,88,1629,GasA,Ex,Y,SBrkr,1686,762,0,2448,1,2,1,4,1,Gd,8,Typ,1,TA,Attchd,RFn,3,711,TA,TA,Y,0,Not Applicable,0,WD,Normal,402000,4077,593,3.5,10.5,32616,28539,15,4,15.0,2112.0,1584.0,12240,9792,2133.0,2133.0,Level_4
663,20,RL,120.0,13560,Pave,Not Applicable,Reg,Lvl,Corner,Gtl,Norm,1Fam,1Story,6,3,1968,Other,CompShg,Wd Sdng,Wd Sdng,BrkFace,216.0,TA,TA,CBlock,Fa,Other,No,Unf,0,Unf,1392,1392,GasA,Gd,Y,SBrkr,1392,0,0,1392,1,1,0,2,1,TA,5,Other,2,TA,Attchd,RFn,2,576,TA,TA,Y,0,Not Applicable,0,WD,Normal,110000,2784,240,2.0,6.0,16704,8352,41,41,41.0,648.0,648.0,5568,4176,1728.0,1728.0,Level_2
664,85,RL,90.0,10012,Pave,Not Applicable,Reg,Lvl,Inside,Gtl,Norm,1Fam,SFoyer,4,5,1972,Gable,CompShg,Plywood,Plywood,Not Applicable,0.0,TA,TA,CBlock,Gd,TA,Av,BLQ,920,Other,38,1138,GasA,TA,Y,SBrkr,1181,0,0,1181,1,2,0,3,1,TA,6,Typ,0,Not Applicable,Detchd,RFn,2,588,TA,TA,Y,0,MnPrv,0,WD,Normal,137500,2319,180,3.0,8.0,9276,11595,36,36,34.0,0.0,0.0,3543,3543,1764.0,1764.0,Level_1
665,20,RL,49.0,20896,Pave,Not Applicable,IR2,Lvl,CulDSac,Gtl,Other,1Fam,1Story,8,5,2005,Gable,CompShg,VinylSd,VinylSd,Not Applicable,0.0,Gd,TA,PConc,Ex,TA,Mn,GLQ,1721,Unf,356,2077,GasA,Ex,Y,SBrkr,2097,0,0,2097,1,1,1,1,1,Ex,8,Typ,1,Ex,Attchd,Fin,3,1134,TA,TA,Y,0,Not Applicable,0,New,Partial,423000,4174,459,2.5,9.5,33392,20870,1,0,1.0,0.0,0.0,10485,10485,3402.0,3402.0,Level_4
666,60,RL,106.0,11194,Pave,Not Applicable,IR1,Lvl,Corner,Gtl,Norm,1Fam,2Story,8,5,2000,Gable,CompShg,VinylSd,VinylSd,BrkFace,40.0,Gd,TA,PConc,Gd,TA,No,Unf,0,Unf,1406,1406,GasA,Ex,Y,SBrkr,1454,482,0,1936,0,2,1,3,1,Gd,7,Typ,1,TA,Attchd,RFn,2,504,TA,TA,Y,0,Not Applicable,0,WD,Normal,230500,3342,312,2.5,9.5,26736,16710,6,6,6.0,160.0,120.0,9680,7744,1512.0,1512.0,Level_3
667,60,RL,69.0,18450,Pave,Not Applicable,IR1,Lvl,Inside,Gtl,Norm,1Fam,2Story,6,5,1965,Other,Other,Plywood,Plywood,BrkCmn,113.0,TA,Gd,CBlock,Gd,TA,No,LwQ,187,Other,111,1021,GasA,TA,Y,SBrkr,1465,915,0,2380,0,2,1,3,1,TA,7,Other,1,Po,CarPort,Unf,2,596,TA,TA,Y,0,Not Applicable,0,WD,Abnorml,129000,3401,265,2.5,9.5,20406,17005,42,28,42.0,339.0,452.0,7140,7140,1788.0,1788.0,Level_2
668,20,RL,65.0,8125,Pave,Not Applicable,Reg,Lvl,Inside,Gtl,Norm,1Fam,1Story,6,5,1994,Gable,CompShg,HdBoard,HdBoard,BrkFace,258.0,TA,TA,PConc,Gd,TA,No,GLQ,1138,Unf,270,1408,GasA,Ex,Y,SBrkr,1679,0,0,1679,1,2,0,3,1,Gd,7,Typ,1,Fa,Attchd,RFn,2,575,TA,TA,Y,0,Not Applicable,0,WD,Normal,193500,3087,266,3.0,9.0,18522,15435,14,10,14.0,774.0,774.0,8395,6716,1725.0,1725.0,Level_3
669,20,RL,69.0,14175,Pave,Not Applicable,Reg,Other,Corner,Other,Norm,1Fam,1Story,5,6,1956,Gable,CompShg,CemntBd,Wd Sdng,Not Applicable,0.0,TA,TA,CBlock,TA,TA,No,Rec,988,Unf,200,1188,GasA,Gd,Y,SBrkr,1437,0,0,1437,1,1,1,3,1,TA,6,Other,1,TA,Detchd,Unf,2,576,TA,TA,Y,0,Not Applicable,0,WD,Normal,168000,2625,304,2.5,7.5,13125,15750,50,19,7.0,0.0,0.0,5748,4311,1728.0,1728.0,Level_2
670,30,RL,80.0,11600,Pave,Not Applicable,Reg,Lvl,Inside,Gtl,Norm,1Fam,1Story,4,5,1922,Gable,CompShg,MetalSd,MetalSd,Not Applicable,0.0,TA,TA,BrkTil,Fa,TA,No,Unf,0,Unf,700,700,GasA,Ex,Y,SBrkr,1180,0,0,1180,0,1,0,2,1,Fa,5,Typ,1,Gd,Detchd,Unf,1,252,TA,Other,Y,0,Not Applicable,0,WD,Normal,137500,1880,67,1.0,6.0,7520,9400,84,56,84.0,0.0,0.0,5900,2360,756.0,504.0,Level_4
671,60,RL,64.0,8633,Pave,Not Applicable,Reg,Lvl,FR2,Gtl,Norm,1Fam,2Story,6,5,2005,Gable,CompShg,VinylSd,VinylSd,Not Applicable,0.0,Gd,TA,PConc,Gd,TA,No,GLQ,193,Unf,545,738,GasA,Ex,Y,SBrkr,738,738,0,1476,1,2,1,3,1,Gd,7,Typ,0,Not Applicable,Attchd,Fin,2,540,TA,TA,Y,0,Not Applicable,0,WD,Normal,173500,2214,135,3.5,9.5,13284,11070,4,4,4.0,0.0,0.0,7380,5904,1620.0,1620.0,Level_3
672,70,RH,54.0,6629,Pave,Not Applicable,Reg,Lvl,Inside,Gtl,Other,1Fam,2Story,6,6,1925,Other,CompShg,Wd Sdng,Wd Sdng,Not Applicable,0.0,TA,Gd,BrkTil,TA,TA,No,BLQ,551,Unf,121,672,GasA,TA,N,SBrkr,697,672,0,1369,1,2,0,3,1,TA,6,Typ,0,Not Applicable,Detchd,Unf,1,300,TA,TA,Y,0,Not Applicable,0,WD,Normal,103600,2041,147,3.0,8.0,12246,12246,84,59,79.0,0.0,0.0,4107,4107,900.0,900.0,Level_1
673,20,RL,69.0,11250,Pave,Not Applicable,IR1,Lvl,Inside,Gtl,Norm,1Fam,1Story,6,6,1977,Gable,CompShg,Plywood,Plywood,Not Applicable,0.0,Gd,TA,CBlock,Gd,TA,No,ALQ,767,Unf,441,1208,GasA,TA,Y,SBrkr,1208,0,0,1208,1,1,1,3,1,TA,6,Typ,1,TA,Attchd,RFn,2,546,TA,TA,Y,0,Not Applicable,0,WD,Normal,165000,2416,240,2.5,7.5,14496,14496,29,29,29.0,0.0,0.0,3624,3624,1638.0,1638.0,Level_4
674,20,RL,110.0,14442,Pave,Not Applicable,Reg,Lvl,Inside,Gtl,Norm,1Fam,1Story,6,7,1957,Other,CompShg,CemntBd,CmentBd,BrkFace,106.0,TA,TA,PConc,TA,TA,No,GLQ,1186,Unf,291,1477,GasA,Ex,Y,SBrkr,1839,0,0,1839,1,2,0,3,1,Gd,7,Typ,2,TA,Attchd,Fin,2,416,TA,TA,Y,0,Not Applicable,0,WD,Normal,257500,3316,287,3.0,9.0,19896,23212,50,3,50.0,318.0,318.0,9195,7356,1248.0,1248.0,Level_4
675,20,RL,80.0,9200,Pave,Not Applicable,Reg,Lvl,Inside,Gtl,Norm,1Fam,1Story,6,6,1965,Gable,CompShg,HdBoard,HdBoard,Not Applicable,0.0,TA,TA,CBlock,TA,TA,No,Rec,892,Unf,244,1136,GasA,TA,Y,SBrkr,1136,0,0,1136,1,1,0,3,1,TA,5,Typ,1,Gd,Attchd,RFn,1,384,TA,TA,Y,0,Not Applicable,0,WD,Normal,140000,2272,426,2.0,6.0,13632,13632,43,43,43.0,0.0,0.0,3408,3408,1152.0,1152.0,Level_2
676,160,RL,24.0,2289,Pave,Not Applicable,Reg,Lvl,Inside,Gtl,Norm,Twnhs,2Story,6,6,1978,Gable,CompShg,Plywood,Brk Cmn,Not Applicable,0.0,TA,TA,CBlock,TA,TA,No,ALQ,311,Unf,544,855,GasA,TA,Y,SBrkr,855,586,0,1441,0,2,1,3,1,TA,7,Typ,1,TA,Attchd,Unf,2,440,TA,TA,Y,0,Not Applicable,0,WD,Normal,148500,2296,28,2.5,9.5,13776,13776,31,31,31.0,0.0,0.0,4323,4323,1320.0,1320.0,Level_2
677,70,RM,60.0,9600,Pave,Grvl,Reg,Lvl,Inside,Gtl,Norm,1Fam,2Story,4,2,1900,Gable,CompShg,AsbShng,Stucco,Not Applicable,0.0,TA,TA,BrkTil,TA,Other,No,Unf,0,Unf,1095,1095,Other,Fa,N,SBrkr,1095,679,0,1774,1,2,0,4,2,TA,8,Other,0,Not Applicable,2Types,Unf,3,779,Other,Other,N,0,Not Applicable,0,WD,Normal,87000,2869,90,3.0,10.0,11476,5738,106,56,86.0,0.0,0.0,3548,5322,1558.0,1558.0,Level_1
678,30,RL,52.0,9022,Pave,Not Applicable,Reg,Lvl,Inside,Gtl,Norm,1Fam,1Story,5,8,1924,Gable,CompShg,VinylSd,VinylSd,Not Applicable,0.0,Gd,TA,BrkTil,TA,TA,No,Unf,0,Unf,768,768,GasA,Ex,Y,SBrkr,792,0,0,792,0,1,0,2,1,Gd,5,Typ,0,Not Applicable,Detchd,Unf,1,240,Other,Other,N,0,Not Applicable,0,WD,Normal,109500,1560,436,1.0,6.0,7800,12480,85,3,85.0,0.0,0.0,3960,3168,480.0,480.0,Level_1
679,20,RL,80.0,11844,Pave,Not Applicable,IR1,Lvl,Inside,Gtl,Norm,1Fam,1Story,8,5,2008,Other,CompShg,VinylSd,VinylSd,Stone,464.0,Gd,TA,PConc,Ex,TA,Mn,Unf,0,Unf,2046,2046,GasA,Ex,Y,SBrkr,2046,0,0,2046,0,2,1,3,1,Gd,7,Typ,1,Gd,Attchd,Fin,3,834,TA,TA,Y,0,Not Applicable,0,New,Partial,372500,4092,404,2.5,9.5,32736,20460,1,1,1.0,1856.0,1392.0,10230,8184,2502.0,2502.0,Level_4
680,20,RL,69.0,9945,Pave,Not Applicable,IR1,Lvl,Inside,Gtl,Norm,1Fam,1Story,5,5,1961,Other,CompShg,Wd Sdng,Wd Sdng,BrkFace,57.0,TA,TA,CBlock,TA,TA,No,Rec,827,Unf,161,988,GasA,TA,Y,SBrkr,988,0,0,988,1,1,0,3,1,TA,5,Typ,0,Not Applicable,Detchd,Unf,2,572,TA,TA,Y,0,Not Applicable,0,WD,Normal,128500,1976,0,2.0,6.0,9880,9880,46,46,44.0,171.0,171.0,2964,2964,1716.0,1716.0,Level_2
681,120,RL,50.0,8012,Pave,Not Applicable,Reg,Lvl,Inside,Gtl,Norm,TwnhsE,1Story,6,5,1980,Gable,CompShg,Plywood,Plywood,Not Applicable,0.0,TA,TA,CBlock,Gd,TA,No,BLQ,543,Other,261,923,GasA,TA,Y,SBrkr,923,0,0,923,0,2,0,2,1,TA,5,Typ,1,TA,Attchd,RFn,1,264,TA,TA,Y,0,Not Applicable,0,WD,Normal,143000,1846,80,2.0,7.0,11076,9230,30,30,30.0,0.0,0.0,2769,2769,792.0,792.0,Level_3
682,50,RH,55.0,4500,Pave,Pave,IR2,Other,Inside,Gtl,Norm,1Fam,1.5Fin,5,5,1932,Gable,CompShg,VinylSd,Stucco,Not Applicable,0.0,TA,TA,BrkTil,TA,TA,No,Rec,182,Unf,611,793,GasA,Ex,Y,SBrkr,848,672,0,1520,0,1,0,3,1,TA,6,Typ,0,Not Applicable,Detchd,Unf,1,281,TA,TA,Y,0,Not Applicable,0,WD,Abnorml,159434,2313,56,1.0,7.0,11565,11565,77,9,41.0,0.0,0.0,7600,4560,843.0,843.0,Level_2
683,120,RL,69.0,2887,Pave,Not Applicable,Reg,Other,Inside,Gtl,Norm,1Fam,1Story,6,5,1996,Gable,CompShg,Wd Sdng,Wd Sdng,Not Applicable,0.0,TA,TA,PConc,Gd,TA,Mn,GLQ,1003,Unf,288,1291,GasA,Ex,Y,SBrkr,1291,0,0,1291,1,1,0,2,1,Gd,6,Typ,1,Gd,Attchd,Unf,2,431,TA,TA,Y,0,Not Applicable,0,WD,Normal,173000,2582,307,2.0,7.0,15492,12910,12,11,12.0,0.0,0.0,6455,5164,1293.0,1293.0,Level_3
684,20,RL,90.0,11248,Pave,Not Applicable,IR1,Lvl,Corner,Gtl,Norm,1Fam,1Story,9,5,2002,Other,CompShg,VinylSd,VinylSd,Stone,215.0,Gd,TA,PConc,Gd,TA,Av,GLQ,1059,Unf,567,1626,GasA,Ex,Y,SBrkr,1668,0,0,1668,1,2,0,3,1,Gd,7,Typ,1,TA,Attchd,Fin,3,702,TA,TA,Y,0,Not Applicable,0,WD,Normal,285000,3294,302,3.0,9.0,29646,16470,5,5,5.0,860.0,645.0,8340,6672,2106.0,2106.0,Level_3
685,60,RL,58.0,16770,Pave,Not Applicable,IR2,Lvl,CulDSac,Gtl,Norm,1Fam,2Story,7,5,1998,Gable,CompShg,VinylSd,VinylSd,BrkFace,30.0,Gd,TA,PConc,Gd,TA,No,Unf,0,Unf,1195,1195,GasA,Gd,Y,SBrkr,1195,644,0,1839,0,2,1,4,1,TA,7,Typ,0,Not Applicable,Attchd,Fin,2,486,TA,TA,Y,0,Not Applicable,0,WD,Normal,221000,3034,81,2.5,9.5,21238,15170,12,12,12.0,120.0,90.0,7356,5517,1458.0,1458.0,Level_4
686,160,RL,69.0,5062,Pave,Not Applicable,IR1,Lvl,CulDSac,Gtl,Norm,TwnhsE,2Story,7,5,1984,Gable,CompShg,HdBoard,HdBoard,Not Applicable,0.0,Gd,TA,CBlock,Gd,TA,Mn,GLQ,828,Other,180,1190,GasA,Gd,Y,SBrkr,1190,900,0,2090,1,2,0,3,1,Gd,6,Other,1,TA,Attchd,Fin,2,577,TA,TA,Y,0,Not Applicable,0,WD,Normal,207500,3280,219,3.0,8.0,22960,16400,23,23,23.0,0.0,0.0,8360,8360,1731.0,1731.0,Level_4
687,60,FV,84.0,10207,Pave,Not Applicable,Reg,Lvl,Inside,Gtl,Norm,1Fam,2Story,7,6,2007,Gable,CompShg,VinylSd,VinylSd,Not Applicable,0.0,Gd,TA,PConc,Gd,TA,No,Unf,0,Unf,874,874,GasA,Ex,Y,SBrkr,874,887,0,1761,0,3,0,3,1,Gd,7,Typ,0,Not Applicable,Attchd,Fin,2,578,TA,TA,Y,0,Not Applicable,0,New,Partial,227875,2635,249,3.0,10.0,18445,15810,0,0,0.0,0.0,0.0,8805,7044,1734.0,1734.0,Level_4
688,160,FV,69.0,5105,Pave,Not Applicable,IR2,Lvl,FR2,Gtl,Norm,TwnhsE,2Story,7,5,2004,Gable,CompShg,MetalSd,MetalSd,Not Applicable,0.0,Gd,TA,PConc,Gd,TA,No,GLQ,239,Unf,312,551,GasA,Ex,Y,SBrkr,551,551,0,1102,0,2,1,2,1,Gd,4,Typ,0,Not Applicable,Detchd,Unf,2,480,TA,TA,Y,0,Not Applicable,0,WD,Normal,148800,1653,60,2.5,6.5,11571,8265,3,3,3.0,0.0,0.0,5510,4408,1440.0,1440.0,Level_4
689,20,RL,60.0,8089,Pave,Not Applicable,Reg,Other,Inside,Gtl,Norm,1Fam,1Story,8,6,2007,Gable,CompShg,MetalSd,MetalSd,BrkFace,0.0,Gd,TA,PConc,Gd,TA,Av,GLQ,945,Unf,474,1419,GasA,Ex,Y,SBrkr,1419,0,0,1419,1,2,0,2,1,Gd,7,Typ,1,Gd,Attchd,RFn,2,567,TA,TA,Y,0,Not Applicable,0,New,Partial,392000,2838,140,3.0,9.0,22704,17028,0,0,0.0,0.0,0.0,7095,5676,1701.0,1701.0,Level_4
690,120,RL,61.0,7577,Pave,Not Applicable,IR1,Lvl,Corner,Gtl,Norm,TwnhsE,1Story,6,5,2005,Gable,CompShg,VinylSd,VinylSd,Stone,256.0,Gd,TA,PConc,Gd,TA,Av,ALQ,20,Unf,1342,1362,GasA,Ex,Y,SBrkr,1362,0,0,1362,0,2,0,2,1,Gd,6,Typ,1,Gd,Attchd,RFn,2,460,TA,TA,Y,0,Not Applicable,0,WD,Normal,194700,2724,220,2.0,8.0,16344,13620,2,1,2.0,1024.0,768.0,6810,5448,1380.0,1380.0,Level_4
691,120,RM,69.0,4426,Pave,Not Applicable,Reg,Lvl,Inside,Gtl,Norm,TwnhsE,1Story,6,5,2004,Gable,CompShg,VinylSd,VinylSd,BrkFace,147.0,Gd,TA,PConc,Gd,TA,Gd,GLQ,697,Unf,151,848,GasA,Ex,Y,SBrkr,848,0,0,848,1,1,0,1,1,Gd,3,Typ,1,TA,Attchd,RFn,2,420,TA,TA,Y,0,Not Applicable,0,WD,Normal,141000,1696,149,2.0,4.0,10176,8480,4,4,4.0,588.0,441.0,4240,3392,1260.0,1260.0,Level_3
692,60,RL,104.0,21535,Pave,Not Applicable,IR1,Lvl,Corner,Gtl,Norm,1Fam,2Story,10,6,1994,Gable,Other,HdBoard,HdBoard,BrkFace,1170.0,Ex,TA,PConc,Ex,TA,Gd,GLQ,1455,Unf,989,2444,GasA,Ex,Y,SBrkr,2444,1872,0,4316,0,3,1,4,1,Ex,10,Typ,2,Ex,Attchd,Fin,3,832,TA,TA,Y,0,Not Applicable,0,WD,Normal,755000,6760,432,4.0,13.5,67600,40560,13,12,13.0,5850.0,3510.0,21580,21580,2496.0,2496.0,Level_4
693,60,RL,42.0,26178,Pave,Not Applicable,IR1,Lvl,Inside,Other,Norm,1Fam,2Story,7,5,1989,Other,CompShg,MetalSd,MetalSd,BrkFace,293.0,Gd,TA,PConc,Gd,TA,Gd,GLQ,965,Unf,245,1210,GasA,Ex,Y,SBrkr,1238,1281,0,2519,1,2,1,4,1,Gd,9,Typ,2,Gd,Attchd,RFn,2,628,TA,TA,Y,0,Not Applicable,0,WD,Normal,335000,3729,347,3.5,11.5,26103,18645,17,16,17.0,1172.0,879.0,12595,10076,1884.0,1884.0,Level_4
694,30,RL,60.0,5400,Pave,Not Applicable,Reg,Lvl,Corner,Other,Norm,1Fam,1Story,5,6,1921,Gable,CompShg,MetalSd,MetalSd,Not Applicable,0.0,TA,TA,BrkTil,TA,TA,No,Unf,0,Unf,1073,1073,GasA,Ex,Y,SBrkr,1073,0,0,1073,0,1,0,2,1,TA,4,Typ,0,Not Applicable,Detchd,Unf,1,326,TA,TA,Y,0,Not Applicable,0,WD,Abnorml,108480,2146,112,1.0,5.0,10730,12876,85,38,38.0,0.0,0.0,5365,3219,978.0,978.0,Level_1
695,50,RM,51.0,6120,Pave,Not Applicable,Reg,Lvl,Corner,Gtl,Norm,1Fam,1.5Fin,5,6,1936,Gable,CompShg,Wd Sdng,Wd Sdng,Not Applicable,0.0,TA,Fa,BrkTil,TA,TA,No,Unf,0,Unf,927,927,GasA,TA,Y,SBrkr,1067,472,0,1539,0,1,1,3,1,TA,5,Typ,0,Not Applicable,Detchd,Unf,2,576,TA,TA,Y,0,MnPrv,0,WD,Normal,141500,2466,112,1.5,6.5,12330,14796,73,59,14.0,0.0,0.0,4617,4617,1728.0,1728.0,Level_1
696,20,RL,54.0,13811,Pave,Not Applicable,IR1,Lvl,Inside,Gtl,Norm,1Fam,1Story,6,6,1987,Gable,CompShg,HdBoard,HdBoard,BrkFace,72.0,TA,TA,CBlock,Gd,Other,No,GLQ,980,Other,92,1112,GasA,Gd,Y,SBrkr,1137,0,0,1137,1,2,0,2,1,Gd,5,Typ,1,TA,Attchd,Unf,2,551,TA,TA,Y,0,Not Applicable,0,WD,Normal,176000,2249,125,3.0,7.0,13494,13494,19,19,19.0,216.0,216.0,4548,4548,1653.0,1653.0,Level_4
697,30,RM,50.0,6000,Pave,Not Applicable,Reg,Lvl,Inside,Gtl,Norm,1Fam,1Story,5,7,1921,Gable,CompShg,Wd Sdng,Wd Shng,Not Applicable,0.0,TA,TA,CBlock,TA,TA,No,LwQ,616,Unf,0,616,GasA,Gd,Y,SBrkr,616,0,0,616,0,1,0,2,1,TA,4,Typ,0,Not Applicable,Detchd,Unf,1,205,TA,TA,Y,0,Not Applicable,0,WD,Normal,89000,1232,129,1.0,5.0,6160,8624,85,56,85.0,0.0,0.0,2464,1848,615.0,615.0,Level_1
698,20,RL,57.0,6420,Pave,Not Applicable,IR1,Lvl,Inside,Gtl,Norm,1Fam,1Story,5,7,1952,Gable,CompShg,Wd Sdng,Wd Sdng,Not Applicable,0.0,TA,TA,PConc,Ex,Other,Mn,LwQ,210,Other,219,980,GasA,Fa,Y,FuseA,1148,0,0,1148,0,1,0,2,1,TA,6,Typ,0,Not Applicable,Detchd,Unf,1,308,TA,TA,Y,0,Not Applicable,0,WD,Normal,123500,2128,0,1.5,7.0,10640,14896,54,54,54.0,0.0,0.0,2296,3444,924.0,924.0,Level_1
699,20,RL,65.0,8450,Pave,Not Applicable,Reg,Lvl,Inside,Gtl,Other,1Fam,1Story,5,8,1965,Gable,CompShg,MetalSd,MetalSd,Not Applicable,0.0,TA,Gd,CBlock,TA,TA,No,GLQ,553,Other,224,894,GasA,Ex,Y,SBrkr,894,0,0,894,1,1,0,3,1,TA,5,Typ,1,Gd,Detchd,Unf,1,336,TA,TA,Y,0,MnPrv,0,WD,Normal,138500,1788,560,2.0,6.0,8940,14304,45,1,37.0,0.0,0.0,4470,2682,1008.0,1008.0,Level_2
700,120,FV,59.0,4282,Pave,Pave,IR2,Lvl,Inside,Gtl,Norm,TwnhsE,1Story,7,5,2004,Gable,CompShg,MetalSd,MetalSd,Not Applicable,0.0,Gd,TA,PConc,Gd,TA,Mn,GLQ,16,Unf,1375,1391,GasA,Ex,Y,SBrkr,1391,0,0,1391,0,2,0,2,1,Gd,5,Typ,0,Not Applicable,Attchd,RFn,2,530,TA,TA,Y,0,Not Applicable,0,WD,Normal,196000,2782,314,2.0,7.0,19474,13910,4,4,4.0,0.0,0.0,6955,5564,1590.0,1590.0,Level_4
701,20,RL,85.0,14331,Pave,Not Applicable,Reg,Lvl,Inside,Gtl,Norm,1Fam,1Story,8,5,2002,Other,CompShg,VinylSd,VinylSd,BrkFace,630.0,Gd,TA,PConc,Ex,TA,Gd,GLQ,1274,Unf,526,1800,GasA,Ex,Y,SBrkr,1800,0,0,1800,1,2,0,3,1,Gd,7,Typ,1,Gd,Attchd,Fin,3,765,TA,TA,Y,0,Not Applicable,0,WD,Normal,312500,3600,348,3.0,9.0,28800,18000,4,4,4.0,2520.0,1890.0,9000,7200,2295.0,2295.0,Level_4
702,20,RL,80.0,9600,Pave,Not Applicable,Reg,Lvl,Inside,Gtl,Norm,1Fam,1Story,7,5,1969,Other,CompShg,HdBoard,HdBoard,BrkFace,168.0,TA,TA,CBlock,TA,TA,No,Unf,0,Unf,1164,1164,GasA,TA,Y,SBrkr,1164,0,0,1164,0,1,1,3,1,TA,6,Typ,0,Not Applicable,Attchd,Unf,2,528,TA,TA,Y,0,Not Applicable,0,COD,Normal,140000,2328,0,1.5,7.5,16296,11640,37,37,37.0,504.0,504.0,3492,3492,1584.0,1584.0,Level_3
703,60,RL,82.0,12438,Pave,Not Applicable,IR1,Lvl,Inside,Gtl,Norm,1Fam,2Story,8,5,2006,Other,CompShg,VinylSd,VinylSd,BrkFace,466.0,Ex,TA,PConc,Ex,Other,No,Unf,0,Unf,1234,1234,GasA,Ex,Y,SBrkr,1264,1312,0,2576,0,2,1,4,1,Ex,10,Typ,1,Gd,BuiltIn,Fin,3,666,TA,TA,Y,0,Not Applicable,0,New,Partial,361919,3810,424,2.5,12.5,30480,19050,0,0,0.0,2330.0,1398.0,12880,12880,1998.0,1998.0,Level_4
704,190,RM,76.0,7630,Pave,Not Applicable,Reg,Lvl,Inside,Gtl,Other,2fmCon,2Story,5,9,1900,Gable,CompShg,Wd Sdng,Wd Sdng,Not Applicable,0.0,TA,Gd,BrkTil,Gd,TA,No,Unf,0,Unf,360,360,GasA,Gd,Y,SBrkr,1032,780,0,1812,0,2,0,4,2,Gd,8,Typ,1,Po,Detchd,Unf,2,672,TA,TA,N,0,MnPrv,0,WD,Normal,140000,2172,384,2.0,10.0,10860,19548,110,14,11.0,0.0,0.0,7248,7248,2016.0,2016.0,Level_1
705,20,RL,70.0,8400,Pave,Not Applicable,Reg,Lvl,Inside,Gtl,Norm,1Fam,1Story,7,5,2004,Gable,CompShg,VinylSd,VinylSd,BrkFace,109.0,Gd,TA,PConc,Gd,TA,Av,GLQ,712,Unf,761,1473,GasA,Ex,Y,SBrkr,1484,0,0,1484,1,2,0,3,1,Gd,7,Typ,0,Not Applicable,Attchd,RFn,2,606,TA,TA,Y,0,Not Applicable,0,WD,Normal,213000,2957,179,3.0,9.0,20699,14785,6,5,6.0,436.0,327.0,7420,5936,1818.0,1818.0,Level_3
706,190,RM,70.0,5600,Pave,Not Applicable,Reg,Lvl,Inside,Gtl,Norm,2fmCon,2Story,4,5,1930,Other,CompShg,VinylSd,Wd Shng,Not Applicable,0.0,Fa,Fa,Slab,Not Applicable,Other,Not Applicable,Not Applicable,0,Other,0,0,GasA,Fa,N,SBrkr,372,720,0,1092,0,2,0,3,2,Fa,7,Other,0,Not Applicable,Not Applicable,Not Applicable,0,0,Other,Other,N,0,Not Applicable,3500,WD,Normal,55000,1092,0,2.0,9.0,4368,5460,80,60,30.0,0.0,0.0,2184,2184,,,Level_1
707,20,RL,69.0,115149,Pave,Not Applicable,IR2,Other,CulDSac,Other,Norm,1Fam,1Story,7,5,1971,Gable,CompShg,Plywood,Plywood,Stone,351.0,TA,TA,CBlock,Gd,TA,Gd,GLQ,1219,Unf,424,1643,GasA,TA,Y,SBrkr,1824,0,0,1824,1,2,0,2,1,Gd,5,Typ,2,TA,Attchd,Unf,2,739,TA,TA,Y,0,Not Applicable,0,WD,Normal,302000,3467,428,3.0,7.0,24269,17335,36,5,36.0,1053.0,1053.0,5472,7296,2217.0,2217.0,Level_3
708,120,RL,48.0,6240,Pave,Not Applicable,Reg,Lvl,Inside,Gtl,Norm,TwnhsE,1Story,8,5,2006,Other,CompShg,MetalSd,MetalSd,BrkFace,176.0,Gd,TA,PConc,Gd,TA,No,GLQ,863,Unf,461,1324,GasA,Ex,Y,SBrkr,1324,0,0,1324,1,2,0,2,1,Gd,6,Typ,1,Gd,Attchd,Fin,2,550,TA,TA,Y,0,Not Applicable,0,WD,Normal,254000,2648,230,3.0,8.0,21184,13240,3,3,3.0,704.0,528.0,6620,5296,1650.0,1650.0,Level_4
709,60,RL,65.0,9018,Pave,Not Applicable,IR1,Lvl,Inside,Gtl,Norm,1Fam,2Story,7,5,2007,Other,CompShg,VinylSd,VinylSd,Not Applicable,0.0,Gd,TA,PConc,Gd,TA,Av,Unf,0,Unf,728,728,GasA,Ex,Y,SBrkr,728,728,0,1456,0,2,1,3,1,Gd,8,Typ,1,Gd,Attchd,Fin,2,400,TA,TA,Y,0,Not Applicable,0,New,Partial,179540,2184,124,2.5,10.5,15288,10920,0,0,0.0,0.0,0.0,7280,5824,1200.0,1200.0,Level_3
710,20,RL,69.0,7162,Pave,Not Applicable,IR1,Lvl,Inside,Gtl,Norm,1Fam,1Story,5,7,1966,Gable,CompShg,HdBoard,HdBoard,BrkCmn,41.0,TA,TA,PConc,TA,TA,No,Unf,0,Unf,876,876,GasA,TA,Y,SBrkr,904,0,0,904,0,1,0,3,1,TA,6,Typ,0,Not Applicable,Attchd,Unf,1,408,TA,TA,Y,0,MnPrv,0,WD,Abnorml,109900,1780,0,1.0,7.0,8900,12460,42,42,42.0,123.0,123.0,2712,2712,1224.0,1224.0,Level_2
711,30,RL,56.0,4130,Pave,Not Applicable,IR1,Lvl,Inside,Gtl,Norm,1Fam,1Story,3,6,1935,Gable,CompShg,VinylSd,VinylSd,Not Applicable,0.0,Gd,TA,CBlock,TA,TA,No,Unf,0,Unf,270,270,GasA,Gd,Y,SBrkr,729,0,0,729,0,1,0,2,1,TA,5,Other,0,Not Applicable,Not Applicable,Not Applicable,0,0,Other,Other,N,0,Not Applicable,0,WD,Normal,52000,999,0,1.0,6.0,2997,5994,73,5,28.0,0.0,0.0,2916,2187,,,Level_1
712,50,C (all),66.0,8712,Pave,Pave,Reg,Other,Inside,Other,Norm,1Fam,1.5Fin,4,7,1900,Gable,CompShg,MetalSd,MetalSd,Not Applicable,0.0,TA,TA,Stone,TA,TA,Mn,Unf,0,Unf,859,859,GasA,Gd,Y,SBrkr,859,319,0,1178,0,1,0,2,1,TA,7,Typ,0,Not Applicable,Detchd,RFn,1,384,TA,TA,N,0,Not Applicable,0,WD,Abnorml,102776,2037,166,1.0,8.0,8148,14259,110,60,46.0,0.0,0.0,4712,3534,1152.0,1152.0,Level_1
713,120,RL,40.0,4671,Pave,Not Applicable,IR1,Other,Inside,Gtl,Norm,TwnhsE,1Story,8,5,1988,Gable,CompShg,HdBoard,HdBoard,Not Applicable,0.0,Gd,TA,PConc,Gd,TA,Mn,GLQ,767,Unf,461,1228,GasA,Gd,Y,SBrkr,1228,0,0,1228,1,2,0,2,1,Gd,5,Typ,1,Gd,Attchd,Fin,2,472,TA,TA,Y,0,Not Applicable,0,WD,Normal,189000,2456,288,3.0,7.0,19648,12280,20,19,20.0,0.0,0.0,4912,4912,1416.0,1416.0,Level_4
714,190,RL,60.0,9873,Pave,Not Applicable,Reg,Lvl,Inside,Gtl,Other,2fmCon,1Story,4,5,1970,Gable,CompShg,HdBoard,HdBoard,BrkFace,160.0,TA,TA,CBlock,TA,TA,Av,ALQ,789,Unf,171,960,Other,TA,N,SBrkr,960,0,0,960,1,1,0,3,1,TA,6,Typ,0,Not Applicable,Detchd,Unf,2,576,TA,TA,Y,0,Not Applicable,0,WD,Normal,129000,1920,288,2.0,7.0,7680,9600,36,36,36.0,480.0,480.0,2880,2880,1728.0,1728.0,Level_1
715,60,RL,69.0,13517,Pave,Not Applicable,IR1,Lvl,CulDSac,Gtl,Other,1Fam,2Story,6,8,1976,Gable,CompShg,HdBoard,Plywood,BrkFace,289.0,Gd,TA,CBlock,TA,TA,No,GLQ,533,Unf,192,725,GasA,Ex,Y,SBrkr,725,754,0,1479,0,2,1,3,1,Gd,6,Typ,0,Not Applicable,Attchd,RFn,2,475,TA,TA,Y,0,Not Applicable,0,WD,Normal,130500,2204,44,2.5,8.5,13224,17632,34,5,34.0,1156.0,867.0,7395,5916,1425.0,1425.0,Level_2
716,20,RL,78.0,10140,Pave,Not Applicable,Reg,Lvl,Inside,Gtl,Norm,1Fam,1Story,6,5,1974,Other,CompShg,HdBoard,HdBoard,BrkFace,174.0,TA,TA,CBlock,Gd,TA,No,Unf,0,Unf,1064,1064,GasA,TA,Y,SBrkr,1350,0,0,1350,0,2,0,3,1,TA,7,Typ,1,TA,Attchd,RFn,2,478,TA,TA,Y,0,MnPrv,0,WD,Normal,165000,2414,0,2.0,9.0,14484,12070,35,35,35.0,522.0,522.0,4050,4050,1434.0,1434.0,Level_3
717,70,RM,60.0,10800,Pave,Grvl,Reg,Other,Inside,Gtl,Norm,1Fam,2Story,7,8,1890,Gable,CompShg,Wd Sdng,VinylSd,Not Applicable,0.0,TA,Gd,BrkTil,TA,TA,No,Unf,0,Unf,718,718,GasA,Ex,Y,SBrkr,1576,978,0,2554,0,1,1,3,1,TA,8,Typ,0,Not Applicable,Detchd,Unf,2,704,TA,TA,P,0,Not Applicable,0,WD,Normal,159500,3272,191,1.5,9.5,22904,26176,117,9,11.0,0.0,0.0,12770,7662,2112.0,2112.0,Level_1
718,20,RL,80.0,10000,Pave,Not Applicable,Reg,Lvl,Inside,Gtl,Norm,1Fam,1Story,5,6,1973,Gable,CompShg,HdBoard,HdBoard,Not Applicable,0.0,TA,TA,CBlock,Gd,TA,No,BLQ,1084,Unf,92,1176,GasA,Gd,Y,SBrkr,1178,0,0,1178,0,1,1,3,1,Gd,5,Typ,1,Fa,Attchd,Unf,2,439,TA,TA,Y,0,MnPrv,0,WD,Normal,157000,2354,224,2.0,6.5,11770,14124,35,8,35.0,0.0,0.0,4712,4712,1317.0,1317.0,Level_3
719,60,RL,96.0,10542,Pave,Not Applicable,Reg,Lvl,Inside,Gtl,Norm,1Fam,2Story,7,5,1993,Other,CompShg,Wd Sdng,ImStucc,BrkFace,651.0,Gd,TA,PConc,Gd,TA,Gd,GLQ,1173,Unf,138,1311,GasA,Ex,Y,SBrkr,1325,1093,0,2418,1,2,1,3,1,Gd,9,Typ,1,TA,Attchd,RFn,3,983,TA,TA,Y,0,Not Applicable,0,WD,Normal,341000,3729,620,3.5,11.5,26103,18645,15,14,15.0,2604.0,1953.0,12090,9672,2949.0,2949.0,Level_4
720,20,RL,69.0,9920,Pave,Not Applicable,IR1,Lvl,Inside,Gtl,Norm,1Fam,1Story,5,6,1969,Gable,CompShg,HdBoard,Plywood,Not Applicable,0.0,TA,TA,CBlock,Gd,TA,Gd,ALQ,523,Unf,448,971,GasA,TA,Y,SBrkr,971,0,0,971,0,1,1,3,1,TA,5,Typ,1,Po,Attchd,Unf,1,300,TA,TA,Y,0,Not Applicable,0,WD,Normal,128500,1942,0,1.5,6.5,9710,11652,37,37,37.0,0.0,0.0,2913,2913,900.0,900.0,Level_3
721,120,RL,69.0,6563,Pave,Not Applicable,IR1,Other,CulDSac,Other,Norm,1Fam,1Story,8,5,1985,Gable,CompShg,HdBoard,HdBoard,Not Applicable,0.0,Gd,TA,PConc,Gd,TA,Gd,GLQ,1148,Unf,594,1742,GasA,TA,Y,SBrkr,1742,0,0,1742,1,2,0,2,1,Gd,5,Typ,1,TA,Attchd,RFn,2,564,TA,TA,Y,0,Not Applicable,0,WD,Normal,275000,3484,376,3.0,7.0,27872,17420,21,21,21.0,0.0,0.0,5226,6968,1692.0,1692.0,Level_4
722,120,RM,69.0,4426,Pave,Not Applicable,Reg,Lvl,Inside,Gtl,Norm,TwnhsE,1Story,6,5,2004,Gable,CompShg,VinylSd,VinylSd,BrkFace,169.0,Gd,TA,PConc,Gd,TA,Av,GLQ,662,Unf,186,848,GasA,Ex,Y,SBrkr,848,0,0,848,1,1,0,1,1,Gd,3,Typ,0,Not Applicable,Attchd,RFn,2,420,TA,TA,Y,0,Not Applicable,0,WD,Normal,143000,1696,160,2.0,4.0,10176,8480,6,6,6.0,676.0,507.0,4240,3392,1260.0,1260.0,Level_3
723,20,RL,70.0,8120,Pave,Not Applicable,Reg,Lvl,Inside,Gtl,Norm,1Fam,1Story,4,7,1970,Gable,CompShg,MetalSd,MetalSd,Not Applicable,0.0,TA,Gd,CBlock,TA,TA,No,ALQ,191,Unf,673,864,GasA,Ex,Y,SBrkr,864,0,0,864,0,1,0,3,1,TA,5,Typ,0,Not Applicable,Detchd,Unf,2,463,TA,TA,Y,0,Not Applicable,0,WD,Normal,124500,1728,0,1.0,6.0,6912,12096,39,39,15.0,0.0,0.0,4320,2592,1389.0,1389.0,Level_2
724,50,RL,60.0,8172,Pave,Not Applicable,Reg,Lvl,Inside,Gtl,Norm,1Fam,1.5Fin,4,6,1954,Gable,CompShg,MetalSd,MetalSd,Not Applicable,0.0,TA,TA,PConc,TA,TA,No,Unf,0,Unf,941,941,GasA,Ex,Y,SBrkr,997,473,0,1470,0,2,0,4,1,TA,7,Typ,0,Not Applicable,Detchd,Unf,1,548,TA,TA,Y,0,Not Applicable,0,WD,Normal,135000,2411,156,2.0,9.0,9644,14466,54,36,50.0,0.0,0.0,7350,4410,1644.0,1644.0,Level_1
725,20,RL,86.0,13286,Pave,Not Applicable,IR1,Lvl,Inside,Gtl,Norm,1Fam,1Story,9,5,2007,Other,CompShg,CemntBd,CmentBd,Stone,340.0,Ex,TA,PConc,Ex,TA,No,GLQ,1234,Unf,464,1698,GasA,Ex,Y,SBrkr,1698,0,0,1698,1,2,0,3,1,Ex,8,Typ,1,Gd,Attchd,Fin,3,768,TA,TA,Y,0,Not Applicable,0,WD,Normal,320000,3396,391,3.0,10.0,30564,16980,2,1,2.0,1700.0,1020.0,8490,8490,2304.0,2304.0,Level_1
726,20,RL,60.0,6960,Pave,Not Applicable,Reg,Lvl,Inside,Gtl,Norm,1Fam,1Story,4,6,1970,Gable,CompShg,HdBoard,Plywood,Not Applicable,0.0,TA,TA,CBlock,TA,TA,No,ALQ,375,Other,250,864,GasA,TA,Y,SBrkr,864,0,0,864,0,1,0,3,1,Gd,5,Typ,0,Not Applicable,Detchd,Unf,2,660,TA,TA,Y,0,Not Applicable,500,WD,Normal,120500,1728,96,1.0,6.0,6912,10368,39,39,20.0,0.0,0.0,2592,3456,1980.0,1980.0,Level_2
727,20,RL,69.0,21695,Pave,Not Applicable,IR1,Lvl,Corner,Gtl,Norm,1Fam,1Story,6,9,1988,Other,CompShg,Wd Sdng,Plywood,BrkFace,260.0,Gd,Gd,CBlock,Gd,TA,No,GLQ,808,Unf,72,880,GasA,Ex,Y,SBrkr,1680,0,0,1680,1,2,0,3,1,Gd,5,Typ,1,Gd,Attchd,Fin,2,540,TA,TA,Y,0,Not Applicable,0,WD,Normal,222000,2560,518,3.0,7.0,15360,23040,21,2,21.0,1040.0,1040.0,8400,6720,1620.0,1620.0,Level_4
728,20,RL,64.0,7314,Pave,Not Applicable,Reg,Lvl,Inside,Gtl,Norm,1Fam,1Story,7,5,2007,Gable,CompShg,VinylSd,VinylSd,Stone,82.0,Gd,TA,PConc,Gd,TA,Av,GLQ,724,Unf,508,1232,GasA,Ex,Y,SBrkr,1232,0,0,1232,1,2,0,2,1,Gd,6,Typ,0,Not Applicable,Attchd,RFn,2,632,TA,TA,Y,0,Not Applicable,0,WD,Normal,194500,2464,132,3.0,8.0,17248,12320,2,2,2.0,328.0,246.0,6160,4928,1896.0,1896.0,Level_3
729,90,RL,85.0,11475,Pave,Not Applicable,Reg,Lvl,Corner,Gtl,Norm,Duplex,1Story,5,5,1958,Gable,CompShg,VinylSd,VinylSd,BrkFace,95.0,TA,TA,CBlock,TA,TA,No,Unf,0,Unf,1584,1584,GasA,TA,Y,SBrkr,1776,0,0,1776,1,2,0,4,2,TA,9,Typ,0,Not Applicable,Detchd,Unf,3,888,TA,TA,Y,0,Not Applicable,0,COD,Abnorml,110000,3360,25,3.0,11.0,16800,16800,51,51,41.0,285.0,285.0,5328,5328,2664.0,2664.0,Level_2
730,30,RM,52.0,6240,Pave,Grvl,Reg,Lvl,Inside,Gtl,Norm,1Fam,1.5Fin,4,5,1925,Gable,CompShg,MetalSd,MetalSd,Not Applicable,0.0,TA,TA,CBlock,TA,TA,No,BLQ,152,Unf,628,780,GasA,TA,Y,FuseA,848,0,360,1208,0,1,0,2,1,TA,5,Typ,0,Not Applicable,Detchd,Unf,2,539,TA,TA,Y,0,Not Applicable,0,WD,Normal,103000,1628,135,1.0,6.0,6512,8140,84,59,47.0,0.0,0.0,3624,3624,1617.0,1617.0,Level_1
731,120,RL,39.0,5389,Pave,Not Applicable,IR1,Lvl,Inside,Gtl,Norm,TwnhsE,1Story,8,5,1995,Gable,CompShg,CemntBd,CmentBd,Not Applicable,0.0,Gd,TA,PConc,Gd,TA,No,GLQ,1180,Unf,415,1595,GasA,Ex,Y,SBrkr,1616,0,0,1616,1,2,0,2,1,Gd,5,Typ,1,TA,Attchd,RFn,2,608,TA,TA,Y,0,Not Applicable,0,WD,Normal,236500,3211,389,3.0,7.0,25688,16055,15,14,15.0,0.0,0.0,8080,6464,1824.0,1824.0,Level_4
732,80,RL,73.0,9590,Pave,Not Applicable,IR1,Lvl,Corner,Gtl,Norm,1Fam,SLvl,7,5,2003,Gable,CompShg,VinylSd,VinylSd,BrkFace,442.0,Gd,TA,PConc,Ex,TA,Av,GLQ,786,Unf,82,868,GasA,Ex,Y,SBrkr,1146,0,0,1146,1,2,0,3,1,Gd,6,Typ,1,Gd,Attchd,Fin,2,438,TA,TA,Y,0,Not Applicable,0,WD,Normal,187500,2014,182,3.0,8.0,14098,10070,4,4,4.0,1768.0,1326.0,5730,4584,1314.0,1314.0,Level_4
733,60,RL,75.0,11404,Pave,Not Applicable,IR1,Lvl,Inside,Gtl,Norm,1Fam,2Story,7,5,1998,Gable,CompShg,VinylSd,VinylSd,BrkFace,202.0,Gd,TA,PConc,Gd,TA,Av,ALQ,252,Unf,901,1153,GasA,Ex,Y,SBrkr,1153,878,0,2031,0,2,1,3,1,Gd,8,Typ,1,TA,Attchd,Fin,2,541,TA,TA,Y,0,Not Applicable,0,WD,Normal,222500,3184,276,2.5,10.5,22288,15920,10,9,10.0,808.0,606.0,10155,8124,1623.0,1623.0,Level_3
734,20,RL,80.0,10000,Pave,Not Applicable,Reg,Lvl,Corner,Gtl,Other,1Fam,1Story,5,6,1961,Other,CompShg,HdBoard,HdBoard,Not Applicable,0.0,TA,TA,CBlock,TA,TA,No,BLQ,594,Unf,270,864,GasA,Ex,Y,SBrkr,1144,0,0,1144,1,1,0,3,1,TA,6,Typ,1,TA,Attchd,RFn,1,264,TA,TA,Y,0,GdWo,400,WD,Normal,131400,2008,165,2.0,7.0,10040,12048,48,26,48.0,0.0,0.0,5720,3432,792.0,792.0,Level_2
735,20,RL,69.0,8978,Pave,Not Applicable,IR1,Lvl,Corner,Gtl,Norm,1Fam,1Story,5,5,1968,Gable,CompShg,Plywood,Plywood,Not Applicable,0.0,TA,TA,PConc,TA,TA,No,Unf,0,Unf,948,948,GasA,TA,Y,SBrkr,948,0,0,948,0,1,0,3,1,TA,6,Typ,0,Not Applicable,Attchd,Unf,1,300,TA,TA,Y,0,Not Applicable,0,WD,Family,108000,1896,147,1.0,7.0,9480,9480,39,39,39.0,0.0,0.0,2844,2844,900.0,900.0,Level_2
736,75,RM,60.0,10800,Pave,Not Applicable,Reg,Lvl,Inside,Gtl,Norm,1Fam,2.5Unf,7,7,1914,Gable,CompShg,Wd Sdng,Wd Sdng,Not Applicable,0.0,TA,TA,BrkTil,Gd,TA,Mn,Rec,390,Unf,490,880,Other,Fa,N,SBrkr,880,888,0,1768,0,1,1,2,1,TA,6,Typ,2,TA,Detchd,Unf,2,320,TA,TA,N,0,Not Applicable,0,WD,Normal,163000,2648,341,1.5,7.5,18536,18536,92,36,92.0,0.0,0.0,3536,5304,960.0,960.0,Level_1
737,90,RL,60.0,8544,Pave,Not Applicable,Reg,Lvl,Inside,Gtl,Norm,Duplex,1Story,3,4,1950,Gable,CompShg,Stucco,Stone,Not Applicable,0.0,TA,TA,CBlock,Not Applicable,Other,Not Applicable,Not Applicable,0,Other,0,0,GasA,Gd,N,FuseF,1040,0,0,1040,0,2,0,2,2,TA,6,Typ,0,Not Applicable,Detchd,Unf,2,400,TA,TA,Y,0,Not Applicable,0,WD,Normal,93500,1040,0,2.0,8.0,3120,4160,56,56,57.0,0.0,0.0,4160,3120,1200.0,1200.0,Level_2
738,60,RL,72.0,10463,Pave,Not Applicable,IR1,Other,CulDSac,Gtl,Norm,1Fam,2Story,8,5,2005,Gable,CompShg,VinylSd,VinylSd,Not Applicable,0.0,Gd,TA,PConc,Gd,TA,No,Unf,0,Unf,893,893,GasA,Ex,Y,SBrkr,901,900,0,1801,0,2,1,3,1,Gd,8,Typ,1,Gd,Attchd,Fin,3,800,TA,TA,Y,0,Not Applicable,0,WD,Normal,239900,2694,116,2.5,10.5,21552,13470,1,1,1.0,0.0,0.0,9005,7204,2400.0,2400.0,Level_3
739,90,RL,60.0,10800,Pave,Not Applicable,Reg,Lvl,Inside,Gtl,Norm,Duplex,1Story,5,5,1987,Gable,CompShg,Plywood,Plywood,Not Applicable,0.0,TA,TA,CBlock,Gd,Other,Gd,GLQ,1200,Unf,0,1200,GasA,TA,Y,SBrkr,1200,0,0,1200,3,3,0,3,1,TA,5,Typ,0,Not Applicable,Not Applicable,Not Applicable,0,0,Other,Other,Y,0,Not Applicable,0,WD,Alloca,179000,2400,120,6.0,8.0,12000,12000,22,21,29.0,0.0,0.0,3600,3600,,,Level_1
740,60,RL,65.0,9313,Pave,Not Applicable,IR1,Lvl,Inside,Gtl,Norm,1Fam,2Story,7,5,2004,Gable,CompShg,VinylSd,VinylSd,Not Applicable,0.0,Gd,TA,PConc,Gd,TA,No,Unf,0,Unf,864,864,GasA,Ex,Y,SBrkr,864,864,0,1728,0,2,1,3,1,Gd,7,Typ,0,Not Applicable,Attchd,RFn,2,572,TA,TA,Y,0,Not Applicable,0,WD,Normal,190000,2592,243,2.5,9.5,18144,12960,5,5,5.0,0.0,0.0,8640,6912,1716.0,1716.0,Level_3
741,70,RM,60.0,9600,Pave,Grvl,Reg,Lvl,Inside,Gtl,Norm,1Fam,2Story,5,7,1910,Gable,CompShg,Wd Sdng,Wd Shng,Not Applicable,0.0,TA,Gd,BrkTil,Fa,Other,No,Unf,0,Unf,264,264,GasA,Ex,Y,SBrkr,768,664,0,1432,0,2,0,2,1,TA,7,Typ,0,Not Applicable,Detchd,Unf,2,360,TA,Other,Y,0,GdPrv,0,WD,Abnorml,132000,1696,382,2.0,9.0,8480,11872,97,5,97.0,0.0,0.0,7160,4296,1080.0,1440.0,Level_1
742,20,RL,65.0,6768,Pave,Not Applicable,IR1,Lvl,Inside,Gtl,Other,1Fam,1Story,6,8,1961,Other,CompShg,HdBoard,HdBoard,Not Applicable,0.0,TA,Gd,CBlock,TA,TA,Mn,GLQ,832,Unf,80,912,GasA,Gd,Y,SBrkr,912,0,0,912,1,1,0,3,1,Gd,5,Typ,0,Not Applicable,Detchd,Unf,1,288,TA,TA,Y,0,GdPrv,0,WD,Normal,142000,1824,168,2.5,6.0,10944,14592,47,12,46.0,0.0,0.0,3648,3648,864.0,864.0,Level_2
743,20,RL,65.0,8450,Pave,Not Applicable,Reg,Lvl,Inside,Gtl,Norm,1Fam,1Story,7,5,2000,Gable,CompShg,VinylSd,VinylSd,BrkFace,108.0,TA,TA,PConc,Gd,TA,No,Unf,0,Unf,1349,1349,GasA,Ex,Y,SBrkr,1349,0,0,1349,0,2,0,3,1,TA,6,Typ,0,Not Applicable,Attchd,Unf,2,539,TA,TA,Y,0,GdPrv,0,WD,Normal,179000,2698,175,2.0,8.0,18886,13490,7,6,7.0,324.0,324.0,6745,4047,1617.0,1617.0,Level_3
744,80,RL,70.0,12886,Pave,Not Applicable,IR1,Lvl,Inside,Gtl,Norm,1Fam,SLvl,5,6,1963,Gable,CompShg,HdBoard,HdBoard,Not Applicable,0.0,TA,TA,CBlock,Gd,TA,Av,ALQ,444,Unf,76,520,GasA,Ex,Y,SBrkr,1464,0,0,1464,0,2,0,3,1,TA,6,Other,1,TA,Attchd,RFn,2,480,TA,TA,Y,0,Not Applicable,0,WD,Normal,175000,1984,402,2.5,8.0,9920,11904,46,10,12.0,0.0,0.0,7320,4392,1440.0,1440.0,Level_2
745,120,RL,41.0,5395,Pave,Not Applicable,IR1,Other,Inside,Gtl,Norm,TwnhsE,1Story,8,5,1993,Gable,CompShg,HdBoard,HdBoard,Not Applicable,0.0,Gd,TA,PConc,Gd,TA,No,GLQ,733,Unf,604,1337,GasA,Gd,Y,SBrkr,1337,0,0,1337,1,2,0,2,1,Gd,5,Typ,1,TA,Attchd,RFn,2,462,TA,TA,Y,0,Not Applicable,0,WD,Normal,180000,2674,334,3.0,7.0,21392,13370,15,15,15.0,0.0,0.0,5348,5348,1386.0,1386.0,Level_4
746,60,RL,69.0,8963,Pave,Not Applicable,IR1,Lvl,Inside,Gtl,Norm,1Fam,2Story,8,9,1976,Other,CompShg,VinylSd,VinylSd,BrkFace,289.0,Ex,Gd,CBlock,TA,Other,No,GLQ,575,Other,487,1142,GasA,Ex,Y,SBrkr,1175,1540,0,2715,0,3,1,4,1,Gd,11,Typ,2,TA,BuiltIn,Fin,2,831,TA,TA,Y,0,Not Applicable,0,WD,Normal,299800,3857,204,4.0,14.5,30856,34713,32,12,14.0,1445.0,1156.0,13575,10860,2493.0,2493.0,Level_3
747,60,RL,69.0,8795,Pave,Not Applicable,IR1,Lvl,Inside,Gtl,Norm,1Fam,2Story,7,5,2000,Gable,CompShg,VinylSd,VinylSd,Not Applicable,0.0,Gd,TA,PConc,Gd,TA,No,GLQ,300,Unf,652,952,GasA,Ex,Y,SBrkr,980,1276,0,2256,0,2,1,4,1,Gd,8,Typ,1,TA,BuiltIn,Fin,2,554,TA,TA,Y,0,Not Applicable,0,WD,Normal,236000,3208,278,2.5,10.5,22456,16040,9,9,9.0,0.0,0.0,11280,9024,1662.0,1662.0,Level_3
748,70,RM,65.0,11700,Pave,Pave,IR1,Lvl,Corner,Gtl,Norm,1Fam,2Story,7,7,1880,Other,CompShg,Stucco,Stucco,Not Applicable,0.0,Gd,TA,Stone,TA,Other,No,Unf,0,Unf,1240,1240,Other,TA,N,SBrkr,1320,1320,0,2640,0,1,1,4,1,Gd,8,Typ,1,Gd,Detchd,Unf,4,864,TA,TA,N,0,Not Applicable,0,WD,Normal,265979,3880,567,1.5,9.5,27160,27160,129,6,59.0,0.0,0.0,7920,10560,2592.0,2592.0,Level_1
749,20,RL,59.0,10593,Pave,Not Applicable,IR1,Lvl,Inside,Gtl,Norm,1Fam,1Story,7,5,1996,Other,CompShg,VinylSd,VinylSd,BrkFace,338.0,Gd,TA,PConc,Gd,TA,No,GLQ,919,Unf,801,1720,GasA,Ex,Y,SBrkr,1720,0,0,1720,1,2,0,3,1,Gd,7,Typ,1,TA,Attchd,Fin,2,527,TA,TA,Y,0,Not Applicable,0,WD,Normal,260400,3440,450,3.0,9.0,24080,17200,14,14,14.0,1352.0,1014.0,8600,6880,1581.0,1581.0,Level_4
750,50,RL,50.0,8405,Pave,Not Applicable,Reg,Lvl,Inside,Gtl,Norm,1Fam,1.5Fin,4,3,1945,Gable,CompShg,WdShing,Wd Shng,Not Applicable,0.0,TA,TA,Slab,Not Applicable,Other,Not Applicable,Not Applicable,0,Other,0,0,Other,TA,N,FuseF,1088,441,0,1529,0,2,0,4,1,TA,9,Other,0,Not Applicable,Detchd,Unf,1,240,TA,TA,N,0,Not Applicable,0,WD,Normal,98000,1529,277,2.0,11.0,6116,4587,64,59,64.0,0.0,0.0,4587,4587,720.0,720.0,Level_1
751,50,RM,55.0,8800,Pave,Grvl,Reg,Lvl,Corner,Gtl,Norm,1Fam,1.5Fin,4,7,1910,Gable,CompShg,Wd Sdng,Wd Sdng,Not Applicable,0.0,TA,TA,BrkTil,TA,Other,No,Unf,0,Unf,576,576,GasA,Gd,Y,SBrkr,792,348,0,1140,0,1,0,3,1,TA,7,Other,0,Not Applicable,Not Applicable,Not Applicable,0,0,Other,Other,N,0,Not Applicable,0,WD,Normal,96500,1716,160,1.0,8.0,6864,12012,100,6,30.0,0.0,0.0,4560,3420,,,Level_1
752,60,RL,69.0,7750,Pave,Not Applicable,Reg,Lvl,Inside,Gtl,Other,1Fam,2Story,7,5,2003,Gable,CompShg,VinylSd,VinylSd,Not Applicable,0.0,Gd,TA,PConc,Gd,TA,No,Unf,0,Unf,660,660,GasA,Ex,Y,SBrkr,660,660,0,1320,0,2,1,3,1,Gd,6,Typ,0,Not Applicable,Attchd,Fin,2,400,TA,TA,Y,0,Not Applicable,0,WD,Normal,162000,1980,48,2.5,8.5,13860,9900,4,4,4.0,0.0,0.0,6600,5280,1200.0,1200.0,Level_3
753,20,RL,79.0,9236,Pave,Not Applicable,IR1,Lvl,Inside,Gtl,Norm,1Fam,1Story,6,5,1997,Gable,CompShg,VinylSd,VinylSd,Not Applicable,0.0,TA,Gd,PConc,Gd,TA,Gd,GLQ,1200,Unf,279,1479,GasA,Ex,Y,SBrkr,1494,0,0,1494,1,2,0,3,1,Gd,6,Typ,0,Not Applicable,Attchd,RFn,2,576,TA,TA,Y,0,Not Applicable,0,WD,Normal,217000,2973,195,3.0,8.0,17838,14865,9,9,9.0,0.0,0.0,7470,5976,1728.0,1728.0,Level_3
754,60,RL,80.0,10240,Pave,Not Applicable,Reg,Lvl,Inside,Gtl,Norm,1Fam,2Story,8,5,2005,Gable,CompShg,VinylSd,VinylSd,BrkFace,178.0,Gd,TA,PConc,Gd,TA,Mn,Unf,0,Unf,1030,1030,GasA,Gd,Y,SBrkr,1038,1060,0,2098,0,2,1,3,1,Ex,8,Typ,1,Gd,Attchd,RFn,3,878,TA,TA,Y,0,Not Applicable,0,WD,Normal,275500,3128,244,2.5,10.5,25024,15640,1,1,1.0,712.0,534.0,8392,10490,2634.0,2634.0,Level_4
755,20,RL,61.0,7930,Pave,Not Applicable,Reg,Lvl,Inside,Gtl,Norm,1Fam,1Story,6,8,1969,Gable,CompShg,Plywood,Plywood,Not Applicable,0.0,TA,TA,CBlock,TA,TA,No,GLQ,439,Other,115,1026,GasA,Gd,Y,SBrkr,1026,0,0,1026,1,1,0,3,1,Gd,5,Typ,0,Not Applicable,Detchd,RFn,2,440,TA,TA,Y,0,Not Applicable,0,WD,Normal,156000,2052,219,2.0,6.0,12312,16416,40,4,40.0,0.0,0.0,4104,4104,1320.0,1320.0,Level_2
756,160,FV,34.0,3230,Pave,Pave,Reg,Lvl,Inside,Gtl,Norm,TwnhsE,2Story,6,5,1999,Gable,CompShg,MetalSd,MetalSd,BrkFace,894.0,TA,TA,PConc,Gd,TA,No,GLQ,381,Unf,348,729,GasA,Gd,Y,SBrkr,742,729,0,1471,0,2,1,3,1,TA,6,Typ,0,Not Applicable,Detchd,Unf,2,440,TA,TA,Y,0,Not Applicable,0,WD,Normal,172500,2200,24,2.5,8.5,13200,11000,10,10,10.0,2682.0,2682.0,5884,4413,1320.0,1320.0,Level_4
757,60,RL,68.0,10769,Pave,Not Applicable,IR1,Lvl,Inside,Gtl,Norm,1Fam,2Story,8,5,2007,Gable,CompShg,VinylSd,VinylSd,Not Applicable,0.0,Gd,TA,PConc,Gd,TA,Av,GLQ,20,Unf,846,866,GasA,Ex,Y,SBrkr,866,902,0,1768,0,2,1,3,1,Gd,7,Typ,0,Not Applicable,Attchd,RFn,2,578,TA,TA,Y,0,Not Applicable,0,WD,Normal,212000,2634,249,2.5,9.5,21072,13170,2,2,2.0,0.0,0.0,8840,7072,1734.0,1734.0,Level_3
758,60,RL,69.0,11616,Pave,Not Applicable,IR1,Lvl,CulDSac,Gtl,Norm,1Fam,2Story,6,5,1978,Other,CompShg,HdBoard,HdBoard,BrkCmn,328.0,TA,TA,CBlock,TA,TA,Mn,Rec,438,Unf,234,672,GasA,TA,Y,SBrkr,672,714,0,1386,0,2,1,3,1,TA,6,Typ,1,TA,Attchd,Fin,2,440,TA,TA,Y,0,GdPrv,0,WD,Abnorml,158900,2058,335,2.5,8.5,12348,10290,32,32,32.0,984.0,984.0,4158,4158,1320.0,1320.0,Level_2
759,160,FV,24.0,2280,Pave,Pave,Reg,Lvl,Inside,Gtl,Norm,Twnhs,2Story,7,5,1999,Gable,CompShg,MetalSd,MetalSd,BrkFace,360.0,TA,TA,PConc,Gd,TA,No,ALQ,549,Unf,195,744,GasA,Gd,Y,SBrkr,757,744,0,1501,0,2,1,3,1,TA,6,Typ,0,Not Applicable,Detchd,Unf,2,440,TA,TA,Y,0,Not Applicable,0,WD,Normal,179400,2245,0,2.5,8.5,15715,11225,9,9,9.0,1080.0,1080.0,6004,4503,1320.0,1320.0,Level_4
760,60,RL,65.0,12257,Pave,Not Applicable,IR1,Lvl,Inside,Gtl,Norm,1Fam,2Story,8,5,1995,Gable,CompShg,VinylSd,VinylSd,BrkFace,513.0,Gd,TA,PConc,Gd,TA,Av,LwQ,56,Other,1198,1318,GasA,Ex,Y,SBrkr,1328,1203,0,2531,0,2,1,4,1,Gd,9,Typ,1,TA,Attchd,RFn,3,752,TA,TA,Y,0,Not Applicable,0,WD,Normal,290000,3849,320,2.5,11.5,30792,19245,12,12,12.0,2052.0,1539.0,12655,10124,2256.0,2256.0,Level_4
761,20,RL,70.0,9100,Pave,Not Applicable,Reg,Lvl,Inside,Gtl,Norm,1Fam,1Story,6,6,1959,Other,CompShg,Wd Sdng,Wd Sdng,Not Applicable,0.0,TA,TA,CBlock,TA,TA,No,Rec,612,Unf,252,864,GasA,Ex,Y,SBrkr,864,0,0,864,0,1,0,2,1,TA,5,Typ,0,Not Applicable,Detchd,Unf,1,300,Other,Other,Y,0,Not Applicable,450,WD,Normal,127500,1728,0,1.0,6.0,10368,10368,50,50,1.0,0.0,0.0,4320,2592,1500.0,1500.0,Level_2
762,30,RM,60.0,6911,Pave,Not Applicable,Reg,Lvl,FR2,Gtl,Other,1Fam,1Story,5,5,1924,Gable,CompShg,Wd Sdng,Wd Sdng,Not Applicable,0.0,TA,TA,PConc,TA,TA,Mn,LwQ,405,Unf,740,1145,GasA,TA,Y,SBrkr,1301,0,0,1301,0,1,0,2,1,Fa,5,Other,0,Not Applicable,Detchd,Unf,2,440,TA,TA,Y,0,Not Applicable,0,WD,Normal,100000,2446,0,1.0,6.0,12230,12230,85,59,44.0,0.0,0.0,3903,2602,1320.0,1320.0,Level_1
763,60,FV,72.0,8640,Pave,Not Applicable,Reg,Lvl,Inside,Gtl,Norm,1Fam,2Story,7,5,2009,Gable,CompShg,VinylSd,VinylSd,Not Applicable,0.0,TA,TA,PConc,Gd,TA,Mn,GLQ,24,Unf,732,756,GasA,Ex,Y,SBrkr,764,783,0,1547,0,2,1,3,1,Gd,7,Typ,0,Not Applicable,Attchd,Unf,2,614,TA,TA,Y,0,Not Applicable,0,Con,Normal,215200,2303,214,2.5,9.5,16121,11515,1,1,1.0,0.0,0.0,7735,6188,1842.0,1842.0,Level_4
764,60,RL,82.0,9430,Pave,Not Applicable,Reg,Lvl,Inside,Gtl,Norm,1Fam,2Story,8,5,1999,Gable,CompShg,VinylSd,VinylSd,BrkFace,673.0,Gd,TA,PConc,Gd,TA,Mn,GLQ,1163,Unf,89,1252,GasA,Ex,Y,SBrkr,1268,1097,0,2365,1,2,1,3,1,Gd,8,Typ,1,Gd,Attchd,RFn,3,856,TA,TA,Y,0,Not Applicable,0,WD,Normal,337000,3617,308,3.5,10.5,28936,18085,10,10,10.0,2692.0,2019.0,11825,9460,2568.0,2568.0,Level_4
765,120,RL,30.0,9549,Pave,Not Applicable,IR1,Lvl,CulDSac,Gtl,Norm,TwnhsE,1Story,8,5,1995,Other,CompShg,BrkFace,BrkFace,Not Applicable,0.0,Gd,Gd,PConc,Gd,Other,Av,LwQ,437,Other,0,1494,GasA,Ex,Y,SBrkr,1494,0,0,1494,1,1,1,2,1,Ex,6,Typ,1,Gd,Attchd,Fin,2,481,TA,TA,Y,0,Not Applicable,0,WD,Normal,270000,2988,246,2.5,7.5,23904,14940,11,10,11.0,0.0,0.0,7470,7470,1443.0,1443.0,Level_4
766,20,RL,75.0,14587,Pave,Not Applicable,IR1,Lvl,Inside,Gtl,Norm,1Fam,1Story,9,5,2008,Gable,CompShg,VinylSd,VinylSd,Stone,284.0,Gd,TA,PConc,Gd,TA,No,Unf,0,Unf,1498,1498,GasA,Ex,Y,SBrkr,1506,0,0,1506,0,2,0,2,1,Ex,6,Typ,1,Gd,Attchd,Fin,2,592,TA,TA,Y,0,Not Applicable,0,New,Partial,264132,3004,174,2.0,8.0,27036,15020,0,0,0.0,1136.0,852.0,7530,7530,1776.0,1776.0,Level_4
767,60,RL,80.0,10421,Pave,Not Applicable,Reg,Lvl,Inside,Gtl,Norm,1Fam,2Story,7,5,1988,Gable,CompShg,HdBoard,HdBoard,BrkFace,42.0,TA,TA,CBlock,Gd,TA,No,GLQ,394,Unf,586,980,GasA,TA,Y,SBrkr,980,734,0,1714,0,2,1,3,1,TA,7,Typ,1,TA,Attchd,Unf,2,496,TA,TA,Y,0,MnPrv,500,WD,Normal,196500,2694,450,2.5,9.5,18858,13470,22,22,22.0,126.0,126.0,5142,5142,1488.0,1488.0,Level_3
768,50,RL,75.0,12508,Pave,Not Applicable,IR1,Lvl,Inside,Gtl,Norm,1Fam,1.5Fin,6,7,1940,Gable,CompShg,VinylSd,VinylSd,Not Applicable,0.0,TA,TA,CBlock,Gd,TA,Mn,ALQ,660,Unf,323,983,GasA,Ex,Y,SBrkr,983,767,0,1750,1,2,0,4,1,TA,7,Other,0,Not Applicable,Attchd,Unf,1,423,TA,TA,Y,0,Not Applicable,1300,WD,Normal,160000,2733,401,3.0,9.0,16398,19131,68,23,19.0,0.0,0.0,8750,5250,1269.0,1269.0,Level_2
769,20,RL,70.0,9100,Pave,Not Applicable,Reg,Lvl,Inside,Gtl,Norm,1Fam,1Story,7,5,2004,Other,CompShg,VinylSd,VinylSd,Not Applicable,0.0,Gd,TA,PConc,Gd,TA,No,GLQ,24,Unf,1836,1860,GasA,Ex,Y,SBrkr,1836,0,0,1836,0,2,0,3,1,Gd,8,Typ,1,Gd,Attchd,Fin,2,484,TA,TA,Y,0,Not Applicable,0,WD,Normal,216837,3696,153,2.0,10.0,25872,18480,2,1,2.0,0.0,0.0,9180,7344,1452.0,1452.0,Level_3
770,60,RL,47.0,53504,Pave,Not Applicable,IR2,Other,CulDSac,Other,Norm,1Fam,2Story,8,5,2003,Other,CompShg,CemntBd,Wd Shng,BrkFace,603.0,Ex,TA,PConc,Gd,TA,Gd,ALQ,1416,Unf,234,1650,GasA,Ex,Y,SBrkr,1690,1589,0,3279,1,3,1,4,1,Ex,12,Other,1,Gd,BuiltIn,Fin,3,841,TA,TA,Y,0,Not Applicable,0,WD,Normal,538000,4929,749,4.5,15.5,39432,24645,7,7,7.0,3015.0,1809.0,16395,16395,2523.0,2523.0,Level_4
771,85,RL,69.0,7252,Pave,Not Applicable,IR1,Lvl,CulDSac,Gtl,Norm,1Fam,SFoyer,5,5,1982,Other,CompShg,Wd Sdng,Wd Sdng,Not Applicable,0.0,TA,TA,CBlock,Gd,TA,Av,GLQ,685,Unf,173,858,GasA,TA,Y,SBrkr,858,0,0,858,1,1,0,2,1,TA,5,Typ,0,Not Applicable,Detchd,Unf,2,576,TA,TA,Y,0,Not Applicable,0,WD,Normal,134900,1716,120,2.0,6.0,8580,8580,27,27,26.0,0.0,0.0,2574,2574,1728.0,1728.0,Level_2
772,20,RL,67.0,8877,Pave,Not Applicable,Reg,Lvl,Inside,Gtl,Norm,1Fam,1Story,4,5,1951,Gable,CompShg,Wd Sdng,Wd Sdng,Not Applicable,0.0,TA,TA,CBlock,Fa,Other,No,LwQ,836,Unf,0,836,GasA,TA,Y,FuseF,1220,0,0,1220,0,1,0,2,1,TA,6,Typ,0,Not Applicable,Detchd,Unf,2,396,TA,TA,Y,0,Not Applicable,0,COD,Normal,102000,2056,0,1.0,7.0,8224,10280,55,55,55.0,0.0,0.0,3660,3660,1188.0,1188.0,Level_1
773,80,RL,94.0,7819,Pave,Not Applicable,Reg,Lvl,Inside,Gtl,Norm,1Fam,SLvl,6,5,1976,Gable,CompShg,Plywood,Plywood,Not Applicable,0.0,TA,TA,CBlock,TA,TA,Av,ALQ,422,Other,480,1029,GasA,TA,Y,SBrkr,1117,0,0,1117,1,1,0,3,1,TA,6,Typ,1,TA,Detchd,Unf,2,672,TA,TA,Y,0,MnPrv,0,WD,Abnorml,107000,2146,144,2.0,7.0,12876,10730,34,34,34.0,0.0,0.0,3351,3351,2016.0,2016.0,Level_1
774,20,RL,70.0,10150,Pave,Not Applicable,Reg,Lvl,Inside,Gtl,Other,1Fam,1Story,5,5,1958,Gable,CompShg,Wd Sdng,Wd Sdng,Not Applicable,1.0,TA,TA,CBlock,TA,TA,No,Rec,456,Unf,456,912,GasA,Ex,Y,FuseA,912,0,0,912,0,1,0,2,1,TA,5,Typ,0,Not Applicable,Attchd,RFn,1,275,TA,TA,Y,0,Not Applicable,0,COD,Normal,114500,1824,0,1.0,6.0,9120,9120,49,49,49.0,3.0,3.0,4560,2736,825.0,825.0,Level_2
775,20,RL,110.0,14226,Pave,Not Applicable,Reg,Lvl,Corner,Gtl,Norm,1Fam,1Story,8,5,2006,Other,CompShg,VinylSd,VinylSd,BrkFace,375.0,Gd,TA,PConc,Gd,TA,Av,Unf,0,Unf,1935,1935,GasA,Gd,Y,SBrkr,1973,0,0,1973,0,2,0,3,1,Gd,9,Typ,1,Gd,Attchd,Fin,3,895,TA,TA,Y,0,Not Applicable,0,New,Partial,395000,3908,360,2.0,11.0,31264,19540,1,1,1.0,1500.0,1125.0,7892,7892,2685.0,2685.0,Level_4
776,120,RM,32.0,4500,Pave,Not Applicable,Reg,Lvl,FR2,Gtl,Norm,TwnhsE,1Story,6,5,1998,Other,CompShg,VinylSd,VinylSd,BrkFace,320.0,TA,TA,PConc,Ex,TA,No,GLQ,866,Unf,338,1204,GasA,Ex,Y,SBrkr,1204,0,0,1204,1,2,0,2,1,TA,5,Typ,0,Not Applicable,Attchd,Fin,2,412,TA,TA,Y,0,Not Applicable,0,WD,Normal,162000,2408,247,3.0,7.0,14448,12040,11,11,11.0,960.0,960.0,6020,3612,1236.0,1236.0,Level_2
777,20,RL,86.0,11210,Pave,Not Applicable,IR1,Lvl,Inside,Gtl,Norm,1Fam,1Story,7,5,2005,Gable,CompShg,VinylSd,VinylSd,BrkFace,240.0,Gd,TA,PConc,Gd,TA,Av,GLQ,20,Unf,1594,1614,GasA,Ex,Y,SBrkr,1614,0,0,1614,0,2,0,3,1,Gd,7,Typ,0,Not Applicable,Attchd,RFn,3,865,TA,TA,Y,0,Not Applicable,0,New,Partial,221500,3228,203,2.0,9.0,22596,16140,1,0,1.0,960.0,720.0,8070,6456,2595.0,2595.0,Level_3
778,20,RL,100.0,13350,Pave,Not Applicable,IR1,Lvl,Inside,Gtl,Norm,1Fam,1Story,5,5,1974,Other,CompShg,HdBoard,Plywood,Not Applicable,0.0,TA,TA,CBlock,TA,TA,No,ALQ,762,Unf,102,864,GasA,TA,Y,SBrkr,894,0,0,894,1,1,0,3,1,TA,5,Typ,1,Fa,Attchd,Unf,2,440,TA,TA,Y,0,MnPrv,0,WD,Normal,142500,1758,241,2.0,6.0,8790,8790,32,32,32.0,0.0,0.0,2682,2682,1320.0,1320.0,Level_2
779,90,RH,60.0,8400,Pave,Not Applicable,Reg,Lvl,Inside,Gtl,Other,Duplex,1Story,5,5,1977,Gable,CompShg,Plywood,Plywood,BrkFace,320.0,TA,TA,Slab,Not Applicable,Other,Not Applicable,Not Applicable,0,Other,0,0,GasA,TA,Y,SBrkr,2020,0,0,2020,0,2,0,4,2,TA,10,Typ,2,TA,Detchd,Unf,2,630,TA,TA,Y,0,Not Applicable,0,WD,Normal,144000,2020,0,2.0,12.0,10100,10100,30,30,30.0,960.0,960.0,6060,6060,1890.0,1890.0,Level_3
780,90,RL,78.0,10530,Pave,Not Applicable,Reg,Lvl,Inside,Gtl,Norm,Duplex,SFoyer,6,5,1977,Gable,CompShg,Plywood,ImStucc,BrkFace,90.0,TA,TA,CBlock,Gd,TA,Gd,GLQ,975,Unf,0,975,GasA,TA,Y,SBrkr,1004,0,0,1004,1,1,0,2,1,TA,4,Typ,0,Not Applicable,Attchd,Unf,2,504,TA,TA,Y,0,Not Applicable,0,WD,Normal,135000,1979,0,2.0,5.0,11874,9895,29,29,29.0,270.0,270.0,3012,3012,1512.0,1512.0,Level_2
781,20,RL,63.0,7875,Pave,Not Applicable,Reg,Lvl,Inside,Gtl,Norm,1Fam,1Story,7,5,1995,Gable,CompShg,HdBoard,HdBoard,BrkFace,38.0,TA,TA,PConc,Gd,Other,No,Unf,0,Unf,1237,1237,GasA,Gd,Y,SBrkr,1253,0,0,1253,0,2,0,3,1,TA,6,Typ,1,TA,Attchd,Fin,2,402,TA,TA,Y,0,Not Applicable,0,WD,Normal,176000,2490,241,2.0,8.0,17430,12450,12,11,12.0,114.0,114.0,5012,3759,1206.0,1206.0,Level_3
782,60,RL,65.0,7153,Pave,Not Applicable,Reg,Lvl,Inside,Gtl,Norm,1Fam,2Story,6,5,1992,Gable,CompShg,VinylSd,VinylSd,Not Applicable,0.0,Gd,Gd,PConc,Gd,TA,No,ALQ,387,Unf,374,761,GasA,Ex,Y,SBrkr,810,793,0,1603,0,2,1,3,1,Gd,7,Typ,0,Not Applicable,Attchd,RFn,2,484,TA,TA,Y,0,Not Applicable,0,WD,Normal,175900,2364,124,2.5,9.5,14184,11820,14,14,14.0,0.0,0.0,8015,6412,1452.0,1452.0,Level_3
783,20,RL,67.0,16285,Pave,Not Applicable,IR2,Lvl,Inside,Gtl,Norm,1Fam,1Story,7,5,2001,Gable,CompShg,VinylSd,VinylSd,Not Applicable,0.0,Gd,TA,PConc,Gd,TA,No,Unf,0,Unf,1413,1413,GasA,Ex,Y,SBrkr,1430,0,0,1430,0,2,0,3,1,Gd,6,Typ,0,Not Applicable,Attchd,RFn,2,605,TA,TA,Y,0,Not Applicable,0,WD,Normal,187100,2843,33,2.0,8.0,19901,14215,8,7,8.0,0.0,0.0,7150,5720,1815.0,1815.0,Level_3
784,85,RL,69.0,9101,Pave,Not Applicable,IR1,Lvl,Corner,Gtl,Norm,1Fam,SFoyer,5,6,1978,Gable,CompShg,Plywood,Plywood,BrkFace,104.0,TA,Gd,PConc,Gd,TA,Av,GLQ,1097,Unf,0,1097,GasA,Ex,Y,SBrkr,1110,0,0,1110,1,1,0,1,1,Gd,4,Typ,1,TA,Attchd,Fin,2,602,TA,TA,Y,0,Not Applicable,0,WD,Normal,165500,2207,333,2.0,5.0,11035,13242,31,31,31.0,312.0,416.0,5550,4440,1806.0,1806.0,Level_2
785,75,RM,35.0,6300,Pave,Grvl,Reg,Lvl,Inside,Gtl,Norm,1Fam,2.5Unf,6,6,1914,Gable,CompShg,Wd Sdng,Wd Shng,Not Applicable,0.0,TA,TA,CBlock,TA,TA,No,Unf,0,Unf,742,742,GasA,Ex,Y,SBrkr,742,742,0,1484,0,2,0,3,1,TA,9,Typ,1,Gd,Not Applicable,Not Applicable,0,0,Other,Other,Y,0,Not Applicable,0,WD,Normal,128000,2226,425,2.0,11.0,13356,13356,94,7,28.0,0.0,0.0,7420,4452,,,Level_1
786,20,RL,69.0,9790,Pave,Not Applicable,Reg,Lvl,Inside,Gtl,Other,1Fam,1Story,6,5,1967,Gable,CompShg,BrkFace,Wd Sdng,Not Applicable,0.0,TA,TA,CBlock,TA,TA,No,Rec,251,Other,491,1372,GasA,TA,Y,SBrkr,1342,0,0,1342,0,2,0,3,1,TA,7,Typ,1,Gd,Attchd,Unf,2,457,TA,TA,Y,0,Not Applicable,0,WD,Normal,161500,2714,197,2.0,9.0,16284,13570,42,42,42.0,0.0,0.0,4026,4026,1371.0,1371.0,Level_3
787,50,RM,60.0,10800,Pave,Not Applicable,Reg,Lvl,Inside,Gtl,Other,1Fam,1.5Fin,5,6,1915,Gable,CompShg,MetalSd,MetalSd,Not Applicable,0.0,TA,Gd,PConc,Fa,TA,No,LwQ,686,Unf,0,686,GasA,TA,Y,SBrkr,966,686,0,1652,1,2,0,4,1,TA,7,Typ,0,Not Applicable,Detchd,Unf,1,416,TA,TA,Y,0,Not Applicable,1200,WD,Normal,139000,2338,196,3.0,9.0,11690,14028,95,60,49.0,0.0,0.0,4956,4956,1248.0,1248.0,Level_1
788,60,RL,76.0,10142,Pave,Not Applicable,IR1,Lvl,Inside,Gtl,Norm,1Fam,2Story,7,5,2004,Gable,CompShg,VinylSd,VinylSd,Not Applicable,0.0,Gd,TA,PConc,Gd,TA,No,GLQ,656,Unf,300,956,GasA,Ex,Y,SBrkr,956,1128,0,2084,1,2,1,4,1,Gd,8,Typ,0,Not Applicable,BuiltIn,RFn,2,618,TA,TA,Y,0,Not Applicable,0,WD,Normal,233000,3040,45,3.5,10.5,21280,15200,6,6,6.0,0.0,0.0,10420,8336,1854.0,1854.0,Level_3
789,20,RM,50.0,6000,Pave,Not Applicable,Reg,Lvl,Corner,Gtl,Norm,1Fam,1Story,4,7,1954,Gable,CompShg,MetalSd,MetalSd,Not Applicable,0.0,TA,TA,CBlock,TA,TA,No,Unf,0,Unf,901,901,GasA,Ex,Y,SBrkr,901,0,0,901,0,1,0,2,1,TA,4,Typ,0,Not Applicable,Detchd,Unf,1,281,Other,TA,Y,0,Not Applicable,0,WD,Normal,107900,1802,0,1.0,5.0,7208,12614,54,8,54.0,0.0,0.0,4505,2703,562.0,843.0,Level_1
790,60,RL,69.0,12205,Pave,Not Applicable,IR1,Other,Inside,Gtl,Norm,1Fam,2Story,6,8,1966,Gable,CompShg,HdBoard,HdBoard,BrkFace,157.0,TA,TA,CBlock,TA,Other,Gd,LwQ,568,Unf,264,832,GasA,Gd,Y,SBrkr,976,1111,0,2087,0,2,1,5,1,Gd,9,Typ,0,Not Applicable,Attchd,Fin,2,444,TA,TA,Y,0,Not Applicable,0,WD,Normal,187500,2919,301,2.5,11.5,17514,23352,41,0,41.0,471.0,471.0,8348,8348,1332.0,1332.0,Level_3
791,120,RL,43.0,3182,Pave,Not Applicable,Reg,Lvl,Inside,Gtl,Norm,TwnhsE,1Story,7,5,2005,Gable,CompShg,VinylSd,VinylSd,BrkFace,11.0,Gd,TA,PConc,Gd,TA,No,GLQ,16,Unf,1129,1145,GasA,Ex,Y,SBrkr,1145,0,0,1145,0,2,0,2,1,Gd,5,Typ,1,Gd,Attchd,Fin,2,397,TA,TA,Y,0,Not Applicable,0,WD,Normal,160200,2290,116,2.0,7.0,16030,11450,4,3,4.0,44.0,33.0,5725,4580,1191.0,1191.0,Level_3
792,80,RL,69.0,11333,Pave,Not Applicable,IR1,Lvl,Corner,Gtl,Norm,1Fam,SLvl,6,5,1976,Gable,CompShg,HdBoard,HdBoard,Not Applicable,0.0,TA,TA,PConc,Gd,TA,Av,ALQ,539,Unf,490,1029,GasA,TA,Y,SBrkr,1062,0,0,1062,1,1,0,3,1,TA,5,Typ,2,TA,Attchd,RFn,2,539,TA,TA,Y,0,Not Applicable,0,WD,Normal,146800,2091,120,2.0,6.0,12546,10455,31,31,31.0,0.0,0.0,3186,3186,1617.0,1617.0,Level_2
793,60,RL,92.0,9920,Pave,Not Applicable,IR1,Lvl,CulDSac,Gtl,Norm,1Fam,2Story,7,5,1996,Gable,CompShg,MetalSd,MetalSd,Not Applicable,0.0,Gd,TA,PConc,Gd,TA,Av,GLQ,862,Unf,255,1117,GasA,Ex,Y,SBrkr,1127,886,0,2013,1,2,1,3,1,TA,8,Typ,1,TA,Attchd,Unf,2,455,TA,TA,Y,0,Not Applicable,0,WD,Normal,269790,3130,310,3.5,10.5,21910,15650,11,10,10.0,0.0,0.0,10065,6039,1365.0,1365.0,Level_4
794,20,RL,76.0,9158,Pave,Not Applicable,Reg,Lvl,Inside,Gtl,Norm,1Fam,1Story,8,5,2007,Gable,CompShg,CemntBd,CmentBd,Stone,140.0,Gd,TA,PConc,Gd,TA,Av,Unf,0,Unf,1496,1496,GasA,Ex,Y,SBrkr,1496,0,0,1496,0,2,0,3,1,Gd,7,Typ,0,Not Applicable,Attchd,Fin,2,474,TA,TA,Y,0,Not Applicable,0,New,Partial,225000,2992,298,2.0,9.0,23936,14960,0,0,0.0,560.0,420.0,7480,5984,1422.0,1422.0,Level_4
795,60,RL,69.0,10832,Pave,Not Applicable,IR1,Lvl,Corner,Gtl,Norm,1Fam,2Story,7,5,1994,Gable,CompShg,MetalSd,MetalSd,Not Applicable,0.0,Gd,TA,PConc,Gd,TA,No,Unf,0,Unf,712,712,GasA,Ex,Y,SBrkr,1086,809,0,1895,0,2,1,3,1,Gd,7,Typ,1,TA,Attchd,Fin,2,409,TA,TA,Y,0,Not Applicable,500,WD,Normal,194500,2607,189,2.5,9.5,18249,13035,14,12,14.0,0.0,0.0,9475,7580,1227.0,1227.0,Level_3
796,60,RL,70.0,8400,Pave,Not Applicable,Reg,Lvl,Inside,Gtl,Norm,1Fam,2Story,6,6,1980,Gable,CompShg,HdBoard,HdBoard,BrkFace,130.0,TA,TA,CBlock,Gd,TA,No,Unf,0,Unf,650,650,GasA,TA,Y,SBrkr,888,676,0,1564,0,2,1,3,1,TA,7,Typ,1,TA,Attchd,Unf,2,476,TA,TA,Y,0,MnPrv,0,WD,Normal,171000,2214,254,2.5,9.5,13284,13284,30,29,30.0,390.0,390.0,4692,4692,1428.0,1428.0,Level_3
797,20,RL,71.0,8197,Pave,Not Applicable,Reg,Lvl,Inside,Gtl,Norm,1Fam,1Story,6,5,1977,Gable,CompShg,Plywood,Plywood,BrkFace,148.0,TA,TA,CBlock,TA,TA,No,Unf,0,Unf,660,660,GasA,Ex,Y,SBrkr,1285,0,0,1285,0,1,1,3,1,TA,7,Typ,1,TA,Attchd,RFn,2,528,TA,TA,Y,0,MnPrv,0,WD,Normal,143500,1945,138,1.5,8.5,11670,9725,30,30,30.0,444.0,444.0,6425,3855,1584.0,1584.0,Level_2
798,20,RL,57.0,7677,Pave,Not Applicable,Reg,Lvl,Inside,Gtl,Norm,1Fam,1Story,5,5,1953,Gable,CompShg,VinylSd,VinylSd,Not Applicable,0.0,TA,TA,CBlock,TA,TA,No,BLQ,570,Unf,203,773,GasA,Gd,Y,SBrkr,773,0,0,773,0,1,0,2,1,TA,4,Typ,0,Not Applicable,Attchd,Unf,1,240,TA,TA,Y,0,Not Applicable,0,WD,Abnorml,110000,1546,0,1.0,5.0,7730,7730,55,55,55.0,0.0,0.0,3092,2319,720.0,720.0,Level_2
799,60,RL,104.0,13518,Pave,Not Applicable,Reg,Lvl,Inside,Gtl,Norm,1Fam,2Story,9,5,2008,Other,CompShg,VinylSd,VinylSd,Stone,860.0,Ex,TA,PConc,Ex,TA,No,Unf,0,Unf,1926,1926,GasA,Ex,Y,SBrkr,1966,1174,0,3140,0,3,1,4,1,Ex,11,Typ,2,Gd,BuiltIn,Fin,3,820,TA,TA,Y,0,Not Applicable,0,New,Partial,485000,5066,222,3.5,14.5,45594,25330,1,0,0.0,4300.0,2580.0,15700,15700,2460.0,2460.0,Level_4
800,50,RL,60.0,7200,Pave,Not Applicable,Reg,Lvl,Corner,Gtl,Other,1Fam,1.5Fin,5,7,1937,Gable,CompShg,Wd Sdng,Wd Sdng,BrkFace,252.0,TA,TA,BrkTil,Gd,TA,No,ALQ,569,Unf,162,731,GasA,Ex,Y,SBrkr,981,787,0,1768,1,1,1,3,1,Gd,7,Typ,2,TA,Detchd,Unf,1,240,TA,TA,Y,0,MnPrv,0,WD,Normal,175000,2499,264,2.5,8.5,12495,17493,70,57,68.0,756.0,756.0,8840,7072,720.0,720.0,Level_2
801,60,RL,79.0,12798,Pave,Not Applicable,IR1,Other,Inside,Other,Other,1Fam,2Story,6,5,1997,Gable,CompShg,VinylSd,VinylSd,Not Applicable,0.0,TA,TA,PConc,Gd,TA,Gd,GLQ,462,Unf,154,616,GasA,Gd,Y,SBrkr,616,1072,0,1688,1,2,1,4,1,Gd,8,Typ,0,Not Applicable,Attchd,RFn,2,603,TA,TA,Y,0,Not Applicable,400,WD,Normal,200000,2304,702,3.5,10.5,13824,11520,11,11,11.0,0.0,0.0,6752,6752,1809.0,1809.0,Level_3
802,30,RM,40.0,4800,Pave,Not Applicable,Reg,Lvl,Inside,Gtl,Norm,1Fam,1Story,4,7,1916,Gable,CompShg,MetalSd,MetalSd,Not Applicable,0.0,TA,TA,CBlock,TA,TA,No,LwQ,197,Unf,999,1196,GasA,Ex,Y,FuseA,1196,0,0,1196,1,1,0,2,1,TA,5,Typ,0,Not Applicable,Detchd,Unf,2,440,TA,TA,Y,0,Not Applicable,0,WD,Normal,109900,2392,0,2.0,6.0,9568,16744,91,17,50.0,0.0,0.0,5980,3588,1320.0,1320.0,Level_1
803,60,RL,63.0,8199,Pave,Not Applicable,Reg,Lvl,Inside,Gtl,Norm,1Fam,2Story,7,5,2005,Gable,CompShg,WdShing,Wd Shng,Not Applicable,0.0,Gd,TA,PConc,Gd,TA,Av,GLQ,648,Unf,80,728,GasA,Ex,Y,SBrkr,728,728,0,1456,1,2,1,3,1,Gd,7,Typ,1,Gd,Attchd,Fin,2,410,TA,TA,Y,0,Not Applicable,0,WD,Normal,189000,2184,54,3.5,9.5,15288,10920,3,3,3.0,0.0,0.0,7280,5824,1230.0,1230.0,Level_3
804,60,RL,107.0,13891,Pave,Not Applicable,Reg,Lvl,Inside,Gtl,Norm,1Fam,2Story,9,5,2008,Other,CompShg,VinylSd,VinylSd,Stone,424.0,Ex,TA,PConc,Ex,TA,Gd,Unf,0,Unf,1734,1734,GasA,Ex,Y,SBrkr,1734,1088,0,2822,0,3,1,4,1,Ex,12,Typ,1,Gd,BuiltIn,RFn,3,1020,TA,TA,Y,0,Not Applicable,0,New,Partial,582933,4556,414,3.5,15.5,41004,22780,1,0,0.0,2120.0,1272.0,14110,14110,3060.0,3060.0,Level_4
805,20,RL,75.0,9000,Pave,Not Applicable,Reg,Lvl,Inside,Gtl,Norm,1Fam,1Story,5,5,1954,Gable,CompShg,Wd Sdng,Wd Sdng,Not Applicable,0.0,TA,TA,CBlock,TA,TA,No,LwQ,812,Unf,124,936,GasA,TA,Y,SBrkr,1128,0,0,1128,0,1,0,2,1,TA,5,Other,0,Not Applicable,Attchd,Unf,1,286,TA,TA,Y,0,GdWo,0,WD,Family,118000,2064,0,1.0,6.0,10320,10320,52,52,52.0,0.0,0.0,3384,3384,858.0,858.0,Level_2
806,20,RL,91.0,12274,Pave,Not Applicable,IR1,Lvl,FR2,Gtl,Norm,1Fam,1Story,7,5,2008,Gable,CompShg,VinylSd,VinylSd,Stone,256.0,Gd,TA,PConc,Gd,TA,No,Unf,0,Unf,1417,1417,GasA,Ex,Y,SBrkr,1428,0,0,1428,0,2,0,3,1,Ex,6,Typ,0,Not Applicable,Attchd,RFn,2,554,TA,TA,Y,0,Not Applicable,0,New,Partial,227680,2845,60,2.0,8.0,19915,14225,0,0,0.0,1024.0,768.0,7140,7140,1662.0,1662.0,Level_4
807,80,RL,75.0,9750,Pave,Not Applicable,Reg,Lvl,Inside,Gtl,Norm,1Fam,SLvl,5,5,1967,Gable,CompShg,VinylSd,VinylSd,Not Applicable,0.0,TA,TA,PConc,TA,TA,Av,ALQ,400,Other,100,980,GasA,Gd,Y,SBrkr,980,0,0,980,0,2,0,3,1,TA,6,Typ,0,Not Applicable,Attchd,Fin,1,384,TA,TA,Y,0,Not Applicable,0,WD,Normal,135500,1960,68,2.0,8.0,9800,9800,39,39,39.0,0.0,0.0,3920,2940,1152.0,1152.0,Level_2
808,70,RL,144.0,21384,Pave,Not Applicable,Reg,Lvl,Inside,Gtl,Norm,1Fam,2Story,5,6,1923,Gable,CompShg,Wd Sdng,Wd Sdng,Not Applicable,0.0,TA,TA,CBlock,TA,TA,Gd,GLQ,1309,Unf,15,1324,GasA,Ex,Y,SBrkr,1072,504,0,1576,2,1,1,3,1,Gd,6,Typ,1,TA,Attchd,RFn,2,528,TA,TA,Y,0,Not Applicable,0,WD,Normal,223500,2900,312,3.5,7.5,14500,17400,86,5,86.0,0.0,0.0,7880,6304,1584.0,1584.0,Level_1
809,80,RL,85.0,13400,Pave,Not Applicable,Reg,Lvl,Inside,Gtl,Norm,1Fam,SLvl,5,5,1966,Gable,CompShg,VinylSd,VinylSd,BrkFace,1047.0,TA,TA,CBlock,TA,TA,Av,ALQ,516,Other,380,1024,GasA,TA,Y,SBrkr,1086,0,0,1086,1,1,0,3,1,TA,6,Typ,1,Gd,Attchd,RFn,2,484,TA,TA,Y,0,GdWo,0,WD,Normal,159950,2110,0,2.0,7.0,10550,10550,40,40,40.0,3141.0,3141.0,3258,3258,1452.0,1452.0,Level_2
810,75,RM,90.0,8100,Pave,Not Applicable,Reg,Lvl,Corner,Gtl,Norm,1Fam,2.5Unf,5,5,1898,Other,CompShg,AsbShng,AsbShng,Not Applicable,0.0,TA,TA,PConc,TA,TA,No,Unf,0,Unf,849,849,GasA,TA,N,FuseA,1075,1063,0,2138,0,2,0,2,3,TA,11,Typ,0,Not Applicable,Detchd,Unf,2,360,Other,Other,N,0,MnPrv,0,WD,Normal,106000,2987,196,2.0,13.0,14935,14935,111,44,99.0,0.0,0.0,6414,6414,720.0,360.0,Level_1
811,20,RL,78.0,10140,Pave,Not Applicable,Reg,Lvl,Inside,Gtl,Norm,1Fam,1Story,6,6,1974,Other,CompShg,HdBoard,HdBoard,BrkFace,99.0,TA,TA,CBlock,TA,TA,No,ALQ,663,Other,0,1040,GasA,Fa,Y,SBrkr,1309,0,0,1309,1,1,1,3,1,Gd,5,Typ,1,Fa,Attchd,RFn,2,484,TA,TA,Y,648,GdPrv,0,WD,Normal,181000,2349,265,2.5,6.5,14094,14094,32,7,32.0,297.0,297.0,2618,5236,1452.0,1452.0,Level_3
812,120,RM,69.0,4438,Pave,Not Applicable,Reg,Lvl,Inside,Gtl,Norm,TwnhsE,1Story,6,5,2004,Gable,CompShg,VinylSd,VinylSd,BrkFace,169.0,Gd,TA,PConc,Gd,TA,Gd,GLQ,662,Unf,186,848,GasA,Ex,Y,SBrkr,848,0,0,848,1,1,0,1,1,Gd,4,Typ,1,Gd,Attchd,Fin,2,420,TA,TA,Y,0,Not Applicable,0,ConLD,Normal,144500,1696,140,2.0,5.0,10176,8480,4,4,4.0,676.0,507.0,4240,3392,1260.0,1260.0,Level_3
813,20,C (all),66.0,8712,Grvl,Not Applicable,Reg,Other,Inside,Other,Norm,1Fam,1Story,5,5,1952,Other,CompShg,Wd Sdng,Wd Sdng,Not Applicable,0.0,Fa,TA,CBlock,TA,TA,Av,Unf,0,Unf,540,540,GasA,TA,N,FuseA,1044,0,0,1044,0,1,0,2,1,Fa,4,Typ,0,Not Applicable,Basment,Unf,2,504,TA,TA,N,0,Not Applicable,54,WD,Alloca,55993,1584,0,1.0,5.0,7920,7920,58,58,58.0,0.0,0.0,3132,2088,1512.0,1512.0,Level_1
814,20,RL,75.0,9750,Pave,Not Applicable,Reg,Lvl,Inside,Gtl,Norm,1Fam,1Story,6,6,1958,Gable,CompShg,MetalSd,MetalSd,BrkFace,243.0,TA,TA,CBlock,TA,TA,No,Rec,608,Unf,834,1442,GasA,Gd,Y,SBrkr,1442,0,0,1442,0,1,1,4,1,TA,7,Typ,0,Not Applicable,Attchd,RFn,1,301,TA,TA,Y,0,Not Applicable,500,COD,Normal,157900,2884,275,1.5,8.5,17304,17304,49,49,49.0,729.0,729.0,5768,4326,903.0,903.0,Level_2
815,50,RL,45.0,8248,Pave,Grvl,Reg,Lvl,Inside,Gtl,Norm,1Fam,1.5Fin,5,7,1918,Gable,CompShg,Stucco,Stucco,Not Applicable,0.0,TA,TA,BrkTil,TA,TA,No,Unf,0,Unf,686,686,Other,Gd,Y,SBrkr,686,564,0,1250,0,1,1,3,1,Fa,7,Typ,0,Not Applicable,Detchd,Unf,1,280,TA,TA,P,0,Not Applicable,0,WD,Normal,116000,1936,303,2.0,8.5,9680,13552,88,56,51.0,0.0,0.0,5000,2500,840.0,840.0,Level_1
816,20,RL,48.0,12137,Pave,Not Applicable,IR2,Lvl,CulDSac,Gtl,Norm,1Fam,1Story,7,5,1998,Gable,CompShg,VinylSd,VinylSd,BrkFace,442.0,TA,TA,PConc,Gd,TA,No,Unf,0,Unf,1649,1649,GasA,Ex,Y,SBrkr,1661,0,0,1661,0,2,0,3,1,Gd,6,Typ,0,Not Applicable,Attchd,RFn,2,598,TA,TA,Y,0,Not Applicable,0,WD,Normal,224900,3310,34,2.0,8.0,23170,16550,12,12,12.0,1326.0,1326.0,8305,6644,1794.0,1794.0,Level_3
817,20,RL,69.0,11425,Pave,Not Applicable,IR1,Lvl,Corner,Gtl,Norm,1Fam,1Story,5,6,1954,Gable,CompShg,BrkFace,BrkFace,Not Applicable,0.0,TA,TA,CBlock,TA,TA,No,BLQ,486,Unf,522,1008,GasA,Gd,Y,SBrkr,1008,0,0,1008,0,1,0,2,1,TA,4,Typ,1,Gd,Attchd,RFn,1,275,TA,TA,Y,0,Not Applicable,0,WD,Normal,137000,2016,120,1.0,5.0,10080,12096,52,52,52.0,0.0,0.0,4032,3024,825.0,825.0,Level_2
818,20,RL,69.0,13265,Pave,Not Applicable,IR1,Lvl,CulDSac,Gtl,Norm,1Fam,1Story,8,5,2002,Other,CompShg,CemntBd,CmentBd,BrkFace,148.0,Gd,TA,PConc,Gd,TA,No,GLQ,1218,Unf,350,1568,GasA,Ex,Y,SBrkr,1689,0,0,1689,1,2,0,3,1,Gd,7,Typ,2,Gd,Attchd,RFn,3,857,TA,TA,Y,0,Not Applicable,0,WD,Normal,271000,3257,209,3.0,9.0,26056,16285,6,6,6.0,592.0,444.0,8445,6756,2571.0,2571.0,Level_2
819,80,RL,80.0,8816,Pave,Not Applicable,Reg,Lvl,Inside,Gtl,Norm,1Fam,SLvl,6,7,1971,Gable,CompShg,HdBoard,HdBoard,BrkFace,80.0,TA,TA,CBlock,TA,TA,Av,GLQ,504,Unf,506,1010,GasA,Gd,Y,SBrkr,1052,0,0,1052,1,1,0,3,1,TA,6,Typ,0,Not Applicable,Attchd,Unf,2,440,TA,TA,Y,0,MnPrv,0,WD,Normal,155000,2062,0,2.0,7.0,12372,14434,39,39,39.0,240.0,240.0,4208,3156,1320.0,1320.0,Level_3
820,120,RL,44.0,6371,Pave,Not Applicable,IR1,Lvl,Inside,Gtl,Norm,TwnhsE,1Story,7,5,2009,Gable,CompShg,VinylSd,VinylSd,Stone,128.0,Gd,TA,PConc,Gd,TA,Mn,GLQ,733,Unf,625,1358,GasA,Ex,Y,SBrkr,1358,0,0,1358,1,2,0,2,1,Gd,6,Typ,1,Gd,Attchd,RFn,2,484,TA,TA,Y,0,Not Applicable,0,New,Partial,224000,2716,227,3.0,8.0,19012,13580,1,0,0.0,512.0,384.0,6790,5432,1452.0,1452.0,Level_4
821,60,RL,72.0,7226,Pave,Not Applicable,IR1,Lvl,CulDSac,Gtl,Norm,1Fam,2Story,7,5,2003,Gable,CompShg,VinylSd,VinylSd,Not Applicable,0.0,Gd,TA,PConc,Gd,TA,No,Unf,0,Unf,798,798,GasA,Ex,Y,SBrkr,798,842,0,1640,0,2,1,3,1,Gd,6,Typ,0,Not Applicable,Attchd,RFn,2,595,TA,TA,Y,0,Not Applicable,0,WD,Normal,183000,2438,45,2.5,8.5,17066,12190,5,5,5.0,0.0,0.0,8200,6560,1785.0,1785.0,Level_3
822,20,RM,60.0,6000,Pave,Pave,Reg,Other,Inside,Other,Norm,2fmCon,1Story,4,4,1953,Gable,CompShg,MetalSd,MetalSd,Not Applicable,0.0,Fa,TA,CBlock,Fa,TA,No,Unf,0,Unf,936,936,GasA,TA,N,SBrkr,936,0,0,936,0,1,0,2,1,TA,4,Other,0,Not Applicable,Detchd,Unf,2,576,TA,TA,Y,0,Not Applicable,0,WD,Normal,93000,1872,144,1.0,5.0,7488,7488,56,56,35.0,0.0,0.0,2808,2808,1728.0,1728.0,Level_1
823,60,RL,69.0,12394,Pave,Not Applicable,IR1,Lvl,Corner,Gtl,Norm,1Fam,2Story,7,5,2003,Gable,CompShg,VinylSd,VinylSd,Not Applicable,0.0,Gd,TA,PConc,Gd,TA,Gd,Unf,0,Unf,847,847,GasA,Ex,Y,SBrkr,847,886,0,1733,0,2,1,3,1,Gd,7,Typ,1,Gd,BuiltIn,Fin,2,433,TA,TA,Y,0,Not Applicable,0,WD,Family,225000,2580,148,2.5,9.5,18060,12900,4,4,4.0,0.0,0.0,8665,6932,1299.0,1299.0,Level_3
824,50,RL,60.0,9900,Pave,Not Applicable,Reg,Lvl,Inside,Gtl,Norm,1Fam,1.5Fin,6,7,1940,Gable,CompShg,VinylSd,VinylSd,Not Applicable,0.0,TA,TA,BrkTil,TA,TA,No,Unf,0,Unf,778,778,GasA,TA,Y,SBrkr,944,545,0,1489,0,2,0,3,1,TA,7,Typ,1,Gd,Detchd,Unf,1,240,TA,TA,Y,0,GdWo,0,WD,Normal,139500,2267,335,2.0,9.0,13602,15869,69,59,69.0,0.0,0.0,4467,4467,720.0,720.0,Level_2
825,20,FV,81.0,11216,Pave,Not Applicable,Reg,Lvl,Inside,Gtl,Norm,1Fam,1Story,8,5,2006,Gable,CompShg,VinylSd,VinylSd,Not Applicable,0.0,Gd,TA,PConc,Gd,Other,No,Unf,0,Unf,1489,1489,GasA,Ex,Y,SBrkr,1489,0,0,1489,0,2,0,3,1,Gd,7,Typ,1,Gd,Attchd,RFn,2,776,TA,TA,Y,0,Not Applicable,0,New,Partial,232600,2978,140,2.0,9.0,23824,14890,0,0,0.0,0.0,0.0,7445,5956,2328.0,2328.0,Level_4
826,20,RL,114.0,14803,Pave,Not Applicable,Reg,Lvl,Inside,Gtl,Other,1Fam,1Story,10,5,2007,Other,CompShg,CemntBd,CmentBd,BrkFace,816.0,Ex,TA,PConc,Ex,TA,Av,GLQ,1636,Unf,442,2078,GasA,Ex,Y,SBrkr,2084,0,0,2084,1,2,0,2,1,Ex,7,Typ,1,Gd,Attchd,Fin,3,1220,TA,TA,Y,0,Not Applicable,0,New,Partial,385000,4162,233,3.0,9.0,41620,20810,1,0,1.0,4080.0,2448.0,10420,10420,3660.0,3660.0,Level_4
827,45,RM,50.0,6130,Pave,Not Applicable,Reg,Lvl,Inside,Gtl,Norm,1Fam,1.5Unf,5,6,1924,Gable,CompShg,MetalSd,MetalSd,Not Applicable,0.0,TA,TA,BrkTil,TA,TA,No,ALQ,784,Unf,0,784,GasA,Gd,Y,SBrkr,784,0,0,784,1,1,0,2,1,Gd,5,Typ,0,Not Applicable,Not Applicable,Not Applicable,0,0,Other,Other,Y,0,Not Applicable,0,WD,Normal,109500,1568,116,2.0,6.0,7840,9408,84,58,28.0,0.0,0.0,3136,3136,,,Level_1
828,20,RL,65.0,8529,Pave,Not Applicable,IR1,Lvl,Inside,Gtl,Norm,1Fam,1Story,7,5,2001,Gable,CompShg,VinylSd,VinylSd,Not Applicable,0.0,Gd,TA,PConc,Gd,TA,No,GLQ,20,Unf,1434,1454,GasA,Ex,Y,SBrkr,1434,0,0,1434,0,2,0,3,1,Gd,6,Typ,1,TA,Attchd,RFn,2,527,TA,TA,Y,0,Not Applicable,0,WD,Normal,189000,2888,329,2.0,8.0,20216,14440,8,8,8.0,0.0,0.0,7170,5736,1581.0,1581.0,Level_3
829,60,RL,69.0,28698,Pave,Not Applicable,IR2,Other,CulDSac,Other,Norm,1Fam,2Story,5,5,1967,Other,Other,Plywood,Plywood,Not Applicable,0.0,TA,TA,PConc,TA,Other,Gd,LwQ,249,Other,0,1013,GasA,TA,Y,SBrkr,1160,966,0,2126,0,2,1,3,1,TA,7,Other,0,Not Applicable,Attchd,Fin,2,538,TA,TA,Y,0,Not Applicable,0,WD,Abnorml,185000,3139,711,3.0,9.5,15695,15695,42,42,42.0,0.0,0.0,6378,6378,1614.0,1614.0,Level_3
830,160,FV,24.0,2544,Pave,Pave,Reg,Lvl,Inside,Gtl,Norm,Twnhs,2Story,7,5,2005,Gable,CompShg,MetalSd,MetalSd,Not Applicable,0.0,Gd,TA,PConc,Gd,TA,No,Unf,0,Unf,600,600,GasA,Ex,Y,SBrkr,520,623,80,1223,0,2,1,2,1,Gd,4,Typ,0,Not Applicable,Detchd,RFn,2,480,TA,TA,Y,0,Not Applicable,0,WD,Normal,147400,1743,166,2.5,6.5,12201,8715,1,1,1.0,0.0,0.0,6115,4892,1440.0,1440.0,Level_4
831,20,RL,80.0,11900,Pave,Not Applicable,IR1,Lvl,Corner,Gtl,Norm,1Fam,1Story,6,5,1957,Gable,CompShg,HdBoard,HdBoard,BrkFace,387.0,TA,TA,CBlock,TA,TA,No,Rec,1040,Unf,352,1392,GasA,TA,Y,FuseA,1392,0,0,1392,1,1,1,3,1,TA,6,Typ,2,Gd,Attchd,RFn,2,458,TA,TA,Y,0,Not Applicable,0,WD,Normal,166000,2784,192,2.5,7.5,16704,13920,51,51,51.0,1161.0,1161.0,4176,4176,1374.0,1374.0,Level_2
832,160,FV,30.0,3180,Pave,Pave,Reg,Lvl,Inside,Gtl,Norm,TwnhsE,2Story,7,5,2005,Gable,CompShg,MetalSd,MetalSd,Not Applicable,0.0,TA,TA,PConc,Gd,TA,No,Unf,0,Unf,600,600,GasA,Ex,Y,SBrkr,520,600,80,1200,0,2,1,2,1,Gd,4,Typ,0,Not Applicable,Detchd,RFn,2,480,TA,TA,Y,0,Not Applicable,0,WD,Normal,151000,1720,166,2.5,6.5,12040,8600,1,1,1.0,0.0,0.0,6000,4800,1440.0,1440.0,Level_4
833,60,RL,44.0,9548,Pave,Not Applicable,IR1,Lvl,CulDSac,Gtl,Norm,1Fam,2Story,7,6,2003,Gable,CompShg,VinylSd,VinylSd,BrkFace,223.0,Gd,TA,PConc,Gd,TA,No,GLQ,483,Unf,458,941,GasA,Ex,Y,SBrkr,941,888,0,1829,1,2,1,3,1,Gd,7,Typ,1,TA,Attchd,RFn,2,613,TA,TA,Y,0,Not Applicable,0,WD,Normal,237000,2770,231,3.5,9.5,19390,16620,7,7,7.0,892.0,669.0,9145,7316,1839.0,1839.0,Level_3
834,20,RL,100.0,10004,Pave,Not Applicable,Reg,Lvl,Inside,Gtl,Norm,1Fam,1Story,6,6,1964,Gable,CompShg,HdBoard,Plywood,BrkFace,180.0,TA,TA,CBlock,TA,TA,No,Rec,196,Other,975,1516,GasA,TA,Y,SBrkr,1516,0,0,1516,0,1,1,3,1,TA,6,Typ,0,Not Applicable,Attchd,RFn,2,472,TA,TA,Y,0,Not Applicable,0,WD,Normal,167000,3032,152,1.5,7.5,18192,18192,45,45,45.0,540.0,540.0,4548,4548,1416.0,1416.0,Level_2
835,20,RL,75.0,7875,Pave,Not Applicable,Reg,Lvl,Inside,Gtl,Norm,1Fam,1Story,5,6,1961,Gable,CompShg,VinylSd,VinylSd,BrkFace,136.0,TA,TA,CBlock,TA,TA,No,Rec,572,Unf,572,1144,GasA,Gd,Y,SBrkr,1144,0,0,1144,1,1,0,3,1,TA,6,Typ,0,Not Applicable,Attchd,Unf,2,456,TA,TA,Y,0,GdWo,0,WD,Normal,139950,2288,0,2.0,7.0,11440,13728,47,47,47.0,408.0,408.0,4576,3432,1368.0,1368.0,Level_2
836,20,RL,60.0,9600,Pave,Not Applicable,Reg,Lvl,Inside,Gtl,Norm,1Fam,1Story,4,7,1950,Gable,CompShg,VinylSd,HdBoard,Not Applicable,0.0,TA,TA,CBlock,Gd,TA,No,BLQ,442,Unf,625,1067,GasA,TA,Y,SBrkr,1067,0,0,1067,0,2,0,2,1,Gd,4,Other,0,Not Applicable,Attchd,Unf,2,436,TA,TA,Y,0,Not Applicable,0,WD,Normal,128000,2134,290,2.0,6.0,8536,14938,60,15,14.0,0.0,0.0,3201,4268,1308.0,1308.0,Level_2
837,30,RM,90.0,8100,Pave,Pave,Reg,Lvl,Inside,Gtl,Norm,1Fam,1Story,5,6,1948,Gable,CompShg,VinylSd,VinylSd,Not Applicable,0.0,TA,TA,BrkTil,TA,TA,No,Rec,338,Unf,1221,1559,GasA,Gd,Y,SBrkr,1559,0,0,1559,1,1,0,2,1,TA,5,Other,0,Not Applicable,Detchd,Unf,2,812,TA,TA,Y,0,GdWo,0,COD,Normal,153500,3118,346,2.0,6.0,15590,18708,59,34,59.0,0.0,0.0,6236,4677,2436.0,2436.0,Level_1
838,160,RM,21.0,1680,Pave,Not Applicable,Reg,Lvl,Inside,Gtl,Norm,Twnhs,2Story,6,5,1973,Gable,CompShg,HdBoard,HdBoard,BrkFace,158.0,TA,TA,CBlock,TA,TA,No,BLQ,330,Unf,153,483,GasA,TA,Y,SBrkr,483,504,0,987,1,1,1,2,1,TA,5,Typ,0,Not Applicable,Detchd,Unf,1,264,TA,TA,Y,0,Not Applicable,0,WD,Normal,100000,1470,0,2.5,6.5,8820,7350,35,35,35.0,474.0,474.0,2961,2961,792.0,792.0,Level_1
839,20,RL,75.0,9525,Pave,Not Applicable,Reg,Lvl,Inside,Gtl,Norm,1Fam,1Story,5,6,1995,Gable,CompShg,VinylSd,VinylSd,Not Applicable,0.0,TA,TA,PConc,Gd,TA,No,Unf,0,Unf,1099,1099,GasA,Ex,Y,SBrkr,1099,0,0,1099,0,1,1,3,1,Gd,6,Typ,0,Not Applicable,Attchd,Unf,1,352,TA,TA,Y,0,Not Applicable,0,WD,Normal,144000,2198,278,1.5,7.5,10990,13188,13,2,9.0,0.0,0.0,5495,4396,1056.0,1056.0,Level_3
840,50,RL,70.0,11767,Pave,Not Applicable,Reg,Lvl,Inside,Gtl,Norm,1Fam,1.5Fin,5,6,1946,Gable,CompShg,MetalSd,MetalSd,Not Applicable,0.0,TA,TA,CBlock,TA,TA,No,BLQ,352,Unf,416,768,GasA,Ex,Y,SBrkr,768,432,0,1200,0,1,0,3,1,TA,6,Typ,0,Not Applicable,Detchd,Unf,1,240,TA,TA,Y,0,Not Applicable,0,WD,Normal,130500,1968,0,1.0,7.0,9840,11808,62,13,62.0,0.0,0.0,6000,3600,720.0,720.0,Level_1
841,70,RH,69.0,12155,Pave,Not Applicable,IR1,Lvl,Inside,Gtl,Norm,1Fam,2Story,6,8,1925,Gable,CompShg,Wd Sdng,Wd Sdng,Not Applicable,0.0,TA,TA,BrkTil,TA,TA,No,BLQ,156,Unf,516,672,GasA,TA,N,SBrkr,810,672,0,1482,0,2,0,4,1,Fa,7,Typ,0,Not Applicable,Detchd,Unf,1,400,TA,TA,P,0,Not Applicable,0,WD,Normal,140000,2154,254,2.0,9.0,12924,17232,83,58,74.0,0.0,0.0,4446,2964,1200.0,1200.0,Level_2
842,70,RM,60.0,10440,Pave,Grvl,Reg,Lvl,Inside,Gtl,Norm,1Fam,2Story,5,8,1904,Gable,CompShg,MetalSd,MetalSd,Not Applicable,0.0,TA,TA,PConc,TA,TA,No,Unf,0,Unf,650,650,GasA,Gd,Y,SBrkr,958,581,0,1539,0,2,0,3,1,Gd,8,Typ,1,Po,Detchd,Unf,2,686,Other,TA,P,0,Not Applicable,0,WD,Normal,157500,2189,216,2.0,10.0,10945,17512,104,6,25.0,0.0,0.0,6156,6156,2744.0,2058.0,Level_1
843,80,RL,82.0,9020,Pave,Not Applicable,Reg,Lvl,Inside,Gtl,Norm,1Fam,SLvl,6,7,1966,Gable,CompShg,HdBoard,HdBoard,BrkFace,183.0,TA,TA,CBlock,TA,TA,Gd,Rec,312,Other,276,1127,GasA,TA,Y,SBrkr,1165,0,0,1165,1,1,1,3,1,TA,6,Typ,0,Not Applicable,Attchd,RFn,2,490,Other,Other,Y,0,GdPrv,0,WD,Normal,174900,2292,129,2.5,7.5,13752,16044,42,42,42.0,549.0,549.0,3495,3495,1960.0,1960.0,Level_2
844,90,RL,80.0,8000,Pave,Not Applicable,Reg,Lvl,Corner,Gtl,Other,Duplex,1Story,5,4,1961,Gable,CompShg,BrkFace,BrkFace,Not Applicable,0.0,TA,TA,CBlock,TA,TA,No,Unf,0,Unf,1800,1800,GasA,Ex,N,SBrkr,1800,0,0,1800,0,2,0,6,2,TA,10,Typ,0,Not Applicable,Not Applicable,Not Applicable,0,0,Other,Other,Y,0,Not Applicable,0,WD,Normal,141000,3600,0,2.0,12.0,18000,14400,46,46,27.0,0.0,0.0,9000,5400,,,Level_2
845,50,RM,100.0,12665,Pave,Grvl,IR1,Lvl,Inside,Gtl,Other,1Fam,1.5Fin,5,8,1915,Gable,CompShg,Wd Sdng,Wd Sdng,Not Applicable,0.0,TA,TA,BrkTil,TA,TA,Mn,Unf,0,Unf,876,876,GasA,Gd,Y,SBrkr,876,540,0,1416,0,1,1,4,1,TA,7,Typ,1,Gd,Detchd,Unf,3,720,TA,TA,Y,0,Not Applicable,0,WD,Normal,153900,2292,612,1.5,8.5,11460,18336,93,58,59.0,0.0,0.0,5664,4248,2160.0,2160.0,Level_1
846,85,RL,69.0,16647,Pave,Not Applicable,IR1,Lvl,CulDSac,Gtl,Other,1Fam,SFoyer,5,5,1975,Gable,CompShg,HdBoard,HdBoard,Not Applicable,0.0,TA,TA,CBlock,Gd,TA,Gd,ALQ,1390,Unf,0,1390,GasA,TA,Y,SBrkr,1701,0,0,1701,1,2,0,3,1,TA,6,Other,2,TA,Basment,Fin,2,611,TA,TA,Y,0,Not Applicable,0,WD,Normal,171000,3091,0,3.0,8.0,15455,15455,32,26,32.0,0.0,0.0,5103,5103,1833.0,1833.0,Level_2
847,60,RL,75.0,9317,Pave,Not Applicable,Reg,Lvl,Inside,Gtl,Norm,1Fam,2Story,7,5,1993,Gable,CompShg,HdBoard,HdBoard,BrkFace,137.0,Gd,TA,PConc,Gd,TA,No,ALQ,513,Unf,227,740,GasA,Ex,Y,SBrkr,1006,769,0,1775,1,2,1,3,1,Gd,7,Typ,1,TA,Attchd,Unf,2,425,TA,TA,Y,0,Not Applicable,0,WD,Normal,213000,2515,498,3.5,9.5,17605,12575,16,16,16.0,548.0,411.0,8875,7100,1275.0,1275.0,Level_3
848,20,RL,36.0,15523,Pave,Not Applicable,IR1,Lvl,CulDSac,Gtl,Norm,1Fam,1Story,5,6,1972,Gable,CompShg,HdBoard,Plywood,Not Applicable,0.0,TA,TA,CBlock,TA,TA,Av,BLQ,460,Unf,404,864,GasA,Ex,Y,SBrkr,864,0,0,864,1,1,0,3,1,TA,5,Typ,1,Fa,Attchd,Unf,1,338,TA,TA,Y,0,Not Applicable,0,WD,Normal,133500,1728,0,2.0,6.0,8640,10368,37,37,37.0,0.0,0.0,4320,2592,1014.0,1014.0,Level_3
849,50,RL,75.0,45600,Pave,Not Applicable,IR2,Other,Inside,Gtl,Norm,1Fam,1.5Fin,6,8,1908,Gable,CompShg,Wd Sdng,Wd Sdng,Not Applicable,0.0,TA,TA,BrkTil,TA,TA,No,Unf,0,Unf,907,907,GasA,TA,Y,SBrkr,1307,1051,0,2358,0,3,0,5,1,TA,10,Typ,1,Gd,Detchd,Unf,2,360,Other,TA,Y,0,Not Applicable,0,WD,Normal,240000,3265,701,3.0,13.0,19590,26120,100,11,100.0,0.0,0.0,7074,7074,720.0,1080.0,Level_3
850,80,RL,80.0,9600,Pave,Not Applicable,Reg,Lvl,FR2,Gtl,Other,1Fam,SLvl,6,7,1976,Other,CompShg,Plywood,Plywood,BrkFace,360.0,Gd,Gd,CBlock,TA,TA,No,Unf,0,Unf,528,528,GasA,Ex,Y,SBrkr,1094,761,0,1855,0,2,1,3,1,TA,7,Typ,1,TA,Attchd,RFn,2,512,TA,TA,Y,0,Not Applicable,0,WD,Normal,187000,2383,213,2.5,9.5,14298,16681,31,13,31.0,1440.0,1440.0,9275,5565,1536.0,1536.0,Level_4
851,120,RM,36.0,4435,Pave,Not Applicable,Reg,Lvl,Inside,Gtl,Norm,TwnhsE,1Story,6,5,2003,Gable,CompShg,VinylSd,VinylSd,BrkFace,170.0,Gd,TA,PConc,Gd,TA,Av,GLQ,659,Unf,189,848,GasA,Ex,Y,SBrkr,848,0,0,848,1,1,0,1,1,Gd,3,Typ,0,Not Applicable,Attchd,Fin,2,420,TA,TA,Y,0,Not Applicable,0,WD,Normal,131500,1696,140,2.0,4.0,10176,8480,4,4,4.0,680.0,510.0,4240,3392,1260.0,1260.0,Level_3
852,120,RL,69.0,3196,Pave,Not Applicable,Reg,Lvl,Inside,Gtl,Norm,TwnhsE,1Story,8,5,2003,Gable,CompShg,VinylSd,VinylSd,BrkFace,40.0,Gd,TA,PConc,Gd,TA,Gd,Unf,0,Unf,1273,1273,GasA,Ex,Y,SBrkr,1456,0,0,1456,0,2,0,2,1,Gd,7,Typ,1,TA,Attchd,Fin,2,400,TA,TA,Y,0,Not Applicable,0,WD,Normal,215000,2729,163,2.0,9.0,21832,13645,3,3,3.0,160.0,120.0,7280,5824,1200.0,1200.0,Level_3
853,75,RL,53.0,7128,Pave,Not Applicable,Reg,Lvl,Inside,Gtl,Norm,1Fam,2.5Unf,7,5,1941,Gable,CompShg,MetalSd,MetalSd,Not Applicable,0.0,TA,Gd,CBlock,TA,TA,No,Rec,364,Unf,554,918,GasA,Gd,Y,SBrkr,918,728,0,1646,0,2,0,4,1,TA,7,Typ,2,Gd,Detchd,Unf,1,240,TA,TA,Y,0,MnPrv,0,WD,Normal,164000,2564,126,2.0,9.0,17948,12820,66,57,66.0,0.0,0.0,6584,4938,720.0,720.0,Level_4
854,80,RL,69.0,12095,Pave,Not Applicable,IR1,Lvl,Corner,Gtl,Norm,1Fam,SLvl,6,6,1964,Gable,CompShg,MetalSd,HdBoard,BrkFace,115.0,TA,Gd,CBlock,TA,TA,Gd,Rec,564,Unf,563,1127,GasA,TA,Y,SBrkr,1445,0,0,1445,0,1,1,3,1,TA,7,Typ,1,Fa,Attchd,RFn,2,645,TA,TA,Y,0,MnPrv,0,WD,Normal,158000,2572,180,1.5,8.5,15432,15432,45,45,45.0,345.0,460.0,4335,4335,1935.0,1935.0,Level_2
855,20,RL,102.0,17920,Pave,Not Applicable,Reg,Lvl,Inside,Gtl,Norm,1Fam,1Story,5,4,1955,Other,CompShg,Wd Sdng,Plywood,Not Applicable,0.0,TA,TA,CBlock,TA,TA,Mn,ALQ,306,Other,372,1763,GasA,TA,Y,SBrkr,1779,0,0,1779,1,1,1,3,1,TA,6,Typ,1,Gd,Attchd,Unf,2,454,TA,TA,Y,0,Not Applicable,0,WD,Abnorml,170000,3542,730,2.5,7.5,17710,14168,51,32,51.0,0.0,0.0,5337,5337,1362.0,1362.0,Level_2
856,20,RL,69.0,6897,Pave,Not Applicable,IR1,Lvl,Corner,Gtl,Norm,1Fam,1Story,5,8,1962,Gable,CompShg,HdBoard,HdBoard,Not Applicable,0.0,TA,Gd,CBlock,TA,TA,No,ALQ,659,Unf,381,1040,GasA,Ex,Y,SBrkr,1040,0,0,1040,1,1,1,3,1,TA,6,Typ,0,Not Applicable,Detchd,Unf,1,260,TA,TA,Y,0,Not Applicable,0,WD,Normal,127000,2080,104,2.5,7.5,10400,16640,48,0,48.0,0.0,0.0,5200,3120,780.0,780.0,Level_2
857,80,RL,69.0,10970,Pave,Not Applicable,IR1,Other,Inside,Other,Norm,1Fam,SLvl,6,6,1978,Gable,CompShg,Plywood,HdBoard,Not Applicable,0.0,TA,TA,CBlock,Gd,Other,Gd,GLQ,505,Other,0,940,GasA,TA,Y,SBrkr,1026,0,0,1026,1,1,0,3,1,TA,5,Typ,0,Not Applicable,Detchd,Unf,2,576,TA,Other,Y,0,MnPrv,0,WD,Normal,147000,1966,34,2.0,6.0,11796,11796,30,30,27.0,0.0,0.0,3078,3078,1728.0,1152.0,Level_3
858,60,RL,65.0,8125,Pave,Not Applicable,Reg,Lvl,Inside,Gtl,Norm,1Fam,2Story,6,5,1994,Gable,CompShg,HdBoard,HdBoard,Not Applicable,0.0,TA,TA,PConc,Gd,TA,No,Unf,0,Unf,702,702,GasA,Gd,Y,SBrkr,702,779,0,1481,0,2,1,3,1,TA,6,Typ,1,TA,Attchd,Fin,2,343,TA,TA,Y,0,Not Applicable,0,WD,Normal,174000,2183,36,2.5,8.5,13098,10915,15,14,15.0,0.0,0.0,5924,4443,1029.0,1029.0,Level_3
859,20,RL,80.0,10400,Pave,Not Applicable,Reg,Lvl,Inside,Gtl,Norm,1Fam,1Story,7,5,1976,Gable,CompShg,HdBoard,HdBoard,BrkFace,189.0,TA,TA,CBlock,Gd,TA,No,Unf,0,Unf,1090,1090,GasA,TA,Y,SBrkr,1370,0,0,1370,0,2,0,3,1,TA,6,Typ,1,TA,Attchd,RFn,2,479,TA,TA,Y,0,MnPrv,0,WD,Family,152000,2460,0,2.0,8.0,17220,12300,33,33,33.0,567.0,567.0,4110,4110,1437.0,1437.0,Level_3
860,60,RL,69.0,11029,Pave,Not Applicable,IR1,Lvl,Corner,Gtl,Other,1Fam,2Story,6,7,1968,Gable,CompShg,HdBoard,HdBoard,BrkFace,220.0,TA,TA,CBlock,TA,TA,Mn,BLQ,619,Unf,435,1054,GasA,TA,Y,SBrkr,1512,1142,0,2654,1,2,1,4,1,Gd,9,Typ,1,Gd,Attchd,Unf,2,619,TA,TA,Y,0,Not Applicable,0,WD,Normal,250000,3708,287,3.5,11.5,22248,25956,38,22,38.0,660.0,660.0,7962,10616,1857.0,1857.0,Level_3
861,50,RL,55.0,7642,Pave,Not Applicable,Reg,Lvl,Corner,Gtl,Norm,1Fam,1.5Fin,7,8,1918,Gable,CompShg,Wd Sdng,Wd Sdng,Not Applicable,0.0,Gd,TA,BrkTil,TA,TA,No,Unf,0,Unf,912,912,GasA,Gd,Y,SBrkr,912,514,0,1426,0,1,1,3,1,Gd,7,Typ,1,Gd,Detchd,Unf,1,216,TA,TA,Y,0,GdPrv,0,WD,Normal,189950,2338,240,1.5,8.5,16366,18704,89,9,82.0,0.0,0.0,5704,5704,648.0,648.0,Level_4
862,190,RL,75.0,11625,Pave,Not Applicable,Reg,Lvl,Inside,Gtl,Norm,2fmCon,1Story,5,4,1965,Other,CompShg,Plywood,HdBoard,Not Applicable,0.0,TA,TA,PConc,TA,TA,Mn,BLQ,841,Unf,198,1039,GasA,Ex,Y,SBrkr,1039,0,0,1039,1,1,1,3,1,TA,6,Typ,0,Not Applicable,Attchd,Unf,2,504,TA,TA,Y,0,Not Applicable,0,WD,Normal,131500,2078,0,2.5,7.5,10390,8312,45,45,45.0,0.0,0.0,5195,3117,1512.0,1512.0,Level_2
863,20,RL,81.0,9672,Pave,Not Applicable,Reg,Lvl,Corner,Gtl,Norm,1Fam,1Story,6,5,1984,Other,CompShg,HdBoard,Plywood,Not Applicable,0.0,TA,TA,PConc,Gd,TA,No,GLQ,338,Unf,702,1040,GasA,TA,Y,SBrkr,1097,0,0,1097,0,2,0,3,1,TA,6,Typ,0,Not Applicable,Attchd,Unf,2,480,TA,TA,Y,0,GdPrv,0,WD,Normal,152000,2137,0,2.0,8.0,12822,10685,26,25,24.0,0.0,0.0,3291,3291,1440.0,1440.0,Level_3
864,20,RL,70.0,7931,Pave,Not Applicable,Reg,Lvl,Inside,Gtl,Norm,1Fam,1Story,5,5,1959,Other,CompShg,BrkFace,Plywood,Not Applicable,0.0,TA,TA,CBlock,TA,TA,No,BLQ,1148,Unf,0,1148,GasA,TA,Y,SBrkr,1148,0,0,1148,1,1,0,3,1,TA,6,Typ,0,Not Applicable,Attchd,Unf,1,672,TA,TA,Y,0,GdPrv,0,WD,Normal,132500,2296,0,2.0,7.0,11480,11480,50,50,50.0,0.0,0.0,3444,3444,2016.0,2016.0,Level_2
865,20,FV,72.0,8640,Pave,Not Applicable,Reg,Lvl,Inside,Gtl,Norm,1Fam,1Story,7,5,2007,Gable,CompShg,VinylSd,VinylSd,Not Applicable,0.0,Gd,TA,PConc,Ex,TA,No,Unf,0,Unf,1372,1372,GasA,Ex,Y,SBrkr,1372,0,0,1372,0,2,0,3,1,Gd,6,Typ,0,Not Applicable,Attchd,Fin,2,529,TA,TA,Y,0,Not Applicable,0,New,Partial,250580,2744,140,2.0,8.0,19208,13720,1,0,0.0,0.0,0.0,6860,5488,1587.0,1587.0,Level_4
866,20,RL,69.0,8750,Pave,Not Applicable,IR1,Lvl,Inside,Gtl,Norm,1Fam,1Story,5,6,1970,Gable,CompShg,MetalSd,MetalSd,BrkFace,76.0,TA,TA,CBlock,TA,TA,No,BLQ,828,Unf,174,1002,GasA,TA,Y,SBrkr,1002,0,0,1002,1,1,0,3,1,TA,5,Typ,0,Not Applicable,Detchd,Unf,2,902,TA,TA,Y,0,MnPrv,0,WD,Normal,148500,2004,0,2.0,6.0,10020,12024,39,39,36.0,228.0,228.0,3006,3006,2706.0,2706.0,Level_2
867,20,RL,67.0,10656,Pave,Not Applicable,IR1,Other,Inside,Gtl,Norm,1Fam,1Story,8,5,2006,Gable,CompShg,VinylSd,VinylSd,Stone,274.0,Gd,TA,PConc,Gd,TA,Av,Unf,0,Unf,1638,1638,GasA,Ex,Y,SBrkr,1646,0,0,1646,0,2,0,3,1,Gd,6,Typ,1,Gd,Attchd,RFn,3,870,TA,TA,Y,0,Not Applicable,0,New,Partial,248900,3284,272,2.0,8.0,26272,16420,1,0,0.0,1096.0,822.0,8230,6584,2610.0,2610.0,Level_4
868,20,RL,85.0,6970,Pave,Not Applicable,Reg,Lvl,Corner,Gtl,Other,1Fam,1Story,4,5,1961,Gable,CompShg,VinylSd,VinylSd,Not Applicable,0.0,TA,TA,CBlock,TA,TA,No,ALQ,932,Unf,108,1040,GasA,TA,Y,SBrkr,1120,0,0,1120,1,1,1,3,1,Fa,5,Typ,0,Not Applicable,Attchd,RFn,2,544,TA,TA,Y,0,Not Applicable,400,WD,Normal,129000,2160,168,2.5,6.5,8640,10800,46,46,46.0,0.0,0.0,3360,2240,1632.0,1632.0,Level_2
869,60,RL,69.0,14762,Pave,Not Applicable,IR2,Lvl,Corner,Gtl,Other,1Fam,2Story,5,6,1948,Gable,CompShg,Plywood,Plywood,Not Applicable,0.0,TA,TA,Slab,Not Applicable,Other,Not Applicable,Not Applicable,0,Other,0,0,GasA,Gd,Y,SBrkr,1547,720,53,2320,0,2,0,2,1,TA,7,Typ,1,TA,Attchd,Unf,2,672,TA,TA,P,0,Not Applicable,0,WD,Normal,169000,2267,264,2.0,9.0,11335,13602,58,56,27.0,0.0,0.0,9280,6960,2016.0,2016.0,Level_3
870,60,RL,80.0,9938,Pave,Not Applicable,Reg,Lvl,Inside,Gtl,Norm,1Fam,2Story,7,5,1993,Gable,CompShg,MetalSd,MetalSd,BrkFace,246.0,Gd,TA,PConc,Gd,TA,No,GLQ,750,Unf,300,1050,GasA,Ex,Y,SBrkr,1062,887,0,1949,1,2,1,3,1,Gd,8,Typ,1,TA,Attchd,Fin,2,574,TA,TA,Y,0,GdPrv,0,WD,Normal,236000,2999,246,3.5,10.5,20993,14995,17,16,17.0,984.0,738.0,9745,7796,1722.0,1722.0,Level_3
871,20,RL,60.0,6600,Pave,Not Applicable,Reg,Lvl,Inside,Gtl,Other,1Fam,1Story,5,5,1962,Other,CompShg,MetalSd,MetalSd,Not Applicable,0.0,TA,TA,CBlock,TA,TA,No,Unf,0,Unf,894,894,GasA,Gd,N,SBrkr,894,0,0,894,0,1,0,2,1,TA,5,Typ,0,Not Applicable,Detchd,Unf,1,308,TA,TA,Y,0,Not Applicable,0,WD,Normal,109500,1788,0,1.0,6.0,8940,8940,47,47,47.0,0.0,0.0,3576,2682,924.0,924.0,Level_2
872,60,RL,70.0,8750,Pave,Not Applicable,Reg,Lvl,Inside,Gtl,Norm,1Fam,2Story,6,5,1998,Gable,CompShg,VinylSd,VinylSd,BrkFace,116.0,TA,TA,PConc,Gd,TA,No,GLQ,505,Unf,299,804,GasA,Ex,Y,SBrkr,804,878,0,1682,0,2,1,3,1,Gd,7,Typ,0,Not Applicable,Attchd,RFn,2,523,TA,TA,Y,0,Not Applicable,0,WD,Normal,200500,2486,77,2.5,9.5,14916,12430,12,12,12.0,348.0,348.0,8410,6728,1569.0,1569.0,Level_3
873,20,RL,74.0,8892,Pave,Not Applicable,Reg,Lvl,Corner,Gtl,Norm,1Fam,1Story,5,7,1953,Gable,CompShg,WdShing,Wd Shng,Not Applicable,0.0,Gd,TA,Stone,TA,TA,Av,Unf,0,Unf,105,105,GasA,Gd,Y,SBrkr,910,0,0,910,0,1,0,3,1,Gd,5,Typ,0,Not Applicable,Attchd,Unf,2,414,TA,TA,Y,0,GdWo,0,WD,Normal,116000,1015,346,1.0,6.0,5075,7105,55,12,55.0,0.0,0.0,3640,3640,1242.0,1242.0,Level_2
874,40,RL,60.0,12144,Pave,Not Applicable,Reg,Lvl,Inside,Gtl,Norm,1Fam,1Story,5,7,1949,Gable,CompShg,HdBoard,HdBoard,Not Applicable,0.0,Gd,TA,CBlock,TA,TA,No,Rec,375,Unf,457,832,GasA,Gd,Y,SBrkr,1036,0,232,1268,0,1,0,3,1,TA,6,Typ,1,Gd,Attchd,Unf,1,288,TA,TA,Y,0,Not Applicable,0,WD,Normal,133000,1868,28,1.0,7.0,9340,13076,60,59,60.0,0.0,0.0,5072,3804,864.0,864.0,Level_2
875,50,RM,52.0,5720,Pave,Not Applicable,Reg,Lvl,Inside,Gtl,Other,1Fam,1.5Fin,5,6,1941,Gable,CompShg,Wd Sdng,Wd Sdng,Not Applicable,0.0,TA,TA,CBlock,TA,TA,No,Unf,0,Unf,676,676,GasA,Ex,Y,SBrkr,676,455,0,1131,0,1,1,3,1,TA,5,Typ,0,Not Applicable,Detchd,Unf,1,200,TA,TA,Y,0,Not Applicable,0,WD,Abnorml,66500,1807,26,1.5,6.5,9035,10842,68,59,68.0,0.0,0.0,5655,3393,600.0,600.0,Level_1
876,60,FV,75.0,9000,Pave,Not Applicable,Reg,Lvl,Inside,Gtl,Norm,1Fam,2Story,8,5,2007,Gable,CompShg,CemntBd,CmentBd,Not Applicable,0.0,Gd,TA,PConc,Gd,TA,Av,GLQ,64,Unf,1120,1184,GasA,Ex,Y,SBrkr,1184,1426,0,2610,0,2,1,4,1,Ex,11,Typ,1,Gd,BuiltIn,Fin,2,550,TA,TA,Y,0,Not Applicable,0,New,Partial,303477,3794,572,2.5,13.5,30352,18970,0,0,0.0,0.0,0.0,13050,13050,1650.0,1650.0,Level_4
877,20,RL,94.0,25286,Pave,Not Applicable,Reg,Other,Inside,Other,Norm,1Fam,1Story,4,5,1963,Gable,CompShg,HdBoard,Plywood,Not Applicable,0.0,TA,TA,PConc,TA,TA,Gd,ALQ,633,Unf,431,1064,GasA,Gd,Y,SBrkr,1040,0,0,1040,1,1,0,3,1,TA,5,Typ,0,Not Applicable,Attchd,Unf,2,648,TA,TA,Y,0,Not Applicable,0,WD,Normal,132250,2104,0,2.0,6.0,8416,10520,44,44,44.0,0.0,0.0,4160,3120,1944.0,1944.0,Level_2
878,60,RL,74.0,8834,Pave,Not Applicable,Reg,Lvl,Inside,Gtl,Norm,1Fam,2Story,9,5,2004,Other,CompShg,VinylSd,VinylSd,Stone,216.0,Gd,TA,PConc,Ex,TA,No,GLQ,1170,Unf,292,1462,GasA,Ex,Y,SBrkr,1462,762,0,2224,1,2,1,4,1,Ex,10,Typ,1,Gd,Attchd,Fin,3,738,TA,TA,Y,0,Not Applicable,0,WD,Normal,350000,3686,184,3.5,12.5,33174,18430,5,4,5.0,864.0,648.0,11120,11120,2214.0,2214.0,Level_4
879,85,RL,88.0,11782,Pave,Not Applicable,IR1,Lvl,Inside,Gtl,Norm,1Fam,SFoyer,5,7,1961,Gable,CompShg,HdBoard,HdBoard,Not Applicable,0.0,TA,TA,CBlock,TA,TA,Av,ALQ,899,Unf,210,1109,GasA,TA,Y,SBrkr,1155,0,0,1155,1,1,0,3,1,Gd,6,Other,0,Not Applicable,Detchd,Unf,2,576,TA,TA,Y,0,MnPrv,400,WD,Normal,148000,2264,192,2.0,7.0,11320,15848,49,15,23.0,0.0,0.0,3465,4620,1728.0,1728.0,Level_2
880,20,RL,69.0,7000,Pave,Not Applicable,IR1,Lvl,CulDSac,Gtl,Norm,1Fam,1Story,5,8,1978,Gable,CompShg,VinylSd,VinylSd,BrkFace,90.0,Gd,Gd,CBlock,TA,TA,No,ALQ,646,Unf,218,864,GasA,Ex,Y,SBrkr,864,0,0,864,1,1,0,3,1,TA,6,Typ,0,Not Applicable,Attchd,Unf,1,336,TA,TA,Y,0,GdWo,0,WD,Normal,136500,1728,0,2.0,7.0,8640,13824,31,4,31.0,360.0,360.0,4320,2592,1008.0,1008.0,Level_3
881,20,RL,60.0,7024,Pave,Not Applicable,Reg,Lvl,Inside,Gtl,Norm,1Fam,1Story,5,5,2005,Gable,CompShg,VinylSd,VinylSd,Not Applicable,0.0,TA,TA,PConc,Ex,Other,No,ALQ,980,Unf,110,1090,GasA,Gd,Y,SBrkr,1090,0,0,1090,1,1,1,2,1,TA,5,Typ,0,Not Applicable,Attchd,Fin,2,450,TA,TA,Y,0,Not Applicable,0,WD,Normal,157000,2180,49,2.5,6.5,10900,10900,2,1,2.0,0.0,0.0,4360,3270,1350.0,1350.0,Level_1
882,50,RL,44.0,13758,Pave,Not Applicable,IR1,Lvl,CulDSac,Gtl,Norm,1Fam,1.5Fin,7,5,1990,Gable,CompShg,HdBoard,HdBoard,BrkFace,117.0,Gd,Gd,CBlock,Gd,TA,Mn,LwQ,902,Unf,254,1156,GasA,Ex,Y,SBrkr,1187,530,0,1717,0,2,1,3,1,Gd,7,Typ,1,TA,Attchd,RFn,2,400,TA,TA,Y,0,Not Applicable,0,WD,Normal,187500,2873,204,2.5,9.5,20111,14365,17,16,17.0,468.0,468.0,8585,6868,1200.0,1200.0,Level_4
883,60,RL,69.0,9636,Pave,Not Applicable,IR1,Lvl,Corner,Gtl,Norm,1Fam,2Story,6,5,1992,Gable,CompShg,VinylSd,VinylSd,Not Applicable,0.0,TA,TA,PConc,Gd,TA,No,Unf,0,Unf,808,808,GasA,Gd,Y,SBrkr,808,785,0,1593,0,2,1,3,1,TA,7,Typ,1,TA,BuiltIn,RFn,2,389,TA,TA,Y,0,MnPrv,0,WD,Normal,178000,2401,382,2.5,9.5,14406,12005,17,16,16.0,0.0,0.0,6372,4779,1167.0,1167.0,Level_3
884,75,RL,60.0,6204,Pave,Not Applicable,Reg,Other,Inside,Gtl,Norm,1Fam,2.5Fin,4,5,1912,Gable,CompShg,Wd Sdng,Wd Sdng,Not Applicable,0.0,Gd,TA,PConc,TA,Other,No,Unf,0,Unf,795,795,GasA,TA,N,SBrkr,954,795,481,2230,1,1,0,5,1,TA,10,Typ,0,Not Applicable,Detchd,Unf,1,440,TA,Other,Y,0,Not Applicable,0,WD,Normal,118500,2544,188,2.0,11.0,10176,12720,94,56,9.0,0.0,0.0,6690,6690,1320.0,1760.0,Level_2
885,20,RL,65.0,7150,Pave,Not Applicable,Reg,Lvl,Inside,Gtl,Norm,1Fam,1Story,5,5,1967,Gable,CompShg,HdBoard,HdBoard,BrkFace,60.0,TA,TA,CBlock,TA,TA,No,BLQ,432,Unf,460,892,GasA,TA,Y,SBrkr,892,0,0,892,0,1,0,3,1,TA,5,Typ,0,Not Applicable,Attchd,RFn,1,288,TA,TA,Y,0,GdWo,0,WD,Normal,100000,1784,0,1.0,6.0,8920,8920,42,42,42.0,180.0,180.0,2676,2676,864.0,864.0,Level_2
886,120,FV,50.0,5119,Pave,Not Applicable,IR1,Lvl,CulDSac,Gtl,Norm,TwnhsE,1Story,9,5,1999,Gable,CompShg,MetalSd,MetalSd,BrkFace,60.0,Gd,TA,PConc,Ex,TA,Av,GLQ,1238,Unf,460,1698,GasA,Ex,Y,SBrkr,1709,0,0,1709,1,2,0,2,1,Gd,5,Typ,1,TA,Attchd,Fin,2,506,TA,TA,Y,0,Not Applicable,0,CWD,Abnorml,328900,3407,162,3.0,7.0,30663,17035,9,8,9.0,240.0,180.0,8545,6836,1518.0,1518.0,Level_4
887,90,RL,70.0,8393,Pave,Not Applicable,Reg,Lvl,Corner,Gtl,Norm,Duplex,1Story,5,5,1959,Gable,CompShg,MetalSd,MetalSd,BrkFace,122.0,TA,TA,CBlock,TA,TA,No,LwQ,528,Unf,1098,1626,GasA,Ex,Y,SBrkr,1712,0,0,1712,0,2,0,4,2,TA,8,Typ,0,Not Applicable,Attchd,Fin,2,588,TA,TA,Y,0,Not Applicable,0,WD,Family,145000,3338,326,2.0,10.0,16690,16690,47,1,1.0,366.0,366.0,8560,5136,1764.0,1764.0,Level_2
888,50,RL,59.0,16466,Pave,Not Applicable,IR1,Lvl,Inside,Gtl,Norm,1Fam,1.5Fin,5,7,1955,Gable,CompShg,MetalSd,MetalSd,Not Applicable,0.0,TA,Gd,PConc,TA,TA,No,Unf,0,Unf,816,816,GasA,TA,Y,SBrkr,872,521,0,1393,0,1,1,3,1,TA,8,Typ,0,Not Applicable,Attchd,Unf,1,300,TA,TA,Y,0,Not Applicable,0,WD,Normal,135500,2209,386,1.5,9.5,11045,15463,53,53,53.0,0.0,0.0,4179,4179,900.0,900.0,Level_1
889,20,RL,95.0,15865,Pave,Not Applicable,IR1,Lvl,Inside,Other,Norm,1Fam,1Story,8,6,1970,Other,Other,Wd Sdng,Wd Sdng,Not Applicable,0.0,Gd,Gd,PConc,TA,Other,Gd,ALQ,351,Other,1043,2217,GasA,Ex,Y,SBrkr,2217,0,0,2217,1,2,0,4,1,Gd,8,Typ,1,TA,Attchd,Unf,2,621,TA,TA,Y,0,Not Applicable,0,WD,Normal,268000,4434,512,3.0,10.0,35472,26604,37,37,37.0,0.0,0.0,11085,8868,1863.0,1863.0,Level_2
890,20,RL,128.0,12160,Pave,Not Applicable,Reg,Lvl,Inside,Gtl,Other,1Fam,1Story,6,4,1953,Other,CompShg,Wd Sdng,Wd Sdng,BrkFace,90.0,TA,TA,CBlock,TA,TA,No,BLQ,1024,Unf,481,1505,GasA,Ex,Y,SBrkr,1505,0,0,1505,1,1,0,2,1,TA,6,Typ,1,TA,Attchd,RFn,2,505,TA,TA,Y,0,Not Applicable,0,WD,Normal,149500,3010,162,2.0,7.0,18060,12040,56,56,56.0,270.0,270.0,7525,4515,1515.0,1515.0,Level_2
891,50,RL,60.0,8064,Pave,Not Applicable,Reg,Lvl,Corner,Gtl,Other,1Fam,1.5Fin,5,7,1949,Gable,CompShg,MetalSd,MetalSd,Not Applicable,0.0,TA,Gd,CBlock,TA,TA,Mn,Unf,0,Unf,672,672,GasA,Ex,Y,SBrkr,672,252,0,924,0,1,0,3,1,TA,6,Typ,1,Po,Detchd,Unf,2,576,TA,TA,Y,0,MnPrv,2000,WD,Normal,122900,1596,0,1.0,7.0,7980,11172,58,1,4.0,0.0,0.0,4620,2772,1728.0,1728.0,Level_2
892,60,RL,70.0,11184,Pave,Not Applicable,Reg,Lvl,Inside,Gtl,Norm,1Fam,2Story,6,5,1978,Other,CompShg,HdBoard,HdBoard,BrkFace,92.0,TA,TA,CBlock,TA,TA,No,LwQ,226,Other,192,918,GasA,Gd,Y,SBrkr,918,765,0,1683,0,2,1,3,1,TA,7,Typ,1,TA,Attchd,RFn,2,440,TA,TA,Y,0,Not Applicable,0,WD,Normal,172500,2601,243,2.5,9.5,15606,13005,31,31,31.0,276.0,276.0,6732,5049,1320.0,1320.0,Level_2
893,20,RL,70.0,8414,Pave,Not Applicable,Reg,Lvl,Inside,Gtl,Norm,1Fam,1Story,6,8,1963,Other,CompShg,HdBoard,HdBoard,Not Applicable,0.0,TA,TA,CBlock,TA,TA,No,GLQ,663,Unf,396,1059,GasA,TA,Y,SBrkr,1068,0,0,1068,0,1,0,3,1,TA,6,Typ,0,Not Applicable,Attchd,RFn,1,264,TA,TA,Y,0,MnPrv,0,WD,Normal,154500,2127,192,1.5,7.0,12762,17016,43,3,43.0,0.0,0.0,3204,3204,792.0,792.0,Level_2
894,20,RL,69.0,13284,Pave,Not Applicable,Reg,Lvl,Inside,Gtl,Other,1Fam,1Story,5,5,1954,Gable,CompShg,Wd Sdng,Plywood,Not Applicable,0.0,TA,TA,PConc,Gd,TA,Mn,BLQ,1064,Unf,319,1383,GasA,TA,Y,SBrkr,1383,0,0,1383,1,1,0,3,1,TA,6,Typ,1,Gd,Attchd,Unf,1,354,TA,TA,Y,0,GdPrv,0,WD,Normal,165000,2766,627,2.0,7.0,13830,13830,54,54,54.0,0.0,0.0,4149,4149,1062.0,1062.0,Level_2
895,90,RL,64.0,7018,Pave,Not Applicable,Reg,Other,Inside,Gtl,Norm,Duplex,1Story,5,5,1979,Gable,CompShg,Plywood,Plywood,Not Applicable,0.0,TA,TA,Slab,Not Applicable,Other,Not Applicable,Not Applicable,0,Other,0,0,GasA,TA,Y,SBrkr,1535,0,0,1535,0,2,0,4,2,TA,8,Typ,0,Not Applicable,Attchd,Unf,2,400,TA,TA,Y,0,Not Applicable,0,WD,Alloca,118858,1535,0,2.0,10.0,7675,7675,30,30,30.0,0.0,0.0,4605,4605,1200.0,1200.0,Level_3
896,60,RL,71.0,7056,Pave,Not Applicable,Reg,Lvl,Inside,Gtl,Norm,1Fam,2Story,6,5,1963,Other,CompShg,HdBoard,HdBoard,BrkFace,415.0,TA,TA,CBlock,TA,TA,No,BLQ,400,Unf,380,780,GasA,TA,Y,SBrkr,983,813,0,1796,1,1,1,4,1,TA,8,Typ,1,TA,Attchd,RFn,2,483,TA,TA,Y,0,Not Applicable,0,WD,Normal,140000,2576,50,2.5,9.5,15456,12880,45,45,45.0,1245.0,1245.0,5388,5388,1449.0,1449.0,Level_2
897,30,RM,50.0,8765,Pave,Grvl,Reg,Lvl,Inside,Gtl,Norm,1Fam,1Story,4,6,1936,Gable,CompShg,Wd Sdng,Wd Sdng,Not Applicable,0.0,TA,TA,BrkTil,TA,TA,No,ALQ,285,Unf,666,951,GasA,Ex,N,SBrkr,951,0,0,951,0,1,0,2,1,TA,6,Typ,0,Not Applicable,Detchd,Unf,1,327,TA,TA,Y,0,Not Applicable,0,WD,Abnorml,106500,1902,28,1.0,7.0,7608,11412,70,56,70.0,0.0,0.0,4755,2853,981.0,981.0,Level_1
898,90,RL,64.0,7018,Pave,Not Applicable,Reg,Lvl,Inside,Gtl,Other,Duplex,2Story,5,5,1979,Gable,CompShg,Plywood,Plywood,Not Applicable,0.0,TA,TA,Slab,Not Applicable,Other,Not Applicable,Not Applicable,0,Other,0,0,GasA,TA,Y,SBrkr,1120,1120,0,2240,0,2,0,6,2,TA,12,Typ,0,Not Applicable,Detchd,Unf,2,528,TA,TA,Y,0,Not Applicable,0,WD,Alloca,142953,2240,154,2.0,14.0,11200,11200,30,30,30.0,0.0,0.0,6720,6720,1584.0,1584.0,Level_3
899,20,RL,100.0,12919,Pave,Not Applicable,IR1,Lvl,Inside,Gtl,Norm,1Fam,1Story,9,5,2009,Other,CompShg,VinylSd,VinylSd,Stone,760.0,Ex,TA,PConc,Ex,TA,Gd,GLQ,2188,Unf,142,2330,GasA,Ex,Y,SBrkr,2364,0,0,2364,1,2,1,2,1,Ex,11,Typ,2,Gd,Attchd,Fin,3,820,TA,TA,Y,0,Not Applicable,0,New,Partial,611657,4694,67,3.5,13.5,42246,23470,1,0,1.0,3800.0,2280.0,11820,11820,2460.0,2460.0,Level_4
900,20,RL,65.0,6993,Pave,Not Applicable,Reg,Lvl,Inside,Gtl,Other,1Fam,1Story,5,7,1961,Gable,CompShg,HdBoard,Plywood,Not Applicable,0.0,TA,TA,CBlock,TA,TA,No,BLQ,465,Unf,447,912,GasA,TA,Y,SBrkr,1236,0,0,1236,0,1,0,3,1,TA,6,Typ,1,TA,Attchd,Unf,1,288,TA,TA,Y,0,Not Applicable,0,WD,Normal,135000,2148,0,1.0,7.0,10740,15036,45,12,45.0,0.0,0.0,3708,3708,864.0,864.0,Level_2
901,20,RL,69.0,7340,Pave,Not Applicable,IR1,Lvl,Inside,Gtl,Norm,1Fam,1Story,4,6,1971,Gable,CompShg,HdBoard,HdBoard,Not Applicable,0.0,TA,TA,CBlock,TA,TA,No,ALQ,322,Unf,536,858,GasA,TA,Y,SBrkr,858,0,0,858,0,1,0,2,1,TA,4,Typ,0,Not Applicable,Detchd,Unf,1,684,TA,TA,Y,0,Not Applicable,0,WD,Normal,110000,1716,0,1.0,5.0,6864,10296,36,36,28.0,0.0,0.0,2574,2574,2052.0,2052.0,Level_2
902,20,RL,64.0,8712,Pave,Not Applicable,IR1,Lvl,Inside,Gtl,Norm,1Fam,1Story,5,7,1957,Other,CompShg,MetalSd,MetalSd,Not Applicable,0.0,TA,Gd,CBlock,TA,TA,Mn,BLQ,860,Unf,132,992,GasA,TA,Y,SBrkr,1306,0,0,1306,1,1,0,2,1,TA,5,Typ,0,Not Applicable,Detchd,Unf,1,756,TA,TA,Y,0,Not Applicable,0,WD,Normal,153000,2298,0,2.0,6.0,11490,16086,52,9,41.0,0.0,0.0,3918,3918,2268.0,2268.0,Level_2
903,60,RL,63.0,7875,Pave,Not Applicable,Reg,Lvl,Inside,Gtl,Norm,1Fam,2Story,7,5,2003,Gable,CompShg,VinylSd,VinylSd,Not Applicable,0.0,Gd,TA,PConc,Gd,TA,No,Unf,0,Unf,783,783,GasA,Ex,Y,SBrkr,807,702,0,1509,0,2,1,3,1,Gd,8,Typ,1,Gd,Attchd,Fin,2,393,TA,TA,Y,0,Not Applicable,0,WD,Normal,180000,2292,75,2.5,10.5,16044,11460,3,3,3.0,0.0,0.0,7545,6036,1179.0,1179.0,Level_3
904,20,RL,50.0,14859,Pave,Not Applicable,IR1,Other,CulDSac,Gtl,Norm,1Fam,1Story,7,5,2006,Other,CompShg,VinylSd,VinylSd,BrkFace,27.0,Gd,TA,PConc,Gd,TA,No,Unf,0,Unf,1670,1670,GasA,Ex,Y,SBrkr,1670,0,0,1670,0,2,0,3,1,Gd,7,Typ,1,Gd,Attchd,RFn,3,690,TA,TA,Y,0,Not Applicable,0,New,Partial,240000,3340,204,2.0,9.0,23380,16700,0,0,0.0,108.0,81.0,8350,6680,2070.0,2070.0,Level_3
905,20,RL,69.0,6173,Pave,Not Applicable,IR1,Lvl,Inside,Gtl,Norm,1Fam,1Story,5,6,1967,Gable,CompShg,HdBoard,Wd Sdng,BrkFace,75.0,TA,TA,CBlock,TA,TA,No,GLQ,599,Unf,277,876,GasA,TA,Y,SBrkr,902,0,0,902,0,1,0,3,1,TA,6,Typ,0,Not Applicable,Attchd,Unf,1,288,TA,TA,Y,0,MnPrv,0,WD,Normal,125500,1778,0,1.0,7.0,8890,10668,40,40,40.0,225.0,225.0,2706,2706,864.0,864.0,Level_2
906,20,RL,80.0,9920,Pave,Not Applicable,Reg,Lvl,Inside,Gtl,Norm,1Fam,1Story,5,5,1954,Gable,CompShg,HdBoard,HdBoard,Stone,110.0,TA,TA,CBlock,TA,TA,No,Rec,354,Other,412,1056,GasA,TA,Y,SBrkr,1063,0,0,1063,1,1,0,3,1,TA,6,Typ,0,Not Applicable,Attchd,RFn,1,280,TA,TA,Y,0,MnPrv,0,WD,Normal,128000,2119,164,2.0,7.0,10595,10595,56,56,56.0,330.0,330.0,3189,3189,840.0,840.0,Level_2
907,20,RL,116.0,13501,Pave,Not Applicable,IR1,Lvl,Corner,Gtl,Norm,1Fam,1Story,8,5,2006,Gable,CompShg,VinylSd,VinylSd,Stone,208.0,Gd,TA,PConc,Gd,TA,No,GLQ,63,Unf,1560,1623,GasA,Ex,Y,SBrkr,1636,0,0,1636,1,2,0,3,1,Gd,8,Typ,1,Gd,Attchd,RFn,3,865,TA,TA,Y,0,Not Applicable,0,WD,Normal,255000,3259,60,3.0,10.0,26072,16295,1,1,1.0,832.0,624.0,8180,6544,2595.0,2595.0,Level_4
908,50,RL,86.0,11500,Pave,Not Applicable,IR1,Lvl,Inside,Gtl,Norm,1Fam,1.5Fin,7,7,1936,Gable,CompShg,BrkFace,BrkFace,Not Applicable,0.0,Gd,TA,CBlock,Gd,TA,No,Rec,223,Unf,794,1017,GasA,Gd,Y,SBrkr,1020,1037,0,2057,0,1,1,3,1,Gd,6,Typ,1,Gd,Attchd,Fin,1,180,Other,TA,Y,0,Not Applicable,0,WD,Normal,250000,3074,322,1.5,7.5,21518,21518,70,19,70.0,0.0,0.0,8228,8228,360.0,540.0,Level_4
909,20,RL,69.0,8885,Pave,Not Applicable,IR1,Other,Inside,Other,Norm,1Fam,1Story,5,5,1983,Gable,CompShg,HdBoard,HdBoard,Not Applicable,0.0,TA,TA,CBlock,Gd,TA,Av,BLQ,301,Other,239,864,GasA,TA,Y,SBrkr,902,0,0,902,1,1,0,2,1,TA,5,Typ,0,Not Applicable,Attchd,Unf,2,484,TA,TA,Y,0,MnPrv,0,WD,Normal,131000,1766,164,2.0,6.0,8830,8830,23,23,23.0,0.0,0.0,2706,2706,1452.0,1452.0,Level_2
910,60,RL,149.0,12589,Pave,Not Applicable,IR2,Lvl,Inside,Gtl,Norm,1Fam,2Story,6,5,2005,Gable,CompShg,VinylSd,VinylSd,Not Applicable,0.0,Gd,TA,PConc,Gd,TA,No,Unf,0,Unf,742,742,GasA,Ex,Y,SBrkr,742,742,0,1484,0,2,1,3,1,Gd,8,Typ,1,Gd,Attchd,Fin,2,390,TA,TA,Y,0,Not Applicable,0,WD,Normal,174000,2226,60,2.5,10.5,13356,11130,4,4,4.0,0.0,0.0,7420,5936,1170.0,1170.0,Level_3
911,90,RL,80.0,11600,Pave,Not Applicable,Reg,Lvl,Corner,Gtl,Other,Duplex,2Story,5,5,1960,Gable,CompShg,MetalSd,MetalSd,BrkFace,361.0,TA,TA,CBlock,TA,TA,No,Rec,443,Unf,662,1105,GasA,TA,Y,FuseA,1105,1169,0,2274,0,2,0,5,2,TA,12,Typ,0,Not Applicable,Detchd,Unf,2,480,TA,TA,Y,0,Not Applicable,0,WD,Normal,154300,3379,0,2.0,14.0,16895,16895,50,50,50.0,1083.0,1083.0,6822,6822,1440.0,1440.0,Level_2
912,20,RL,69.0,9286,Pave,Not Applicable,IR1,Lvl,CulDSac,Other,Norm,1Fam,1Story,5,7,1977,Gable,CompShg,HdBoard,Plywood,Not Applicable,0.0,TA,TA,CBlock,Gd,Other,Av,ALQ,196,Unf,1072,1268,GasA,TA,Y,SBrkr,1268,0,0,1268,0,1,1,3,1,Gd,5,Typ,0,Not Applicable,Detchd,Unf,1,252,TA,TA,Y,0,Not Applicable,0,WD,Normal,143500,2536,173,1.5,6.5,12680,17752,32,20,31.0,0.0,0.0,3804,5072,756.0,756.0,Level_3
913,30,RM,51.0,6120,Pave,Not Applicable,Reg,Lvl,Inside,Gtl,Norm,1Fam,1Story,5,7,1925,Gable,CompShg,MetalSd,MetalSd,Not Applicable,0.0,TA,TA,BrkTil,TA,TA,No,Rec,489,Unf,279,768,GasA,TA,N,SBrkr,1015,0,0,1015,0,1,0,3,1,TA,6,Other,0,Not Applicable,Detchd,Unf,1,450,TA,TA,Y,0,MnPrv,620,WD,Abnorml,88000,1783,232,1.0,7.0,8915,12481,81,56,81.0,0.0,0.0,3045,3045,1350.0,1350.0,Level_1
914,90,RH,82.0,6270,Pave,Not Applicable,Reg,Other,Inside,Gtl,Norm,Duplex,2Story,5,6,1949,Gable,CompShg,MetalSd,MetalSd,Not Applicable,0.0,TA,TA,CBlock,TA,TA,No,BLQ,284,Unf,717,1001,GasA,TA,N,FuseA,1001,1001,0,2002,0,2,0,4,2,TA,8,Typ,0,Not Applicable,2Types,Unf,3,871,TA,TA,Y,0,Not Applicable,0,WD,Normal,145000,3003,0,2.0,10.0,15015,18018,58,57,58.0,0.0,0.0,6006,6006,2613.0,2613.0,Level_4
915,160,FV,30.0,3000,Pave,Pave,Reg,Lvl,Inside,Gtl,Norm,TwnhsE,2Story,6,5,2009,Gable,CompShg,VinylSd,VinylSd,Stone,76.0,Gd,TA,PConc,Gd,TA,Av,GLQ,294,Unf,318,612,GasA,Ex,Y,SBrkr,612,612,0,1224,0,2,1,2,1,Gd,4,Typ,0,Not Applicable,Detchd,RFn,2,528,TA,TA,Y,0,Not Applicable,0,New,Partial,173733,1836,234,2.5,6.5,11016,9180,0,0,0.0,304.0,228.0,6120,4896,1584.0,1584.0,Level_4
916,160,RM,21.0,2001,Pave,Not Applicable,Reg,Lvl,Inside,Gtl,Norm,Twnhs,2Story,4,5,1970,Gable,CompShg,CemntBd,CmentBd,BrkFace,80.0,TA,TA,CBlock,TA,TA,No,Unf,0,Unf,546,546,GasA,Fa,Y,SBrkr,546,546,0,1092,0,1,1,3,1,TA,6,Typ,0,Not Applicable,Attchd,Unf,1,286,TA,TA,Y,0,Not Applicable,0,WD,Normal,75000,1638,0,1.5,7.5,6552,8190,37,37,37.0,240.0,240.0,2184,3276,858.0,858.0,Level_1
917,20,C (all),50.0,9000,Pave,Not Applicable,Reg,Lvl,Inside,Gtl,Norm,1Fam,1Story,2,3,1949,Gable,CompShg,AsbShng,AsbShng,Not Applicable,0.0,TA,TA,CBlock,TA,TA,Av,BLQ,50,Unf,430,480,GasA,TA,N,FuseA,480,0,0,480,1,0,0,1,1,TA,4,Typ,0,Not Applicable,Detchd,Unf,1,308,TA,TA,Y,0,Not Applicable,0,WD,Abnorml,35311,960,0,1.0,4.0,1920,2880,57,56,48.0,0.0,0.0,1440,1440,924.0,924.0,Level_1
918,20,RL,69.0,17140,Pave,Not Applicable,Reg,Lvl,Inside,Gtl,Norm,1Fam,1Story,4,6,1956,Gable,CompShg,VinylSd,VinylSd,Not Applicable,0.0,TA,TA,CBlock,TA,TA,No,ALQ,1059,Unf,75,1134,GasA,Ex,Y,FuseA,1229,0,0,1229,0,1,0,3,1,TA,6,Typ,0,Not Applicable,Attchd,RFn,1,284,TA,TA,Y,0,Not Applicable,0,WD,Normal,135000,2363,0,1.0,7.0,9452,14178,53,53,53.0,0.0,0.0,6145,3687,852.0,852.0,Level_1
919,60,RL,103.0,13125,Pave,Not Applicable,IR1,Lvl,Corner,Gtl,Norm,1Fam,2Story,7,5,1991,Gable,CompShg,HdBoard,HdBoard,Not Applicable,0.0,Gd,TA,PConc,Ex,TA,Mn,BLQ,48,Other,422,1104,GasA,Ex,Y,SBrkr,912,1215,0,2127,1,2,1,4,1,Gd,8,Typ,1,TA,Attchd,RFn,3,833,TA,TA,Y,0,GdPrv,0,WD,Normal,238000,3231,488,3.5,10.5,22617,16155,16,16,16.0,0.0,0.0,10635,8508,2499.0,2499.0,Level_3
920,20,RL,87.0,11029,Pave,Not Applicable,IR1,Lvl,Corner,Gtl,Norm,1Fam,1Story,6,8,1958,Other,CompShg,MetalSd,MetalSd,Not Applicable,0.0,Ex,TA,CBlock,Gd,TA,No,ALQ,528,Other,245,1184,GasA,Ex,Y,SBrkr,1414,0,0,1414,1,1,0,3,1,TA,6,Other,1,TA,Attchd,Unf,2,601,TA,TA,Y,0,Not Applicable,0,WD,Normal,176500,2598,241,2.0,7.0,15588,20784,50,6,18.0,0.0,0.0,7070,4242,1803.0,1803.0,Level_2
921,60,RL,70.0,8462,Pave,Not Applicable,IR1,Lvl,Inside,Gtl,Norm,1Fam,2Story,6,5,1994,Gable,CompShg,HdBoard,HdBoard,BrkFace,105.0,Gd,Gd,PConc,Gd,Other,No,GLQ,814,Unf,114,928,GasA,Ex,Y,SBrkr,936,785,0,1721,0,2,1,3,1,Gd,7,Typ,0,Not Applicable,Attchd,RFn,2,471,TA,TA,Y,0,Not Applicable,0,WD,Normal,201000,2649,387,3.0,9.5,15894,13245,13,13,13.0,420.0,420.0,8605,6884,1413.0,1413.0,Level_3
922,90,RL,67.0,8777,Pave,Not Applicable,Reg,Lvl,Inside,Gtl,Other,Duplex,1.5Fin,5,7,1900,Gable,CompShg,MetalSd,MetalSd,Not Applicable,0.0,TA,TA,CBlock,TA,TA,No,ALQ,1084,Unf,188,1272,GasA,Gd,Y,SBrkr,1272,928,0,2200,2,2,2,4,2,TA,9,Typ,0,Not Applicable,Not Applicable,Not Applicable,0,0,Other,Other,N,0,GdPrv,0,WD,Normal,145900,3472,70,5.0,12.0,17360,24304,108,5,28.0,0.0,0.0,8800,6600,,,Level_1
923,20,RL,65.0,10237,Pave,Not Applicable,Reg,Lvl,Inside,Gtl,Other,1Fam,1Story,6,5,2005,Gable,CompShg,VinylSd,VinylSd,Not Applicable,0.0,Gd,TA,PConc,Gd,TA,No,GLQ,28,Unf,1288,1316,GasA,Ex,Y,SBrkr,1316,0,0,1316,0,2,0,3,1,Gd,6,Typ,1,Gd,Attchd,Fin,2,397,TA,TA,Y,0,Not Applicable,0,New,Partial,169990,2632,123,2.0,8.0,15792,13160,1,0,1.0,0.0,0.0,6580,5264,1191.0,1191.0,Level_3
924,120,RL,50.0,8012,Pave,Not Applicable,Reg,Lvl,Inside,Gtl,Norm,TwnhsE,1Story,6,5,1993,Gable,CompShg,Plywood,Plywood,Not Applicable,0.0,Gd,TA,PConc,Gd,TA,No,LwQ,165,Other,598,1604,GasA,Ex,Y,SBrkr,1617,0,0,1617,1,2,0,2,1,Gd,5,Typ,1,Fa,Attchd,RFn,2,533,TA,TA,Y,0,Not Applicable,0,WD,Normal,193000,3221,69,3.0,7.0,19326,16105,15,14,15.0,0.0,0.0,8085,6468,1599.0,1599.0,Level_3
925,20,RL,79.0,10240,Pave,Not Applicable,Reg,Lvl,Inside,Gtl,Norm,1Fam,1Story,6,6,1980,Gable,CompShg,Plywood,Plywood,BrkFace,157.0,TA,Gd,CBlock,Gd,TA,No,BLQ,625,Other,0,1686,GasA,TA,Y,SBrkr,1686,0,0,1686,1,2,0,3,1,TA,7,Typ,1,TA,Attchd,Unf,2,612,TA,TA,Y,0,Not Applicable,0,WD,Normal,207500,3372,515,3.0,9.0,20232,20232,26,26,26.0,471.0,628.0,5058,5058,1836.0,1836.0,Level_3
926,20,RL,69.0,15611,Pave,Not Applicable,IR1,Lvl,Corner,Gtl,Norm,1Fam,1Story,5,6,1977,Gable,CompShg,VinylSd,VinylSd,Not Applicable,0.0,TA,TA,PConc,Gd,TA,Av,ALQ,767,Other,266,1126,GasA,TA,Y,SBrkr,1126,0,0,1126,0,2,0,3,1,Ex,6,Typ,0,Not Applicable,Attchd,RFn,2,540,TA,TA,Y,0,Not Applicable,0,WD,Abnorml,175000,2252,180,2.5,8.0,11260,13512,31,31,31.0,0.0,0.0,3378,5630,1620.0,1620.0,Level_3
927,60,RL,93.0,11999,Pave,Not Applicable,Reg,Lvl,Inside,Gtl,Norm,1Fam,2Story,8,5,2003,Other,CompShg,VinylSd,VinylSd,BrkFace,340.0,Gd,TA,PConc,Gd,TA,No,Unf,0,Unf,1181,1181,GasA,Ex,Y,SBrkr,1234,1140,0,2374,0,2,1,4,1,Ex,10,Typ,1,Gd,BuiltIn,Fin,3,656,TA,TA,Y,0,Not Applicable,0,WD,Normal,285000,3555,204,2.5,12.5,28440,17775,4,3,4.0,1360.0,1020.0,11870,11870,1968.0,1968.0,Level_4
928,60,RL,69.0,9900,Pave,Not Applicable,Reg,Lvl,Inside,Gtl,Other,1Fam,2Story,7,5,1968,Gable,CompShg,MetalSd,MetalSd,BrkFace,342.0,TA,TA,CBlock,TA,TA,No,BLQ,552,Unf,280,832,GasA,Gd,Y,SBrkr,1098,880,0,1978,0,2,1,4,1,TA,9,Typ,1,Gd,Attchd,RFn,2,486,TA,TA,Y,0,GdPrv,0,WD,Normal,176000,2810,43,2.5,11.5,19670,14050,40,40,40.0,1026.0,1026.0,7912,5934,1458.0,1458.0,Level_3
929,20,RL,69.0,11838,Pave,Not Applicable,Reg,Lvl,Inside,Gtl,Norm,1Fam,1Story,8,5,2001,Other,CompShg,VinylSd,VinylSd,Not Applicable,0.0,Gd,TA,PConc,Gd,TA,Av,Unf,0,Unf,1753,1753,GasA,Ex,Y,SBrkr,1788,0,0,1788,0,2,0,3,1,Ex,7,Typ,1,TA,Attchd,RFn,2,522,TA,TA,Y,0,Not Applicable,0,WD,Normal,236500,3541,353,2.0,9.0,28328,17705,8,8,8.0,0.0,0.0,8940,8940,1566.0,1566.0,Level_3
930,60,RL,69.0,13006,Pave,Not Applicable,IR1,Lvl,Corner,Gtl,Norm,1Fam,2Story,7,5,1997,Gable,CompShg,HdBoard,HdBoard,BrkFace,285.0,TA,TA,PConc,Gd,TA,No,Unf,0,Unf,964,964,GasA,Gd,Y,SBrkr,993,1243,0,2236,0,2,1,4,1,Gd,8,Typ,1,TA,BuiltIn,Fin,2,642,TA,TA,Y,0,Not Applicable,0,WD,Normal,222000,3200,0,2.5,10.5,22400,16000,9,9,9.0,855.0,855.0,8944,8944,1926.0,1926.0,Level_3
931,20,RL,73.0,8925,Pave,Not Applicable,IR1,Other,Inside,Gtl,Norm,1Fam,1Story,8,5,2007,Gable,CompShg,VinylSd,VinylSd,Not Applicable,0.0,Gd,TA,PConc,Gd,TA,Av,GLQ,16,Unf,1450,1466,GasA,Ex,Y,SBrkr,1466,0,0,1466,0,2,0,3,1,Gd,7,Typ,0,Not Applicable,Attchd,Fin,3,610,TA,TA,Y,0,Not Applicable,0,WD,Normal,201000,2932,118,2.0,9.0,23456,14660,2,2,2.0,0.0,0.0,7330,5864,1830.0,1830.0,Level_4
932,20,RL,70.0,9100,Pave,Not Applicable,Reg,Lvl,Inside,Gtl,Norm,1Fam,1Story,5,6,1965,Gable,CompShg,VinylSd,VinylSd,Not Applicable,0.0,TA,TA,CBlock,TA,TA,No,BLQ,338,Other,121,925,GasA,Ex,Y,SBrkr,925,0,0,925,0,1,0,2,1,TA,5,Typ,0,Not Applicable,Detchd,Unf,1,429,TA,TA,Y,0,GdWo,0,WD,Normal,117500,1850,0,1.5,6.0,9250,11100,44,44,44.0,0.0,0.0,4625,2775,1287.0,1287.0,Level_2
933,20,RL,84.0,11670,Pave,Not Applicable,IR1,Lvl,Corner,Gtl,Other,1Fam,1Story,9,5,2006,Other,CompShg,VinylSd,ImStucc,Stone,302.0,Ex,TA,PConc,Ex,Other,No,Unf,0,Unf,1905,1905,GasA,Ex,Y,SBrkr,1905,0,0,1905,0,2,0,3,1,Ex,8,Typ,1,Gd,Attchd,Fin,3,788,TA,TA,Y,0,Not Applicable,0,WD,Normal,320000,3810,191,2.0,10.0,34290,19050,1,1,1.0,1510.0,906.0,9525,9525,2364.0,2364.0,Level_4
934,20,RL,63.0,8487,Pave,Not Applicable,Reg,Lvl,FR2,Gtl,Norm,1Fam,1Story,7,5,2004,Gable,CompShg,VinylSd,VinylSd,BrkFace,210.0,Gd,TA,PConc,Gd,TA,Av,GLQ,20,Unf,1480,1500,GasA,Ex,Y,SBrkr,1500,0,0,1500,0,2,0,3,1,Gd,6,Typ,0,Not Applicable,Attchd,RFn,2,570,TA,TA,Y,0,Not Applicable,0,WD,Normal,190000,3000,228,2.0,8.0,21000,15000,5,5,5.0,840.0,630.0,7500,6000,1710.0,1710.0,Level_3
935,20,RL,313.0,27650,Pave,Not Applicable,IR2,Other,Inside,Other,Other,1Fam,1Story,7,7,1960,Other,Other,Wd Sdng,Wd Sdng,Not Applicable,0.0,TA,TA,CBlock,Gd,TA,Gd,GLQ,425,Unf,160,585,GasA,Ex,Y,SBrkr,2069,0,0,2069,1,2,0,4,1,Gd,9,Typ,1,Gd,Attchd,RFn,2,505,TA,TA,Y,0,Not Applicable,0,WD,Normal,242000,2654,0,3.0,11.0,18578,18578,48,1,48.0,0.0,0.0,10345,8276,1515.0,1515.0,Level_2
936,30,RL,52.0,5825,Pave,Not Applicable,IR1,Lvl,Inside,Gtl,Norm,1Fam,1Story,4,5,1926,Gable,CompShg,MetalSd,MetalSd,BrkFace,108.0,TA,Gd,PConc,Fa,TA,Mn,Unf,0,Unf,600,600,GasA,Gd,Y,SBrkr,747,0,0,747,0,1,0,1,1,TA,5,Typ,0,Not Applicable,Detchd,Unf,2,528,TA,TA,Y,0,Not Applicable,0,WD,Normal,79900,1347,32,1.0,6.0,5388,6735,80,53,53.0,324.0,432.0,2988,2241,1584.0,1584.0,Level_1
937,20,RL,67.0,10083,Pave,Not Applicable,Reg,Lvl,Inside,Gtl,Norm,1Fam,1Story,7,5,2003,Gable,CompShg,VinylSd,VinylSd,Not Applicable,0.0,Gd,TA,PConc,Gd,TA,No,GLQ,833,Unf,343,1176,GasA,Ex,Y,SBrkr,1200,0,0,1200,1,2,0,2,1,Gd,5,Typ,0,Not Applicable,Attchd,RFn,2,555,TA,TA,Y,0,Not Applicable,0,WD,Normal,184900,2376,41,3.0,7.0,16632,11880,6,6,6.0,0.0,0.0,6000,4800,1665.0,1665.0,Level_3
938,60,RL,75.0,9675,Pave,Not Applicable,Reg,Lvl,Inside,Gtl,Norm,1Fam,2Story,7,5,2005,Gable,CompShg,VinylSd,VinylSd,Not Applicable,0.0,Gd,TA,PConc,Gd,TA,Mn,GLQ,341,Unf,772,1113,GasA,Ex,Y,SBrkr,1113,858,0,1971,0,2,1,3,1,Gd,8,Typ,1,Gd,Attchd,RFn,2,689,TA,TA,Y,0,Not Applicable,0,WD,Normal,253000,3084,48,2.5,10.5,21588,15420,4,4,4.0,0.0,0.0,9855,7884,2067.0,2067.0,Level_4
939,60,RL,73.0,8760,Pave,Not Applicable,Reg,Lvl,Inside,Gtl,Norm,1Fam,2Story,7,5,2006,Gable,CompShg,VinylSd,VinylSd,Not Applicable,0.0,Gd,TA,PConc,Gd,Other,Mn,GLQ,464,Unf,927,1391,GasA,Ex,Y,SBrkr,1391,571,0,1962,0,2,1,3,1,Gd,7,Typ,0,Not Applicable,Attchd,RFn,3,868,TA,TA,Y,0,Not Applicable,0,New,Partial,239799,3353,90,2.5,9.5,23471,16765,0,0,0.0,0.0,0.0,9810,7848,2604.0,2604.0,Level_3
940,70,RL,69.0,24090,Pave,Not Applicable,Reg,Lvl,Inside,Gtl,Norm,1Fam,2Story,7,7,1940,Gable,CompShg,MetalSd,MetalSd,Not Applicable,0.0,TA,Gd,CBlock,TA,TA,Mn,Unf,0,Unf,1032,1032,GasA,Ex,Y,SBrkr,1207,1196,0,2403,0,2,0,4,1,TA,10,Typ,2,TA,Attchd,Unf,1,349,TA,TA,Y,0,Not Applicable,0,COD,Normal,244400,3435,374,2.0,12.0,24045,24045,70,60,70.0,0.0,0.0,12015,7209,1047.0,1047.0,Level_3
941,90,RL,55.0,12640,Pave,Not Applicable,IR1,Lvl,Inside,Gtl,Norm,Duplex,1Story,6,5,1976,Gable,CompShg,Plywood,Plywood,Not Applicable,0.0,TA,TA,CBlock,TA,TA,Gd,Rec,936,Other,396,1728,GasA,TA,Y,SBrkr,1728,0,0,1728,0,2,0,4,2,TA,8,Typ,0,Not Applicable,Attchd,Unf,2,574,TA,TA,Y,0,Not Applicable,0,WD,Normal,150900,3456,40,2.0,10.0,20736,17280,30,30,30.0,0.0,0.0,5184,5184,1722.0,1722.0,Level_2
942,60,RL,69.0,8755,Pave,Not Applicable,IR1,Lvl,FR2,Gtl,Other,1Fam,2Story,7,5,1999,Gable,CompShg,VinylSd,VinylSd,BrkFace,298.0,Gd,TA,PConc,Gd,TA,No,ALQ,772,Unf,220,992,GasA,Ex,Y,SBrkr,1022,1038,0,2060,1,2,1,3,1,Gd,8,Typ,1,TA,BuiltIn,RFn,2,390,TA,TA,Y,0,GdPrv,0,WD,Normal,214000,3052,168,3.5,10.5,21364,15260,10,10,10.0,1192.0,894.0,10300,8240,1170.0,1170.0,Level_3
943,90,RL,42.0,7711,Pave,Not Applicable,IR1,Lvl,Inside,Gtl,Norm,Duplex,1Story,4,3,1977,Gable,CompShg,MetalSd,MetalSd,Not Applicable,0.0,TA,TA,PConc,Gd,TA,Gd,GLQ,1440,Unf,0,1440,GasA,TA,Y,SBrkr,1440,0,0,1440,2,2,0,4,2,TA,8,Typ,0,Not Applicable,Not Applicable,Not Applicable,0,0,Other,Other,N,0,Not Applicable,0,Oth,Abnorml,150000,2880,321,4.0,10.0,11520,8640,30,30,27.0,0.0,0.0,4320,4320,,,Level_1
944,90,RL,100.0,25000,Pave,Not Applicable,Reg,Other,Inside,Gtl,Norm,Duplex,1Story,5,4,1967,Gable,CompShg,HdBoard,Plywood,Not Applicable,0.0,TA,TA,CBlock,TA,TA,Av,Unf,0,Unf,1632,1632,GasA,TA,Y,SBrkr,1632,0,0,1632,0,2,0,4,2,TA,8,Typ,0,Not Applicable,Attchd,Unf,2,576,TA,TA,P,0,Not Applicable,0,WD,Normal,143000,3264,0,2.0,10.0,16320,13056,40,40,40.0,0.0,0.0,4896,4896,1728.0,1728.0,Level_2
945,20,RL,69.0,14375,Pave,Not Applicable,IR1,Lvl,CulDSac,Gtl,Norm,1Fam,SLvl,6,6,1958,Gable,CompShg,HdBoard,HdBoard,BrkFace,541.0,TA,TA,CBlock,TA,TA,No,GLQ,111,Other,354,819,GasA,Gd,Y,FuseA,1344,0,0,1344,0,1,0,3,1,Gd,7,Typ,1,Gd,Basment,RFn,2,525,TA,TA,Y,0,Not Applicable,0,COD,Abnorml,137500,2163,351,1.5,8.0,12978,12978,51,51,51.0,1623.0,1623.0,5376,5376,1575.0,1575.0,Level_4
946,50,RM,98.0,8820,Pave,Not Applicable,Reg,Lvl,Corner,Gtl,Norm,1Fam,1.5Fin,5,6,1890,Other,CompShg,VinylSd,VinylSd,Not Applicable,0.0,TA,TA,BrkTil,TA,TA,No,LwQ,1088,Unf,0,1088,GasA,TA,Y,SBrkr,1188,561,120,1869,0,1,0,2,1,TA,7,Typ,0,Not Applicable,Detchd,Unf,2,456,TA,TA,Y,0,MnWw,0,WD,Normal,124900,2837,292,1.0,8.0,14185,17022,119,13,46.0,0.0,0.0,5607,5607,1368.0,1368.0,Level_1
947,80,RL,70.0,8163,Pave,Not Applicable,Reg,Lvl,Inside,Gtl,Norm,1Fam,SLvl,5,6,1959,Gable,CompShg,HdBoard,HdBoard,BrkFace,128.0,TA,Gd,CBlock,TA,TA,Av,ALQ,748,Other,102,1144,GasA,TA,Y,SBrkr,1144,0,0,1144,1,1,0,3,1,TA,6,Typ,1,TA,Attchd,RFn,1,796,TA,TA,Y,0,Not Applicable,0,WD,Normal,143000,2288,86,2.0,7.0,11440,13728,47,47,47.0,384.0,512.0,3432,3432,2388.0,2388.0,Level_2
948,20,RL,85.0,14536,Pave,Not Applicable,Reg,Lvl,Inside,Gtl,Norm,1Fam,1Story,8,5,2002,Other,CompShg,VinylSd,VinylSd,BrkFace,236.0,Gd,TA,PConc,Gd,TA,Av,GLQ,1300,Unf,316,1616,GasA,Ex,Y,SBrkr,1629,0,0,1629,1,2,0,3,1,Gd,9,Typ,1,Gd,Attchd,Fin,3,808,TA,TA,Y,0,Not Applicable,0,WD,Normal,270000,3245,252,3.0,11.0,25960,16225,5,4,5.0,944.0,708.0,8145,6516,2424.0,2424.0,Level_4
949,60,RL,65.0,14006,Pave,Not Applicable,IR1,Lvl,Inside,Gtl,Norm,1Fam,2Story,7,5,2002,Gable,CompShg,VinylSd,VinylSd,BrkFace,144.0,Gd,TA,PConc,Gd,TA,Not Applicable,Unf,0,Unf,936,936,GasA,Ex,Y,SBrkr,936,840,0,1776,0,2,1,3,1,Gd,7,Typ,1,TA,Attchd,RFn,2,474,TA,TA,Y,0,Not Applicable,0,WD,Normal,192500,2712,240,2.5,9.5,18984,13560,4,4,4.0,576.0,432.0,8880,7104,1422.0,1422.0,Level_3
950,20,RL,78.0,9360,Pave,Not Applicable,Reg,Lvl,Inside,Gtl,Norm,1Fam,1Story,6,7,1972,Other,CompShg,Plywood,Plywood,Not Applicable,0.0,TA,TA,CBlock,TA,TA,No,ALQ,982,Unf,179,1161,GasA,TA,Y,SBrkr,1381,0,0,1381,1,1,1,3,1,Gd,5,Typ,1,TA,Attchd,RFn,2,676,TA,TA,Y,0,Not Applicable,0,WD,Normal,197500,2542,0,2.5,6.5,15252,17794,38,4,38.0,0.0,0.0,4143,5524,2028.0,2028.0,Level_3
951,20,RL,60.0,7200,Pave,Not Applicable,Reg,Lvl,Inside,Gtl,Norm,1Fam,1Story,5,8,1950,Gable,CompShg,VinylSd,VinylSd,Not Applicable,0.0,TA,TA,CBlock,TA,TA,No,ALQ,398,Other,317,864,GasA,Gd,Y,SBrkr,864,0,0,864,1,1,0,3,1,Gd,5,Typ,0,Not Applicable,Detchd,RFn,2,720,TA,TA,Y,0,Not Applicable,0,WD,Normal,129000,1728,194,2.0,6.0,8640,13824,57,5,27.0,0.0,0.0,3456,3456,2160.0,2160.0,Level_2
952,20,RH,60.0,7800,Pave,Not Applicable,Reg,Lvl,Corner,Gtl,Norm,1Fam,1Story,5,5,1965,Gable,CompShg,VinylSd,VinylSd,Not Applicable,0.0,TA,TA,CBlock,TA,TA,No,BLQ,641,Unf,187,828,GasA,Gd,Y,SBrkr,965,0,0,965,1,1,0,3,1,TA,6,Typ,0,Not Applicable,Detchd,Unf,1,300,TA,TA,Y,0,MnPrv,0,WD,Abnorml,119900,1793,421,2.0,7.0,8965,8965,41,41,27.0,0.0,0.0,3860,2895,900.0,900.0,Level_3
953,85,RL,60.0,7200,Pave,Not Applicable,Reg,Lvl,Inside,Gtl,Norm,1Fam,SFoyer,5,8,1972,Gable,CompShg,WdShing,HdBoard,Not Applicable,0.0,TA,Gd,CBlock,Gd,TA,Av,GLQ,660,Unf,108,768,GasA,Gd,Y,SBrkr,768,0,0,768,0,1,0,2,1,TA,5,Typ,0,Not Applicable,Detchd,Fin,1,396,TA,TA,Y,0,MnPrv,0,WD,Normal,133900,1536,192,1.5,6.0,7680,12288,37,6,35.0,0.0,0.0,3072,2304,1188.0,1188.0,Level_3
954,60,RL,69.0,11075,Pave,Not Applicable,IR1,Lvl,Inside,Other,Norm,1Fam,2Story,5,4,1969,Gable,CompShg,HdBoard,HdBoard,BrkFace,232.0,TA,TA,CBlock,TA,TA,Av,ALQ,562,Other,29,784,GasA,Ex,Y,SBrkr,1168,800,0,1968,0,2,1,4,1,TA,7,Other,1,Po,Attchd,RFn,2,530,TA,TA,Y,0,MnPrv,400,WD,Normal,172000,2752,494,3.0,9.5,13760,11008,39,39,39.0,696.0,696.0,9840,5904,1590.0,1590.0,Level_2
955,90,RL,35.0,9400,Pave,Not Applicable,IR1,Lvl,CulDSac,Gtl,Norm,Duplex,SFoyer,6,5,1975,Other,Other,WdShing,Plywood,BrkFace,250.0,TA,TA,CBlock,Gd,Other,Gd,GLQ,945,Unf,0,945,GasA,TA,Y,SBrkr,980,0,0,980,0,2,0,4,0,TA,4,Typ,0,Not Applicable,Not Applicable,Not Applicable,0,0,Other,Other,Y,0,Not Applicable,0,WD,AdjLand,127500,1925,0,3.0,6.0,11550,9625,31,31,26.0,750.0,750.0,2940,2940,,,Level_1
956,90,RH,82.0,7136,Pave,Not Applicable,IR1,Other,Inside,Gtl,Norm,Duplex,2Story,6,6,1946,Gable,CompShg,MetalSd,MetalSd,BrkFace,423.0,TA,TA,CBlock,Gd,TA,No,Rec,484,Unf,495,979,GasA,TA,N,FuseF,979,979,0,1958,0,2,0,4,2,TA,8,Typ,0,Not Applicable,Attchd,Unf,2,492,TA,TA,Y,0,Not Applicable,0,WD,Normal,145000,2937,0,2.0,10.0,17622,17622,61,57,61.0,1269.0,1269.0,5874,5874,1476.0,1476.0,Level_4
957,160,RM,24.0,1300,Pave,Not Applicable,Reg,Lvl,Inside,Gtl,Norm,TwnhsE,2Story,6,6,1980,Gable,CompShg,MetalSd,MetalSd,Not Applicable,0.0,TA,TA,CBlock,Gd,TA,No,ALQ,285,Unf,276,561,GasA,TA,Y,SBrkr,561,668,0,1229,0,1,1,2,1,TA,5,Typ,1,TA,Attchd,Fin,2,462,TA,TA,Y,0,GdPrv,0,WD,Normal,124000,1790,150,1.5,6.5,10740,10740,29,29,29.0,0.0,0.0,3687,3687,1386.0,1386.0,Level_2
958,20,RL,70.0,7420,Pave,Not Applicable,Reg,Lvl,Inside,Gtl,Norm,1Fam,1Story,5,5,1962,Other,CompShg,MetalSd,MetalSd,Not Applicable,0.0,TA,TA,CBlock,TA,TA,No,Rec,417,Unf,640,1057,GasA,TA,Y,SBrkr,1057,0,0,1057,0,1,0,3,1,TA,6,Typ,0,Not Applicable,Detchd,Fin,2,576,TA,TA,Y,0,Not Applicable,0,WD,Normal,132000,2114,0,1.0,7.0,10570,10570,45,45,30.0,0.0,0.0,3171,3171,1728.0,1728.0,Level_2
959,20,RL,65.0,8450,Pave,Not Applicable,Reg,Lvl,Inside,Gtl,Norm,1Fam,1Story,7,5,2003,Gable,CompShg,VinylSd,VinylSd,Not Applicable,0.0,Gd,TA,PConc,Gd,TA,Mn,GLQ,699,Unf,638,1337,GasA,Ex,Y,SBrkr,1337,0,0,1337,1,2,0,3,1,Gd,6,Typ,0,Not Applicable,Attchd,RFn,2,531,TA,TA,Y,0,Not Applicable,0,WD,Normal,185000,2674,39,3.0,8.0,18718,13370,4,4,4.0,0.0,0.0,6685,5348,1593.0,1593.0,Level_3
960,160,FV,24.0,2572,Pave,Not Applicable,Reg,Lvl,FR2,Gtl,Norm,Twnhs,2Story,7,5,1999,Other,CompShg,MetalSd,MetalSd,Not Applicable,0.0,Gd,TA,PConc,Gd,TA,No,ALQ,604,Unf,92,696,GasA,Ex,Y,SBrkr,696,720,0,1416,1,2,1,3,1,Gd,6,Typ,0,Not Applicable,Detchd,Unf,2,484,TA,TA,Y,0,Not Applicable,0,WD,Normal,155000,2112,44,3.5,8.5,14784,10560,11,11,11.0,0.0,0.0,7080,5664,1452.0,1452.0,Level_4
961,20,RL,50.0,7207,Pave,Not Applicable,IR1,Lvl,Inside,Gtl,Norm,1Fam,1Story,5,7,1958,Gable,CompShg,Wd Sdng,Plywood,Not Applicable,0.0,TA,Gd,CBlock,TA,TA,Gd,BLQ,696,Unf,162,858,GasA,Gd,Y,SBrkr,858,0,0,858,1,1,0,2,1,TA,4,Typ,0,Not Applicable,Not Applicable,Not Applicable,0,0,Other,Other,Y,0,Not Applicable,0,WD,Normal,116500,1716,117,2.0,5.0,8580,12012,52,2,30.0,0.0,0.0,3432,2574,,,Level_1
962,60,RL,69.0,12227,Pave,Not Applicable,IR1,Lvl,Corner,Gtl,Other,1Fam,2Story,6,7,1977,Gable,CompShg,HdBoard,HdBoard,BrkFace,424.0,TA,Gd,CBlock,Gd,Other,No,ALQ,896,Unf,434,1330,GasA,TA,Y,SBrkr,1542,1330,0,2872,1,2,1,4,1,TA,11,Typ,1,TA,Attchd,Fin,2,619,TA,TA,Y,0,Not Applicable,0,WD,Normal,272000,4202,832,3.5,13.5,25212,29414,31,13,31.0,1272.0,1696.0,8616,8616,1857.0,1857.0,Level_3
963,160,RL,24.0,2308,Pave,Not Applicable,Reg,Lvl,Corner,Gtl,Norm,TwnhsE,2Story,6,6,1976,Gable,CompShg,Plywood,Brk Cmn,Not Applicable,0.0,TA,TA,CBlock,Gd,TA,No,ALQ,556,Unf,248,804,GasA,TA,Y,SBrkr,804,744,0,1548,1,2,1,3,1,Gd,7,Typ,1,TA,Detchd,Unf,2,440,TA,TA,Y,0,Not Applicable,0,WD,Normal,155000,2352,48,3.5,9.5,14112,14112,31,31,31.0,0.0,0.0,4644,6192,1320.0,1320.0,Level_2
964,20,RL,122.0,11923,Pave,Not Applicable,IR1,Lvl,Corner,Gtl,Norm,1Fam,1Story,9,5,2007,Gable,CompShg,VinylSd,VinylSd,Not Applicable,0.0,Gd,TA,PConc,Ex,TA,No,Unf,0,Unf,1800,1800,GasA,Ex,Y,SBrkr,1800,0,0,1800,0,2,0,2,1,Ex,7,Typ,0,Not Applicable,Attchd,Fin,2,702,TA,TA,Y,0,Not Applicable,0,WD,Normal,239000,3600,424,2.0,9.0,32400,18000,2,2,2.0,0.0,0.0,9000,9000,2106.0,2106.0,Level_3
965,60,RL,80.0,11316,Pave,Not Applicable,Reg,Lvl,Corner,Gtl,Norm,1Fam,2Story,7,5,2002,Gable,CompShg,VinylSd,VinylSd,BrkFace,44.0,Gd,TA,PConc,Gd,TA,No,GLQ,624,Unf,193,817,GasA,Ex,Y,SBrkr,824,1070,0,1894,1,2,1,4,1,Gd,8,Typ,1,Gd,BuiltIn,Fin,2,510,TA,TA,Y,0,Not Applicable,0,WD,Normal,214900,2711,40,3.5,10.5,18977,13555,8,7,8.0,176.0,132.0,9470,7576,1530.0,1530.0,Level_4
966,60,RL,65.0,10237,Pave,Not Applicable,Reg,Lvl,Inside,Gtl,Other,1Fam,2Story,6,5,2005,Gable,CompShg,VinylSd,VinylSd,Not Applicable,0.0,Gd,TA,PConc,Gd,TA,No,Unf,0,Unf,783,783,GasA,Ex,Y,SBrkr,783,701,0,1484,0,2,1,3,1,Gd,8,Typ,1,Gd,Attchd,Fin,2,393,TA,TA,Y,0,Not Applicable,0,New,Partial,178900,2267,72,2.5,10.5,13602,11335,2,0,2.0,0.0,0.0,7420,5936,1179.0,1179.0,Level_3
967,50,RL,130.0,9600,Pave,Not Applicable,IR1,Other,Inside,Gtl,Norm,1Fam,1.5Fin,5,7,1940,Gable,CompShg,MetalSd,MetalSd,Not Applicable,0.0,Gd,Gd,BrkTil,TA,Other,No,Rec,428,Unf,300,728,GasA,Ex,Y,SBrkr,976,332,0,1308,1,1,1,2,1,TA,7,Other,2,TA,Detchd,Unf,1,256,TA,TA,Y,0,Not Applicable,0,WD,Normal,160000,2036,70,2.5,8.5,10180,14252,69,59,69.0,0.0,0.0,6540,3924,768.0,768.0,Level_4
968,20,RL,69.0,7390,Pave,Not Applicable,IR1,Lvl,Inside,Gtl,Norm,1Fam,1Story,5,7,1955,Other,CompShg,Wd Sdng,Wd Sdng,BrkFace,151.0,TA,TA,CBlock,TA,TA,No,ALQ,902,Unf,196,1098,GasA,TA,Y,SBrkr,1098,0,0,1098,1,1,0,3,1,TA,6,Typ,0,Not Applicable,Attchd,Unf,1,260,TA,TA,Y,0,Not Applicable,0,WD,Normal,135000,2196,0,2.0,7.0,10980,15372,53,53,53.0,453.0,453.0,3294,3294,780.0,780.0,Level_2
969,50,RM,50.0,5925,Pave,Not Applicable,Reg,Lvl,Inside,Gtl,Norm,1Fam,1.5Fin,3,6,1910,Gable,CompShg,VinylSd,VinylSd,Not Applicable,0.0,TA,TA,BrkTil,TA,TA,No,Unf,0,Unf,600,600,Other,Fa,N,SBrkr,600,368,0,968,0,1,0,2,1,TA,6,Typ,0,Not Applicable,Not Applicable,Not Applicable,0,0,Other,Other,Y,0,GdWo,0,WD,Abnorml,37900,1568,0,1.0,7.0,4704,9408,99,59,29.0,0.0,0.0,1936,2904,,,Level_1
970,190,RL,75.0,10382,Pave,Not Applicable,Reg,Lvl,Inside,Gtl,Norm,2fmCon,SLvl,6,5,1958,Other,CompShg,HdBoard,HdBoard,BrkFace,105.0,TA,Fa,CBlock,TA,TA,Gd,ALQ,513,Unf,75,588,GasA,TA,Y,SBrkr,1095,0,0,1095,1,1,0,2,1,TA,6,Typ,0,Not Applicable,Attchd,RFn,1,264,TA,TA,Y,0,Not Applicable,0,ConLD,Normal,140000,1683,0,2.0,7.0,10098,8415,48,48,48.0,315.0,210.0,3285,3285,792.0,792.0,Level_2
971,50,RL,60.0,10800,Pave,Not Applicable,Reg,Lvl,Inside,Gtl,Norm,1Fam,1.5Fin,4,4,1949,Gable,CompShg,AsbShng,AsbShng,Not Applicable,0.0,TA,TA,CBlock,TA,TA,No,Unf,0,Unf,720,720,GasA,TA,N,FuseA,720,472,0,1192,0,1,1,4,1,TA,6,Typ,0,Not Applicable,Not Applicable,Not Applicable,0,0,Other,Other,Y,0,Not Applicable,0,WD,Abnorml,135000,1912,0,1.5,7.5,7648,7648,57,56,26.0,0.0,0.0,3576,3576,,,Level_2
972,160,RL,36.0,2268,Pave,Not Applicable,Reg,Lvl,Inside,Gtl,Norm,Twnhs,2Story,7,5,2003,Gable,CompShg,VinylSd,Wd Shng,Stone,106.0,Gd,TA,PConc,Gd,TA,No,GLQ,567,Unf,197,764,GasA,Ex,Y,SBrkr,764,862,0,1626,0,2,0,2,1,Gd,6,Typ,0,Not Applicable,BuiltIn,RFn,2,474,TA,TA,Y,0,Not Applicable,0,WD,Normal,173000,2390,27,2.0,8.0,16730,11950,6,5,6.0,424.0,318.0,8130,6504,1422.0,1422.0,Level_4
973,120,RL,55.0,7892,Pave,Not Applicable,Reg,Lvl,Inside,Gtl,Norm,TwnhsE,1Story,6,5,1979,Gable,CompShg,Plywood,Plywood,Not Applicable,0.0,TA,TA,CBlock,Gd,TA,No,Unf,0,Unf,918,918,GasA,TA,Y,SBrkr,918,0,0,918,0,2,0,2,1,TA,5,Typ,1,TA,Attchd,Unf,1,264,TA,TA,Y,0,Not Applicable,0,WD,Normal,99500,1836,28,2.0,7.0,11016,9180,31,31,31.0,0.0,0.0,2754,2754,792.0,792.0,Level_3
974,20,FV,95.0,11639,Pave,Not Applicable,Reg,Lvl,Corner,Gtl,Norm,1Fam,1Story,7,5,2007,Gable,CompShg,CemntBd,CmentBd,Not Applicable,0.0,Gd,TA,PConc,Gd,TA,No,Unf,0,Unf,1428,1428,GasA,Ex,Y,SBrkr,1428,0,0,1428,0,2,0,3,1,Gd,6,Typ,0,Not Applicable,Attchd,Fin,2,480,TA,TA,Y,0,Not Applicable,0,New,Partial,182000,2856,120,2.0,8.0,19992,14280,1,0,1.0,0.0,0.0,7140,5712,1440.0,1440.0,Level_4
975,70,RL,60.0,11414,Pave,Not Applicable,IR1,Lvl,Corner,Gtl,Other,1Fam,2Story,7,8,1910,Gable,CompShg,HdBoard,HdBoard,Not Applicable,0.0,TA,Gd,BrkTil,Gd,TA,No,Unf,0,Unf,728,728,GasA,TA,N,SBrkr,1136,883,0,2019,0,1,0,3,1,Gd,8,Typ,0,Not Applicable,Detchd,Unf,2,532,TA,TA,Y,0,GdPrv,0,WD,Normal,167500,2747,644,1.0,9.0,19229,21976,99,16,12.0,0.0,0.0,6057,8076,1596.0,1596.0,Level_1
976,160,FV,69.0,2651,Pave,Not Applicable,Reg,Lvl,FR2,Gtl,Norm,Twnhs,2Story,7,5,2000,Gable,CompShg,MetalSd,MetalSd,Not Applicable,0.0,Gd,TA,PConc,Gd,TA,No,GLQ,641,Unf,32,673,GasA,Ex,Y,SBrkr,673,709,0,1382,1,2,1,3,1,Gd,6,Typ,0,Not Applicable,Detchd,Unf,2,490,TA,TA,Y,0,Not Applicable,0,WD,Normal,165000,2055,203,3.5,8.5,14385,10275,6,6,6.0,0.0,0.0,6910,5528,1470.0,1470.0,Level_4
977,30,RL,51.0,5900,Pave,Not Applicable,IR1,Other,Inside,Gtl,Norm,1Fam,1Story,4,7,1923,Gable,CompShg,Wd Sdng,Wd Sdng,Not Applicable,0.0,TA,TA,PConc,Gd,TA,No,Unf,0,Unf,440,440,GasA,TA,Y,FuseA,869,0,0,869,0,1,0,2,1,Fa,4,Typ,0,Not Applicable,Not Applicable,Not Applicable,0,0,Other,Other,Y,0,Not Applicable,0,WD,Normal,85500,1309,0,1.0,5.0,5236,9163,83,48,26.0,0.0,0.0,2607,1738,,,Level_1
978,120,FV,35.0,4274,Pave,Pave,IR1,Lvl,Inside,Gtl,Norm,TwnhsE,1Story,7,5,2006,Gable,CompShg,VinylSd,VinylSd,Not Applicable,0.0,Gd,TA,PConc,Gd,TA,No,GLQ,1106,Unf,135,1241,GasA,Ex,Y,SBrkr,1241,0,0,1241,1,1,1,1,1,Gd,4,Typ,0,Not Applicable,Attchd,Fin,2,569,TA,TA,Y,0,Not Applicable,0,New,Partial,199900,2482,116,2.5,5.5,17374,12410,1,0,0.0,0.0,0.0,6205,4964,1707.0,1707.0,Level_4
979,20,RL,68.0,9450,Pave,Not Applicable,Reg,Other,Inside,Other,Norm,1Fam,1Story,4,5,1954,Gable,CompShg,MetalSd,MetalSd,Not Applicable,0.0,TA,TA,CBlock,TA,TA,No,LwQ,552,Unf,342,894,GasA,Ex,Y,SBrkr,894,0,0,894,0,1,0,3,1,TA,5,Typ,0,Not Applicable,Detchd,Unf,2,400,TA,TA,Y,0,Not Applicable,0,WD,Abnorml,110000,1788,0,1.0,6.0,7152,8940,53,53,8.0,0.0,0.0,4470,2682,1200.0,1200.0,Level_1
980,20,RL,80.0,8816,Pave,Not Applicable,Reg,Lvl,Corner,Gtl,Other,1Fam,1Story,5,6,1963,Gable,CompShg,VinylSd,VinylSd,Not Applicable,0.0,TA,TA,PConc,TA,TA,No,Rec,651,Unf,470,1121,GasA,TA,Y,SBrkr,1121,0,0,1121,1,1,0,3,1,TA,5,Typ,0,Not Applicable,Detchd,Unf,2,480,TA,TA,Y,0,MnPrv,0,WD,Normal,139000,2242,80,2.0,6.0,11210,13452,46,46,46.0,0.0,0.0,3363,3363,1440.0,1440.0,Level_2
981,85,RL,69.0,12122,Pave,Not Applicable,IR1,Lvl,Corner,Gtl,Norm,1Fam,SFoyer,7,9,1961,Gable,CompShg,CemntBd,CmentBd,Stone,210.0,Ex,TA,CBlock,TA,TA,Av,ALQ,867,Unf,77,944,GasA,Gd,Y,SBrkr,999,0,0,999,1,1,0,3,1,Ex,6,Typ,0,Not Applicable,Attchd,RFn,2,588,TA,TA,Y,0,Not Applicable,0,WD,Normal,178400,1943,220,2.0,7.0,13601,17487,47,1,47.0,1050.0,630.0,3996,4995,1764.0,1764.0,Level_2
982,60,RL,98.0,12203,Pave,Not Applicable,IR1,Lvl,Corner,Gtl,Norm,1Fam,2Story,8,5,1998,Other,CompShg,VinylSd,VinylSd,BrkFace,975.0,Gd,TA,PConc,Gd,TA,No,GLQ,854,Unf,371,1225,GasA,Ex,Y,SBrkr,1276,1336,0,2612,1,2,1,4,1,Gd,8,Typ,1,TA,Attchd,Fin,3,676,TA,TA,Y,0,Not Applicable,0,WD,Normal,336000,3837,250,3.5,10.5,30696,19185,11,10,11.0,3900.0,2925.0,13060,10448,2028.0,2028.0,Level_4
983,20,RL,43.0,3182,Pave,Not Applicable,Reg,Lvl,Inside,Gtl,Norm,1Fam,1Story,7,5,2007,Gable,CompShg,VinylSd,VinylSd,BrkFace,16.0,Gd,TA,PConc,Gd,TA,Av,Unf,0,Unf,1266,1266,GasA,Ex,Y,SBrkr,1266,0,0,1266,0,2,0,2,1,Gd,6,Typ,1,Gd,Attchd,Fin,2,388,TA,TA,Y,0,Not Applicable,0,WD,Normal,159895,2532,116,2.0,8.0,17724,12660,1,1,1.0,64.0,48.0,6330,5064,1164.0,1164.0,Level_3
984,60,RL,69.0,11250,Pave,Not Applicable,Reg,Lvl,Corner,Gtl,Norm,1Fam,2Story,8,5,2002,Gable,CompShg,CemntBd,CmentBd,Not Applicable,0.0,Gd,TA,PConc,Gd,TA,Mn,Unf,0,Unf,1128,1128,GasA,Ex,Y,SBrkr,1149,1141,0,2290,0,2,1,4,1,Gd,9,Typ,1,Gd,Attchd,Unf,2,779,TA,TA,Y,0,Not Applicable,0,WD,Normal,255900,3418,0,2.5,11.5,27344,17090,6,6,6.0,0.0,0.0,11450,9160,2337.0,2337.0,Level_3
985,90,RL,75.0,10125,Pave,Not Applicable,Reg,Lvl,Inside,Gtl,Norm,Duplex,1.5Fin,5,5,1977,Gable,CompShg,Plywood,Plywood,Not Applicable,0.0,TA,TA,CBlock,Not Applicable,Other,Not Applicable,Not Applicable,0,Other,0,0,GasA,TA,Y,SBrkr,1302,432,0,1734,0,2,0,4,2,Gd,8,Typ,0,Not Applicable,Attchd,Unf,2,539,TA,TA,Y,0,Not Applicable,0,COD,Normal,126000,1734,0,2.0,10.0,8670,8670,32,32,32.0,0.0,0.0,5202,6936,1617.0,1617.0,Level_2
986,190,RL,68.0,10880,Pave,Not Applicable,Reg,Lvl,Inside,Gtl,Norm,2fmCon,1Story,5,5,1950,Gable,CompShg,MetalSd,MetalSd,Not Applicable,0.0,TA,TA,CBlock,TA,TA,No,ALQ,1040,Unf,124,1164,Other,TA,N,SBrkr,1164,0,0,1164,1,1,0,3,1,TA,5,Typ,0,Not Applicable,Detchd,Unf,1,240,TA,TA,Y,0,Not Applicable,0,ConLD,Normal,125000,2328,48,2.0,6.0,11640,11640,58,58,58.0,0.0,0.0,3492,3492,720.0,720.0,Level_1
987,50,RM,59.0,5310,Pave,Not Applicable,Reg,Lvl,Corner,Gtl,Other,1Fam,1.5Fin,6,8,1910,Other,CompShg,VinylSd,VinylSd,Not Applicable,0.0,TA,Gd,CBlock,TA,Other,No,Unf,0,Unf,485,485,GasA,Gd,Y,SBrkr,1001,634,0,1635,0,1,0,2,1,Gd,5,Typ,0,Not Applicable,Attchd,Unf,1,255,Other,TA,Y,0,Not Applicable,0,WD,Normal,117000,2120,394,1.0,6.0,12720,16960,96,3,56.0,0.0,0.0,6540,6540,510.0,765.0,Level_1
988,20,RL,83.0,10159,Pave,Not Applicable,IR1,Lvl,Inside,Gtl,Norm,1Fam,1Story,9,5,2009,Other,CompShg,VinylSd,VinylSd,Stone,450.0,Ex,TA,PConc,Ex,TA,Av,GLQ,1646,Unf,284,1930,GasA,Ex,Y,SBrkr,1940,0,0,1940,1,2,1,3,1,Ex,8,Typ,1,Gd,Attchd,Fin,3,606,TA,TA,Y,0,Not Applicable,0,New,Partial,395192,3870,263,3.5,10.5,34830,19350,1,0,0.0,2250.0,1350.0,9700,9700,1818.0,1818.0,Level_4
989,60,RL,69.0,12046,Pave,Not Applicable,IR1,Lvl,Inside,Gtl,Norm,1Fam,2Story,6,6,1976,Gable,CompShg,Plywood,Plywood,BrkFace,298.0,TA,TA,CBlock,TA,TA,No,LwQ,156,Unf,692,848,GasA,TA,Y,SBrkr,1118,912,0,2030,0,2,1,4,1,Gd,8,Typ,1,TA,Attchd,Fin,2,551,TA,TA,Y,0,Not Applicable,0,WD,Normal,195000,2878,224,2.5,10.5,17268,17268,31,31,31.0,894.0,894.0,6090,8120,1653.0,1653.0,Level_3
990,60,FV,65.0,8125,Pave,Not Applicable,Reg,Lvl,Inside,Gtl,Norm,1Fam,2Story,7,5,2006,Gable,CompShg,VinylSd,VinylSd,Not Applicable,0.0,Gd,TA,PConc,Gd,Other,No,Unf,0,Unf,770,770,GasA,Ex,Y,SBrkr,778,798,0,1576,0,2,1,3,1,Gd,6,Typ,0,Not Applicable,Attchd,RFn,2,614,TA,TA,Y,0,Not Applicable,0,New,Partial,197000,2346,50,2.5,8.5,16422,11730,0,0,0.0,0.0,0.0,7880,6304,1842.0,1842.0,Level_4
991,60,RL,82.0,9452,Pave,Not Applicable,Reg,Lvl,Inside,Gtl,Norm,1Fam,2Story,8,5,1997,Gable,CompShg,VinylSd,VinylSd,BrkFace,423.0,Gd,TA,PConc,Gd,TA,No,GLQ,1074,Unf,322,1396,GasA,Ex,Y,SBrkr,1407,985,0,2392,1,2,1,3,1,Gd,7,Typ,1,TA,Attchd,Fin,3,870,TA,TA,Y,0,Not Applicable,0,WD,Normal,348000,3788,70,3.5,9.5,30304,18940,9,8,9.0,1692.0,1269.0,11960,9568,2610.0,2610.0,Level_4
992,70,RM,121.0,17671,Pave,Grvl,Reg,Lvl,Corner,Gtl,Other,1Fam,2Story,8,9,1882,Gable,CompShg,Wd Sdng,Wd Sdng,Not Applicable,0.0,Gd,Gd,BrkTil,TA,TA,No,BLQ,216,Unf,700,916,GasA,Gd,Y,SBrkr,916,826,0,1742,0,1,1,4,1,Gd,8,Typ,1,Gd,Attchd,Unf,2,424,TA,TA,P,0,Not Applicable,0,WD,Normal,168000,2658,169,1.5,9.5,21264,23922,127,23,84.0,0.0,0.0,6968,6968,1272.0,1272.0,Level_1
993,60,RL,80.0,9760,Pave,Not Applicable,Reg,Lvl,Inside,Other,Norm,1Fam,2Story,6,8,1964,Other,CompShg,Wd Sdng,Wd Sdng,BrkFace,340.0,TA,TA,CBlock,TA,TA,Gd,BLQ,536,Other,169,822,GasA,Gd,Y,SBrkr,1020,831,0,1851,0,2,1,3,1,Gd,7,Typ,1,Fa,Attchd,RFn,2,440,TA,TA,Y,0,MnWw,0,WD,Normal,187000,2673,281,2.5,9.5,16038,21384,43,14,43.0,1020.0,1020.0,7404,7404,1320.0,1320.0,Level_2
994,60,RL,68.0,8846,Pave,Not Applicable,Reg,Lvl,Inside,Gtl,Norm,1Fam,2Story,6,5,2005,Gable,CompShg,VinylSd,VinylSd,Not Applicable,0.0,TA,TA,PConc,Gd,TA,No,Unf,0,Unf,750,750,GasA,Ex,Y,SBrkr,750,750,0,1500,0,2,1,3,1,Gd,6,Typ,0,Not Applicable,Attchd,RFn,2,564,TA,TA,Y,0,Not Applicable,0,New,Partial,173900,2250,35,2.5,8.5,13500,11250,1,0,1.0,0.0,0.0,7500,6000,1692.0,1692.0,Level_3
995,20,RL,96.0,12456,Pave,Not Applicable,Reg,Lvl,FR2,Gtl,Norm,1Fam,1Story,10,5,2006,Other,CompShg,CemntBd,CmentBd,Stone,230.0,Ex,TA,PConc,Ex,TA,Gd,GLQ,1172,Unf,528,1700,GasA,Ex,Y,SBrkr,1718,0,0,1718,1,2,0,3,1,Ex,7,Typ,1,Gd,Attchd,Fin,3,786,TA,TA,Y,0,Not Applicable,0,WD,Normal,337500,3418,264,3.0,9.0,34180,17090,3,2,1.0,1150.0,690.0,8590,8590,2358.0,2358.0,Level_4
996,50,RL,51.0,4712,Pave,Not Applicable,IR1,Lvl,Inside,Other,Other,1Fam,1.5Fin,4,7,1946,Gable,CompShg,MetalSd,MetalSd,Not Applicable,0.0,TA,TA,CBlock,TA,TA,No,ALQ,384,Unf,363,747,GasA,TA,Y,SBrkr,774,456,0,1230,1,1,1,3,1,TA,5,Typ,0,Not Applicable,Detchd,Unf,1,305,TA,TA,Y,0,MnPrv,0,WD,Abnorml,121600,1977,120,2.5,6.5,7908,13839,60,56,60.0,0.0,0.0,3690,3690,915.0,915.0,Level_1
997,20,RL,69.0,10659,Pave,Not Applicable,IR1,Lvl,Inside,Gtl,Norm,1Fam,1Story,5,6,1961,Other,CompShg,Wd Sdng,Wd Sdng,Not Applicable,0.0,TA,TA,CBlock,TA,TA,No,Rec,915,Unf,135,1050,GasA,TA,Y,SBrkr,1050,0,0,1050,1,1,0,3,1,TA,6,Typ,0,Not Applicable,Attchd,Unf,1,368,TA,TA,Y,0,Not Applicable,0,COD,Normal,136500,2100,319,2.0,7.0,10500,12600,45,45,45.0,0.0,0.0,3150,3150,1104.0,1104.0,Level_2
998,20,RL,69.0,11717,Pave,Not Applicable,IR1,Lvl,Inside,Gtl,Other,1Fam,1Story,6,6,1970,Other,CompShg,HdBoard,HdBoard,BrkFace,571.0,TA,TA,CBlock,TA,TA,No,Unf,0,Unf,1442,1442,GasA,TA,Y,SBrkr,1442,0,0,1442,0,2,0,2,1,TA,6,Typ,1,TA,Attchd,RFn,2,615,TA,TA,Y,0,Not Applicable,0,WD,Normal,185000,2884,371,2.0,8.0,17304,17304,39,39,39.0,1713.0,1713.0,4326,4326,1845.0,1845.0,Level_3
999,30,RM,60.0,9786,Pave,Not Applicable,Reg,Lvl,Inside,Gtl,Norm,1Fam,1Story,3,4,1922,Other,CompShg,Wd Sdng,Wd Sdng,Not Applicable,0.0,TA,TA,BrkTil,TA,Other,No,Unf,0,Unf,1007,1007,GasA,Fa,N,SBrkr,1077,0,0,1077,0,1,0,3,1,TA,6,Typ,1,Gd,Detchd,Unf,1,210,TA,Other,P,0,Not Applicable,0,WD,Normal,91000,2084,148,1.0,7.0,6252,8336,84,56,84.0,0.0,0.0,2154,3231,630.0,420.0,Level_1
1000,20,RL,64.0,6762,Pave,Not Applicable,Reg,Lvl,Inside,Gtl,Norm,1Fam,1Story,7,5,2006,Gable,CompShg,VinylSd,VinylSd,Stone,24.0,Gd,TA,PConc,Gd,TA,Av,GLQ,686,Unf,501,1187,GasA,Ex,Y,SBrkr,1208,0,0,1208,1,2,0,2,1,Gd,6,Typ,0,Not Applicable,Attchd,RFn,2,632,TA,TA,Y,0,Not Applicable,0,WD,Normal,206000,2395,166,3.0,8.0,16765,11975,4,4,4.0,96.0,72.0,6040,4832,1896.0,1896.0,Level_3
1001,20,RL,74.0,10206,Pave,Not Applicable,Reg,Lvl,Corner,Gtl,Norm,1Fam,1Story,3,3,1952,Other,Other,BrkComm,Brk Cmn,Not Applicable,0.0,TA,TA,Slab,Not Applicable,Other,Not Applicable,Not Applicable,0,Other,0,0,Other,Fa,N,FuseF,944,0,0,944,0,1,0,2,1,Fa,4,Other,0,Not Applicable,Detchd,Unf,2,528,TA,Other,Y,0,Not Applicable,0,WD,Normal,82000,944,0,1.0,5.0,2832,2832,57,57,53.0,0.0,0.0,1888,1888,1584.0,1056.0,Level_1
1002,30,RL,60.0,5400,Pave,Not Applicable,Reg,Lvl,Corner,Gtl,Norm,1Fam,1Story,5,6,1920,Gable,CompShg,Wd Sdng,Wd Sdng,Not Applicable,0.0,TA,TA,BrkTil,Fa,TA,No,Unf,0,Unf,691,691,GasA,Ex,Y,FuseA,691,0,0,691,0,1,0,2,1,Ex,4,Typ,0,Not Applicable,Detchd,Unf,1,216,Other,TA,N,0,Not Applicable,0,WD,Abnorml,86000,1382,114,1.0,5.0,6910,8292,87,57,87.0,0.0,0.0,3455,3455,432.0,648.0,Level_1
1003,20,RL,75.0,11957,Pave,Not Applicable,IR1,Lvl,Inside,Gtl,Other,1Fam,1Story,8,5,2006,Gable,CompShg,VinylSd,VinylSd,BrkFace,53.0,Gd,TA,PConc,Gd,TA,No,GLQ,24,Unf,1550,1574,GasA,Ex,Y,SBrkr,1574,0,0,1574,0,2,0,3,1,Gd,7,Typ,1,Gd,Attchd,RFn,3,824,TA,TA,Y,0,Not Applicable,0,WD,Normal,232000,3148,248,2.0,9.0,25184,15740,2,2,2.0,212.0,159.0,7870,6296,2472.0,2472.0,Level_4
1004,90,RL,69.0,11500,Pave,Not Applicable,IR1,Lvl,Corner,Gtl,Other,Duplex,1Story,5,6,1976,Gable,CompShg,VinylSd,VinylSd,BrkFace,164.0,TA,TA,CBlock,TA,TA,No,Unf,0,Unf,1680,1680,GasA,Fa,Y,SBrkr,1680,0,0,1680,0,2,0,4,2,TA,8,Typ,0,Not Applicable,Detchd,Unf,2,528,TA,TA,Y,0,Not Applicable,0,WD,Normal,136905,3360,0,2.0,10.0,16800,20160,31,31,31.0,492.0,492.0,3360,5040,1584.0,1584.0,Level_3
1005,120,RL,43.0,3182,Pave,Not Applicable,Reg,Lvl,Inside,Gtl,Norm,TwnhsE,1Story,7,5,2005,Gable,CompShg,VinylSd,VinylSd,BrkFace,16.0,Gd,TA,PConc,Gd,TA,No,GLQ,16,Unf,1330,1346,GasA,Ex,Y,SBrkr,1504,0,0,1504,0,2,0,1,1,Gd,7,Typ,1,Gd,Attchd,Fin,2,457,TA,TA,Y,0,Not Applicable,0,WD,Normal,181000,2850,156,2.0,9.0,19950,14250,4,3,4.0,64.0,48.0,7520,6016,1371.0,1371.0,Level_3
1006,80,RL,65.0,8385,Pave,Not Applicable,Reg,Lvl,Inside,Gtl,Norm,1Fam,SLvl,5,8,1977,Gable,CompShg,HdBoard,HdBoard,BrkFace,220.0,Gd,TA,CBlock,Gd,Other,Av,GLQ,595,Unf,390,985,GasA,TA,Y,SBrkr,985,0,0,985,0,2,0,3,1,TA,6,Typ,0,Not Applicable,Attchd,Unf,1,328,TA,TA,Y,0,Not Applicable,0,WD,Normal,149900,1970,210,2.0,8.0,9850,15760,31,31,31.0,880.0,660.0,2955,2955,984.0,984.0,Level_3
1007,20,RL,69.0,12155,Pave,Not Applicable,IR3,Lvl,Inside,Gtl,Other,1Fam,1Story,6,3,1970,Gable,CompShg,Plywood,Plywood,Not Applicable,0.0,TA,TA,CBlock,Gd,TA,No,LwQ,1237,Unf,420,1657,GasA,Gd,Y,SBrkr,1657,0,0,1657,0,2,0,3,1,TA,7,Typ,1,TA,Attchd,Unf,2,484,TA,TA,Y,0,Not Applicable,0,WD,Normal,163500,3314,147,2.5,9.0,19884,9942,37,37,37.0,0.0,0.0,6628,4971,1452.0,1452.0,Level_2
1008,160,RM,21.0,2217,Pave,Not Applicable,Reg,Lvl,Inside,Gtl,Norm,TwnhsE,2Story,4,4,1970,Gable,CompShg,CemntBd,CmentBd,Not Applicable,0.0,TA,TA,CBlock,TA,TA,No,BLQ,273,Other,0,546,GasA,TA,Y,SBrkr,546,546,0,1092,0,1,1,3,1,TA,6,Typ,0,Not Applicable,Attchd,RFn,1,286,TA,TA,Y,0,Not Applicable,0,WD,Normal,88000,1638,238,1.5,7.5,6552,6552,39,39,39.0,0.0,0.0,3276,3276,858.0,858.0,Level_1
1009,20,RL,43.0,12118,Pave,Not Applicable,IR1,Lvl,CulDSac,Gtl,Norm,1Fam,1Story,7,5,2004,Other,CompShg,VinylSd,VinylSd,Stone,108.0,Gd,TA,PConc,Ex,TA,Mn,Unf,0,Unf,1710,1710,GasA,Ex,Y,SBrkr,1710,0,0,1710,0,2,0,3,1,Gd,7,Typ,1,Gd,Attchd,Fin,2,550,TA,TA,Y,0,Not Applicable,0,WD,Normal,240000,3420,328,2.0,9.0,23940,17100,5,4,5.0,432.0,324.0,8550,6840,1650.0,1650.0,Level_2
1010,50,RL,60.0,6000,Pave,Not Applicable,Reg,Lvl,Inside,Gtl,Norm,1Fam,1.5Fin,5,5,1926,Gable,CompShg,Wd Sdng,Wd Sdng,Not Applicable,0.0,TA,Fa,BrkTil,TA,TA,No,Unf,0,Unf,1008,1008,GasA,Ex,Y,SBrkr,1008,0,514,1522,0,2,0,4,1,TA,7,Typ,0,Not Applicable,Not Applicable,Not Applicable,0,0,Other,Other,P,0,Not Applicable,0,WD,Normal,102000,2016,138,2.0,9.0,10080,10080,80,56,26.0,0.0,0.0,7610,4566,,,Level_2
1011,50,RL,115.0,21286,Pave,Not Applicable,Reg,Lvl,Inside,Gtl,Norm,1Fam,1.5Fin,5,5,1948,Gable,CompShg,Wd Sdng,Wd Sdng,Not Applicable,0.0,TA,TA,CBlock,TA,TA,No,Unf,0,Unf,720,720,GasA,TA,Y,SBrkr,720,551,0,1271,0,2,0,4,1,TA,7,Typ,1,Gd,Attchd,Unf,1,312,TA,TA,Y,0,Not Applicable,0,WD,Normal,135000,1991,108,2.0,9.0,9955,9955,60,58,60.0,0.0,0.0,3813,3813,936.0,936.0,Level_2
1012,90,RL,75.0,9825,Pave,Not Applicable,Reg,Lvl,Inside,Gtl,Norm,Duplex,1Story,5,5,1965,Other,CompShg,AsphShn,AsphShn,Not Applicable,0.0,TA,TA,CBlock,Not Applicable,Other,Not Applicable,Not Applicable,0,Other,0,0,GasA,TA,N,SBrkr,1664,0,0,1664,0,2,0,4,2,TA,8,Typ,0,Not Applicable,Not Applicable,Not Applicable,0,0,Other,Other,Y,0,Not Applicable,0,WD,Normal,100000,1664,0,2.0,10.0,8320,8320,45,45,30.0,0.0,0.0,4992,4992,,,Level_1
1013,70,RL,55.0,10592,Pave,Not Applicable,Reg,Lvl,Inside,Gtl,Norm,1Fam,2Story,6,7,1923,Other,CompShg,Wd Sdng,Wd Sdng,Not Applicable,0.0,TA,Gd,PConc,TA,Other,No,Unf,0,Unf,602,602,GasA,TA,Y,SBrkr,900,602,0,1502,0,1,1,3,1,Gd,7,Typ,2,TA,Detchd,Unf,1,180,TA,TA,Y,0,Not Applicable,0,WD,Normal,165000,2104,261,1.5,8.5,12624,14728,84,11,84.0,0.0,0.0,4506,6008,540.0,540.0,Level_4
1014,30,RM,60.0,7200,Pave,Not Applicable,Reg,Lvl,Inside,Gtl,Norm,1Fam,1Story,5,4,1910,Other,CompShg,MetalSd,Stucco,Not Applicable,0.0,TA,TA,BrkTil,TA,TA,No,ALQ,247,Other,310,1022,Other,TA,N,SBrkr,1022,0,0,1022,1,1,0,2,1,TA,4,Other,0,Not Applicable,Detchd,Unf,1,280,TA,TA,Y,0,Not Applicable,0,WD,Normal,85000,2044,256,2.0,5.0,10220,8176,99,3,53.0,0.0,0.0,3066,3066,840.0,840.0,Level_1
1015,20,RL,60.0,11664,Pave,Not Applicable,Reg,Lvl,Inside,Gtl,Other,1Fam,1Story,6,5,1948,Gable,CompShg,MetalSd,MetalSd,BrkFace,206.0,TA,TA,CBlock,TA,Other,No,BLQ,336,Unf,746,1082,GasA,TA,Y,SBrkr,1082,0,0,1082,0,1,0,2,1,TA,5,Typ,1,Gd,Detchd,Unf,1,240,TA,TA,Y,0,Not Applicable,0,WD,Normal,119200,2164,130,1.0,6.0,12984,10820,59,57,59.0,618.0,618.0,3246,3246,720.0,720.0,Level_2
1016,60,RL,70.0,8400,Pave,Not Applicable,Reg,Lvl,Inside,Gtl,Norm,1Fam,2Story,8,6,2001,Gable,CompShg,VinylSd,VinylSd,Not Applicable,0.0,Gd,TA,PConc,Gd,TA,No,GLQ,643,Unf,167,810,GasA,Ex,Y,SBrkr,810,855,0,1665,1,2,1,3,1,Gd,6,Typ,0,Not Applicable,Attchd,Fin,2,528,TA,TA,Y,0,Not Applicable,0,WD,Normal,227000,2475,45,3.5,8.5,19800,14850,8,8,8.0,0.0,0.0,8325,6660,1584.0,1584.0,Level_3
1017,20,RL,73.0,11883,Pave,Not Applicable,Reg,Lvl,Inside,Gtl,Norm,1Fam,1Story,7,5,1996,Other,CompShg,VinylSd,VinylSd,BrkFace,196.0,Gd,TA,PConc,Gd,TA,Gd,GLQ,690,Unf,814,1504,GasA,Ex,Y,SBrkr,1504,0,0,1504,1,2,0,3,1,Gd,6,Typ,1,TA,Attchd,Fin,2,478,TA,TA,Y,0,Not Applicable,0,WD,Normal,203000,3008,181,3.0,8.0,21056,15040,13,13,13.0,784.0,588.0,7520,6016,1434.0,1434.0,Level_3
1018,120,RL,69.0,5814,Pave,Not Applicable,IR1,Lvl,CulDSac,Gtl,Norm,TwnhsE,1Story,8,5,1984,Gable,CompShg,HdBoard,HdBoard,Not Applicable,0.0,Gd,TA,CBlock,Gd,TA,Av,GLQ,1036,Unf,184,1220,GasA,Gd,Y,SBrkr,1360,0,0,1360,1,1,0,1,1,Gd,4,Typ,1,Ex,Attchd,RFn,2,565,TA,TA,Y,0,Not Applicable,0,COD,Abnorml,187500,2580,63,2.0,5.0,20640,12900,25,25,25.0,0.0,0.0,5440,5440,1695.0,1695.0,Level_4
1019,80,RL,69.0,10784,Pave,Not Applicable,IR1,Lvl,FR2,Gtl,Norm,1Fam,SLvl,7,5,1991,Gable,CompShg,HdBoard,HdBoard,BrkFace,76.0,Gd,TA,PConc,Gd,TA,No,Unf,0,Unf,384,384,GasA,Gd,Y,SBrkr,802,670,0,1472,0,2,1,3,1,Gd,7,Typ,1,TA,Attchd,RFn,2,402,TA,TA,Y,0,Not Applicable,0,WD,Normal,160000,1856,164,2.5,9.5,12992,9280,16,15,16.0,304.0,228.0,5888,5888,1206.0,1206.0,Level_3
1020,120,RL,43.0,3013,Pave,Not Applicable,Reg,Lvl,Inside,Gtl,Norm,TwnhsE,1Story,7,5,2005,Gable,CompShg,VinylSd,VinylSd,BrkFace,145.0,Gd,TA,PConc,Gd,TA,Gd,GLQ,16,Unf,1346,1362,GasA,Ex,Y,SBrkr,1506,0,0,1506,0,2,0,2,1,Gd,6,Typ,1,Gd,Attchd,Fin,2,440,TA,TA,Y,0,Not Applicable,0,WD,Normal,213490,2868,162,2.0,8.0,20076,14340,1,1,1.0,580.0,435.0,7530,6024,1320.0,1320.0,Level_3
1021,20,RL,60.0,7024,Pave,Not Applicable,Reg,Lvl,Inside,Gtl,Norm,1Fam,1Story,4,5,2005,Gable,CompShg,VinylSd,VinylSd,Not Applicable,0.0,TA,TA,PConc,Gd,TA,No,GLQ,1024,Unf,108,1132,GasA,Ex,Y,SBrkr,1132,0,0,1132,1,1,1,2,1,Gd,5,Typ,0,Not Applicable,Attchd,Fin,2,451,TA,TA,Y,0,Not Applicable,0,WD,Normal,176000,2264,316,2.5,6.5,9056,11320,3,3,3.0,0.0,0.0,5660,4528,1353.0,1353.0,Level_1
1022,20,RL,64.0,7406,Pave,Not Applicable,Reg,Lvl,Inside,Gtl,Norm,1Fam,1Story,7,5,2006,Gable,CompShg,VinylSd,VinylSd,Stone,84.0,Gd,TA,PConc,Gd,TA,Av,GLQ,684,Unf,515,1199,GasA,Ex,Y,SBrkr,1220,0,0,1220,1,2,0,2,1,Gd,6,Typ,0,Not Applicable,Attchd,RFn,2,632,TA,TA,Y,0,Not Applicable,0,New,Partial,194000,2419,159,3.0,8.0,16933,12095,0,0,0.0,336.0,252.0,6100,4880,1896.0,1896.0,Level_3
1023,50,RM,52.0,9439,Pave,Not Applicable,Reg,Lvl,Inside,Gtl,Norm,1Fam,1.5Fin,5,5,1930,Gable,CompShg,Wd Sdng,Wd Sdng,Not Applicable,0.0,TA,TA,CBlock,TA,TA,No,LwQ,324,Unf,588,912,GasA,Gd,Y,FuseA,912,336,0,1248,0,1,0,2,1,TA,6,Typ,0,Not Applicable,Detchd,Unf,1,160,Other,Other,Y,0,Not Applicable,0,WD,Normal,87000,2160,192,1.0,7.0,10800,10800,77,57,50.0,0.0,0.0,4992,3744,320.0,320.0,Level_1
1024,120,RL,43.0,3182,Pave,Not Applicable,Reg,Lvl,Inside,Gtl,Norm,TwnhsE,1Story,7,5,2005,Gable,CompShg,VinylSd,VinylSd,BrkFace,14.0,Gd,TA,PConc,Gd,Other,No,GLQ,16,Unf,1330,1346,GasA,Ex,Y,SBrkr,1504,0,0,1504,0,2,0,2,1,Gd,7,Typ,1,Gd,Attchd,Fin,2,437,TA,TA,Y,0,Not Applicable,0,WD,Normal,191000,2850,176,2.0,9.0,19950,14250,3,2,3.0,56.0,42.0,7520,6016,1311.0,1311.0,Level_3
1025,20,RL,69.0,15498,Pave,Not Applicable,IR1,Lvl,Corner,Gtl,Norm,1Fam,1Story,8,6,1976,Other,Other,Stone,HdBoard,Not Applicable,0.0,Gd,TA,CBlock,Gd,TA,Av,ALQ,1165,Other,0,1565,GasA,TA,Y,SBrkr,2898,0,0,2898,1,2,0,2,1,Gd,10,Typ,1,Gd,Attchd,Fin,2,665,TA,TA,Y,0,Not Applicable,0,COD,Abnorml,287000,4463,246,3.0,12.0,35704,26778,32,32,32.0,0.0,0.0,8694,11592,1995.0,1995.0,Level_4
1026,20,RL,70.0,7700,Pave,Not Applicable,Reg,Lvl,Corner,Gtl,Norm,1Fam,1Story,5,5,1972,Gable,CompShg,VinylSd,VinylSd,Not Applicable,0.0,TA,TA,CBlock,TA,TA,No,LwQ,138,Other,276,882,GasA,TA,Y,SBrkr,882,0,0,882,1,1,0,3,1,TA,5,Typ,0,Not Applicable,Detchd,Unf,2,461,TA,TA,Y,0,MnPrv,0,WD,Normal,112500,1764,96,2.0,6.0,8820,8820,35,35,27.0,0.0,0.0,2646,2646,1383.0,1383.0,Level_3
1027,20,RL,73.0,9300,Pave,Not Applicable,Reg,Lvl,Inside,Gtl,Other,1Fam,1Story,5,5,1960,Gable,CompShg,MetalSd,HdBoard,BrkFace,324.0,TA,TA,CBlock,TA,TA,No,Rec,697,Unf,571,1268,GasA,TA,Y,SBrkr,1264,0,0,1264,1,1,0,3,1,TA,6,Typ,2,Gd,Attchd,Unf,2,461,TA,TA,Y,0,Not Applicable,0,WD,Normal,167500,2532,143,2.0,7.0,12660,12660,50,50,50.0,972.0,972.0,3792,3792,1383.0,1383.0,Level_2
1028,20,RL,71.0,9520,Pave,Not Applicable,IR1,Other,Inside,Gtl,Norm,1Fam,1Story,8,5,2007,Gable,CompShg,VinylSd,VinylSd,Stone,338.0,Gd,TA,PConc,Gd,TA,Gd,GLQ,1513,Unf,125,1638,GasA,Ex,Y,SBrkr,1646,0,0,1646,1,2,0,3,1,Gd,7,Typ,1,Gd,Attchd,RFn,3,800,TA,TA,Y,0,Not Applicable,0,New,Partial,293077,3284,236,3.0,9.0,26272,16420,1,0,0.0,1352.0,1014.0,8230,6584,2400.0,2400.0,Level_4
1029,50,RL,79.0,9492,Pave,Not Applicable,Reg,Lvl,Inside,Gtl,Other,1Fam,1.5Fin,5,5,1941,Gable,CompShg,WdShing,Wd Shng,Not Applicable,0.0,TA,TA,CBlock,TA,TA,No,Rec,368,Other,359,768,GasA,TA,Y,SBrkr,968,408,0,1376,1,1,0,3,1,TA,6,Typ,1,Gd,Attchd,Unf,1,240,TA,TA,Y,0,Not Applicable,0,WD,Normal,105000,2144,0,2.0,7.0,10720,10720,66,57,66.0,0.0,0.0,4128,4128,720.0,720.0,Level_2
1030,160,RM,21.0,1680,Pave,Not Applicable,Reg,Lvl,Inside,Gtl,Norm,Twnhs,2Story,6,7,1972,Gable,CompShg,HdBoard,HdBoard,BrkFace,281.0,TA,TA,CBlock,TA,TA,No,BLQ,317,Unf,355,672,GasA,Gd,Y,SBrkr,672,546,0,1218,0,1,1,3,1,TA,7,Typ,0,Not Applicable,Detchd,Unf,1,264,TA,TA,Y,0,Not Applicable,0,WD,Normal,118000,1890,28,2.0,8.5,11340,13230,34,34,34.0,843.0,843.0,4872,3654,792.0,792.0,Level_1
1031,190,RH,69.0,7082,Pave,Not Applicable,Reg,Lvl,Inside,Gtl,Norm,2fmCon,2Story,5,8,1916,Gable,CompShg,VinylSd,VinylSd,Not Applicable,0.0,TA,TA,PConc,TA,TA,Mn,Unf,0,Unf,686,686,GasA,Gd,Y,SBrkr,948,980,0,1928,0,2,0,5,2,TA,10,Typ,0,Not Applicable,Not Applicable,Not Applicable,0,0,Other,Other,N,0,Not Applicable,0,WD,Normal,160000,2614,228,2.0,12.0,13070,20912,90,11,26.0,0.0,0.0,7712,5784,,,Level_2
1032,75,RL,102.0,15863,Pave,Not Applicable,Reg,Lvl,Corner,Gtl,Norm,1Fam,2.5Fin,7,3,1920,Gable,CompShg,Wd Sdng,Plywood,Not Applicable,0.0,TA,TA,BrkTil,TA,TA,No,GLQ,523,Unf,301,824,GasA,Ex,Y,SBrkr,1687,998,397,3082,1,2,1,5,1,TA,12,Typ,2,TA,Basment,Fin,2,672,TA,TA,Y,0,Not Applicable,0,WD,Normal,197000,3509,199,3.5,14.5,24563,10527,89,39,39.0,0.0,0.0,15410,9246,2016.0,2016.0,Level_2
1033,60,RL,69.0,14541,Pave,Not Applicable,IR1,Lvl,Corner,Gtl,Norm,1Fam,2Story,8,7,1993,Gable,CompShg,MetalSd,MetalSd,Not Applicable,0.0,Gd,Gd,PConc,Gd,Other,No,GLQ,1012,Unf,326,1338,GasA,Ex,Y,SBrkr,1352,1168,0,2520,1,2,1,5,1,Gd,10,Typ,1,TA,Attchd,RFn,3,796,TA,TA,Y,0,Not Applicable,0,WD,Abnorml,310000,3858,264,3.5,12.5,30864,27006,13,13,13.0,0.0,0.0,12600,10080,2388.0,2388.0,Level_4
1034,20,RL,69.0,8125,Pave,Not Applicable,Reg,Lvl,Inside,Gtl,Norm,1Fam,1Story,7,5,2002,Gable,CompShg,VinylSd,VinylSd,Stone,295.0,Gd,TA,PConc,Gd,TA,No,GLQ,986,Unf,668,1654,GasA,Ex,Y,SBrkr,1654,0,0,1654,1,2,0,3,1,Gd,6,Typ,0,Not Applicable,Attchd,Unf,3,900,TA,TA,Y,0,Not Applicable,0,WD,Normal,230000,3308,136,3.0,8.0,23156,16540,4,4,4.0,1180.0,885.0,8270,6616,2700.0,2700.0,Level_3
1035,30,RL,50.0,6305,Pave,Not Applicable,Reg,Other,Inside,Gtl,Norm,1Fam,1Story,5,7,1938,Gable,CompShg,MetalSd,MetalSd,Not Applicable,0.0,TA,Gd,PConc,Fa,Other,No,Unf,0,Unf,920,920,GasA,Ex,Y,SBrkr,954,0,0,954,0,1,0,2,1,Fa,5,Typ,1,Gd,Basment,Unf,1,240,Other,TA,Y,0,MnPrv,0,WD,Normal,119750,1874,0,1.0,6.0,9370,13118,69,57,69.0,0.0,0.0,4770,1908,480.0,720.0,Level_4
1036,20,RL,69.0,11500,Pave,Not Applicable,IR1,Lvl,CulDSac,Gtl,Norm,1Fam,1Story,4,3,1957,Gable,CompShg,Wd Sdng,Wd Sdng,Not Applicable,0.0,TA,Gd,Slab,Not Applicable,Other,Not Applicable,Not Applicable,0,Other,0,0,GasA,Ex,N,SBrkr,845,0,0,845,0,1,0,3,1,TA,5,Typ,0,Not Applicable,Detchd,Unf,1,290,TA,TA,N,0,Not Applicable,0,WD,Normal,84000,845,186,1.0,6.0,3380,2535,52,52,52.0,0.0,0.0,4225,2535,870.0,870.0,Level_1
1037,20,RL,89.0,12898,Pave,Not Applicable,IR1,Other,Inside,Gtl,Norm,1Fam,1Story,9,5,2007,Other,CompShg,VinylSd,VinylSd,Stone,70.0,Gd,TA,PConc,Ex,TA,Gd,GLQ,1022,Unf,598,1620,GasA,Ex,Y,SBrkr,1620,0,0,1620,1,2,0,2,1,Ex,6,Typ,1,Ex,Attchd,Fin,3,912,TA,TA,Y,0,Not Applicable,0,WD,Normal,315500,3240,228,3.0,8.0,29160,16200,2,1,1.0,280.0,210.0,8100,8100,2736.0,2736.0,Level_4
1038,60,RL,69.0,9240,Pave,Not Applicable,Reg,Lvl,Inside,Gtl,Norm,1Fam,2Story,8,5,2001,Gable,CompShg,VinylSd,VinylSd,BrkFace,396.0,Gd,TA,PConc,Gd,TA,No,Unf,0,Unf,1055,1055,GasA,Ex,Y,SBrkr,1055,1208,0,2263,0,2,1,3,1,Gd,7,Typ,1,TA,BuiltIn,Fin,2,905,TA,TA,Y,0,Not Applicable,0,WD,Normal,287000,3318,234,2.5,9.5,26544,16590,7,6,7.0,1584.0,1188.0,11315,9052,2715.0,2715.0,Level_3
1039,160,RM,21.0,1533,Pave,Not Applicable,Reg,Lvl,Inside,Gtl,Norm,Twnhs,2Story,4,6,1970,Gable,CompShg,CemntBd,CmentBd,Not Applicable,0.0,TA,TA,CBlock,TA,TA,No,Unf,0,Unf,546,546,GasA,TA,Y,SBrkr,798,546,0,1344,0,1,1,3,1,TA,6,Typ,1,TA,Not Applicable,Not Applicable,0,0,Other,Other,Y,0,Not Applicable,0,WD,Normal,97000,1890,0,1.5,7.5,7560,11340,39,1,29.0,0.0,0.0,4032,4032,,,Level_1
1040,180,RM,21.0,1477,Pave,Not Applicable,Reg,Lvl,Inside,Gtl,Norm,TwnhsE,SFoyer,4,4,1970,Gable,CompShg,CemntBd,CmentBd,Not Applicable,0.0,TA,TA,CBlock,Gd,TA,Av,GLQ,509,Unf,121,630,GasA,TA,Y,SBrkr,630,0,0,630,1,1,0,1,1,TA,3,Typ,0,Not Applicable,Attchd,Unf,1,286,TA,TA,Y,0,Not Applicable,0,WD,Normal,80000,1260,0,2.0,4.0,5040,5040,39,39,39.0,0.0,0.0,1890,1890,858.0,858.0,Level_1
1041,20,RL,88.0,13125,Pave,Not Applicable,Reg,Lvl,Corner,Gtl,Norm,1Fam,1Story,5,4,1957,Gable,CompShg,Wd Sdng,Wd Sdng,BrkCmn,67.0,TA,TA,CBlock,TA,TA,No,Rec,168,Other,284,1134,GasA,Ex,Y,SBrkr,1803,0,0,1803,1,2,0,3,1,TA,8,Other,1,TA,Attchd,RFn,2,484,TA,TA,Y,0,GdPrv,0,WD,Normal,155000,2937,0,3.0,10.0,14685,11748,49,6,49.0,201.0,201.0,9015,5409,1452.0,1452.0,Level_2
1042,60,RL,69.0,9130,Pave,Not Applicable,Reg,Lvl,Inside,Gtl,Other,1Fam,2Story,6,8,1966,Other,CompShg,HdBoard,HdBoard,BrkFace,252.0,TA,TA,CBlock,TA,TA,No,GLQ,400,Other,336,800,GasA,Gd,Y,SBrkr,800,832,0,1632,0,1,1,4,1,Gd,7,Typ,0,Not Applicable,Attchd,Unf,2,484,TA,TA,Y,0,Not Applicable,0,WD,Normal,173000,2432,40,2.0,8.5,14592,19456,42,8,42.0,756.0,756.0,6528,6528,1452.0,1452.0,Level_3
1043,120,RL,34.0,5381,Pave,Not Applicable,IR1,Lvl,Inside,Gtl,Norm,Twnhs,1Story,6,5,2005,Gable,CompShg,VinylSd,VinylSd,Stone,135.0,Gd,TA,PConc,Gd,TA,Av,ALQ,900,Unf,406,1306,GasA,Ex,Y,SBrkr,1306,0,0,1306,1,2,0,1,1,Gd,5,Typ,1,Gd,Attchd,RFn,2,624,TA,TA,Y,0,Not Applicable,0,WD,Normal,196000,2612,233,3.0,7.0,15672,13060,4,4,4.0,540.0,405.0,6530,5224,1872.0,1872.0,Level_4
1044,60,RL,86.0,11839,Pave,Not Applicable,Reg,Lvl,Inside,Gtl,Norm,1Fam,2Story,7,5,1990,Other,CompShg,HdBoard,HdBoard,BrkFace,99.0,TA,TA,PConc,Gd,TA,No,GLQ,1085,Unf,390,1475,GasA,Ex,Y,SBrkr,1532,797,0,2329,1,2,1,4,1,Gd,10,Typ,1,Ex,Attchd,Unf,2,514,TA,TA,Y,0,Not Applicable,0,WD,Normal,262280,3804,313,3.5,12.5,26628,19020,18,18,18.0,297.0,297.0,11645,9316,1542.0,1542.0,Level_3
1045,20,RL,80.0,9600,Pave,Not Applicable,Reg,Lvl,Inside,Gtl,Other,1Fam,1Story,8,5,1981,Other,Other,BrkFace,BrkFace,Not Applicable,0.0,Gd,TA,PConc,Gd,TA,No,ALQ,1104,Unf,1420,2524,GasA,TA,Y,SBrkr,2524,0,0,2524,1,2,1,4,1,Gd,9,Typ,1,Gd,Attchd,Fin,2,542,TA,TA,Y,0,MnPrv,0,WD,Normal,278000,5048,594,3.5,11.5,40384,25240,28,28,28.0,0.0,0.0,7572,10096,1626.0,1626.0,Level_3
1046,20,RL,69.0,13680,Pave,Not Applicable,IR1,Lvl,CulDSac,Gtl,Norm,1Fam,1Story,3,5,1955,Other,CompShg,BrkFace,Wd Sdng,Not Applicable,0.0,TA,TA,Slab,Not Applicable,Other,Not Applicable,Not Applicable,0,Other,0,0,GasA,Ex,Y,FuseA,1733,0,0,1733,0,2,0,4,1,TA,8,Other,1,Gd,Attchd,Unf,2,452,TA,TA,Y,0,Not Applicable,0,WD,Normal,139600,1733,0,2.0,10.0,5199,8665,54,54,54.0,0.0,0.0,8665,5199,1356.0,1356.0,Level_1
1047,60,RL,85.0,16056,Pave,Not Applicable,IR1,Lvl,Inside,Gtl,Norm,1Fam,2Story,9,5,2005,Other,CompShg,CemntBd,CmentBd,Stone,208.0,Gd,TA,PConc,Ex,TA,Av,GLQ,240,Unf,1752,1992,GasA,Ex,Y,SBrkr,1992,876,0,2868,0,3,1,4,1,Ex,11,Typ,1,Gd,BuiltIn,Fin,3,716,TA,TA,Y,0,Not Applicable,0,New,Partial,556581,4860,322,3.5,14.5,43740,24300,1,0,1.0,832.0,624.0,14340,14340,2148.0,2148.0,Level_4
1048,20,RL,57.0,9245,Pave,Not Applicable,IR2,Lvl,Inside,Gtl,Norm,1Fam,1Story,5,5,1994,Gable,CompShg,VinylSd,VinylSd,Not Applicable,0.0,TA,TA,PConc,Gd,TA,No,GLQ,686,Unf,304,990,GasA,Ex,Y,SBrkr,990,0,0,990,0,1,0,3,1,TA,5,Typ,0,Not Applicable,Detchd,Unf,2,672,TA,TA,Y,0,Not Applicable,0,WD,Normal,145000,1980,0,1.5,6.0,9900,9900,14,13,12.0,0.0,0.0,4950,2970,2016.0,2016.0,Level_3
1049,20,RL,100.0,21750,Pave,Not Applicable,Reg,Lvl,Inside,Gtl,Norm,1Fam,1Story,5,4,1960,Other,CompShg,HdBoard,HdBoard,BrkFace,75.0,TA,Fa,Slab,Not Applicable,Other,Not Applicable,Not Applicable,0,Other,0,0,GasA,TA,Y,SBrkr,1771,0,0,1771,0,1,0,3,1,TA,9,Other,1,TA,Attchd,Unf,2,336,TA,TA,Y,0,GdPrv,0,WD,Normal,115000,1771,0,1.0,10.0,8855,7084,49,3,49.0,225.0,150.0,5313,5313,1008.0,1008.0,Level_2
1050,20,RL,60.0,11100,Pave,Not Applicable,Reg,Other,Inside,Gtl,Norm,1Fam,1Story,4,7,1946,Gable,CompShg,MetalSd,MetalSd,Not Applicable,0.0,TA,TA,CBlock,Not Applicable,Other,Not Applicable,Not Applicable,0,Other,0,0,GasA,Ex,Y,SBrkr,930,0,0,930,0,1,0,2,1,Gd,6,Typ,0,Not Applicable,Detchd,Unf,1,308,TA,TA,Y,0,Not Applicable,0,WD,Abnorml,84900,930,0,1.0,7.0,3720,6510,64,4,64.0,0.0,0.0,4650,3720,924.0,924.0,Level_1
1051,20,RL,73.0,8993,Pave,Not Applicable,IR1,Lvl,Inside,Gtl,Norm,1Fam,1Story,7,5,2007,Gable,CompShg,VinylSd,VinylSd,Not Applicable,0.0,Gd,TA,PConc,Gd,TA,Av,Unf,0,Unf,1302,1302,GasA,Ex,Y,SBrkr,1302,0,0,1302,0,2,0,3,1,Gd,6,Typ,0,Not Applicable,Attchd,Fin,2,436,TA,TA,Y,0,Not Applicable,0,New,Partial,176485,2604,22,2.0,8.0,18228,13020,0,0,0.0,0.0,0.0,6510,5208,1308.0,1308.0,Level_3
1052,20,RL,103.0,11175,Pave,Not Applicable,IR1,Lvl,Corner,Gtl,Norm,1Fam,1Story,7,5,2007,Gable,CompShg,VinylSd,VinylSd,Not Applicable,0.0,Gd,TA,PConc,Gd,TA,Av,Unf,0,Unf,1316,1316,GasA,Ex,Y,SBrkr,1316,0,0,1316,0,2,0,3,1,Gd,6,Typ,1,Gd,Attchd,Fin,2,440,TA,TA,Y,0,Not Applicable,0,New,Partial,200141,2632,20,2.0,8.0,18424,13160,0,0,0.0,0.0,0.0,6580,5264,1320.0,1320.0,Level_3
1053,60,RL,100.0,9500,Pave,Not Applicable,Reg,Lvl,Corner,Gtl,Other,1Fam,2Story,6,6,1964,Gable,CompShg,VinylSd,VinylSd,BrkCmn,272.0,TA,TA,CBlock,TA,TA,No,Rec,442,Unf,374,816,GasA,TA,Y,SBrkr,1127,850,0,1977,0,1,1,4,1,TA,9,Typ,1,TA,Attchd,RFn,2,540,TA,TA,Y,0,GdPrv,0,WD,Normal,165000,2793,52,2.0,10.5,16758,16758,43,29,43.0,816.0,816.0,5931,5931,1620.0,1620.0,Level_2
1054,20,RL,68.0,8562,Pave,Not Applicable,Reg,Lvl,Inside,Other,Norm,1Fam,1Story,5,6,1957,Other,CompShg,HdBoard,HdBoard,Stone,145.0,TA,TA,CBlock,TA,TA,Av,Rec,383,Unf,833,1216,GasA,Ex,Y,FuseA,1526,0,0,1526,0,1,0,4,1,TA,7,Other,1,Gd,Basment,Unf,1,364,TA,TA,Y,0,Not Applicable,0,WD,Normal,144500,2742,194,1.0,8.0,13710,16452,53,8,53.0,435.0,435.0,7630,4578,1092.0,1092.0,Level_1
1055,60,RL,90.0,11367,Pave,Not Applicable,Reg,Lvl,Corner,Gtl,Norm,1Fam,2Story,8,5,2002,Gable,CompShg,VinylSd,VinylSd,BrkFace,210.0,Gd,TA,PConc,Gd,TA,Mn,GLQ,932,Unf,133,1065,GasA,Ex,Y,SBrkr,1091,898,0,1989,1,2,1,3,1,Gd,7,Typ,1,Gd,Attchd,Fin,2,586,TA,TA,Y,0,Not Applicable,0,WD,Normal,255000,3054,259,3.5,9.5,24432,15270,4,4,4.0,840.0,630.0,9945,7956,1758.0,1758.0,Level_3
1056,20,RL,104.0,11361,Pave,Not Applicable,Reg,Lvl,Inside,Gtl,Norm,1Fam,1Story,6,5,1976,Gable,CompShg,Plywood,Plywood,BrkFace,160.0,TA,TA,CBlock,Gd,TA,No,ALQ,644,Unf,549,1193,GasA,TA,Y,SBrkr,1523,0,0,1523,0,2,0,3,1,TA,7,Typ,1,TA,Attchd,Fin,2,478,TA,TA,Y,0,MnPrv,0,COD,Abnorml,180000,2716,189,2.5,9.0,16296,13580,32,32,32.0,480.0,480.0,4569,4569,1434.0,1434.0,Level_3
1057,120,RL,43.0,7052,Pave,Not Applicable,IR1,Lvl,Inside,Gtl,Norm,TwnhsE,1Story,7,5,2005,Gable,CompShg,VinylSd,VinylSd,Stone,240.0,Gd,TA,PConc,Gd,TA,Av,GLQ,659,Unf,705,1364,GasA,Ex,Y,SBrkr,1364,0,0,1364,1,2,0,2,1,Gd,6,Typ,1,Gd,Attchd,RFn,2,484,TA,TA,Y,0,Not Applicable,0,WD,Normal,185850,2728,228,3.0,8.0,19096,13640,1,1,1.0,960.0,720.0,6820,5456,1452.0,1452.0,Level_4
1058,60,RL,69.0,29959,Pave,Not Applicable,IR2,Lvl,FR2,Gtl,Norm,1Fam,2Story,7,6,1994,Gable,CompShg,HdBoard,HdBoard,Not Applicable,0.0,Gd,TA,PConc,Gd,TA,No,GLQ,595,Unf,378,973,GasA,Ex,Y,SBrkr,979,871,0,1850,0,2,1,3,1,Gd,7,Typ,1,Gd,BuiltIn,Fin,2,467,TA,TA,Y,0,Not Applicable,0,WD,Normal,248000,2823,266,2.5,9.5,19761,16938,15,15,15.0,0.0,0.0,9250,7400,1401.0,1401.0,Level_4
1059,60,RL,96.0,11308,Pave,Not Applicable,IR1,Lvl,Inside,Gtl,Norm,1Fam,2Story,9,5,2008,Gable,CompShg,VinylSd,VinylSd,Stone,154.0,Ex,TA,PConc,Ex,TA,Av,GLQ,936,Unf,168,1104,GasA,Ex,Y,SBrkr,1130,1054,0,2184,1,2,1,3,1,Ex,10,Typ,1,Gd,Attchd,Fin,3,836,TA,TA,Y,0,Not Applicable,0,WD,Normal,335000,3288,102,3.5,12.5,29592,16440,1,1,1.0,770.0,462.0,10920,10920,2508.0,2508.0,Level_4
1060,50,RL,69.0,11275,Pave,Not Applicable,IR1,Other,Corner,Other,Norm,1Fam,1.5Fin,6,7,1932,Gable,CompShg,MetalSd,MetalSd,BrkFace,480.0,TA,TA,CBlock,TA,TA,Mn,Rec,297,Other,0,854,GasA,TA,Y,SBrkr,1096,895,0,1991,0,1,1,3,1,TA,7,Typ,1,Gd,Detchd,Unf,2,432,TA,Other,Y,0,Not Applicable,0,WD,Normal,220000,2845,19,1.5,8.5,17070,19915,75,57,30.0,1440.0,1440.0,5973,5973,1296.0,864.0,Level_4
1061,120,RL,41.0,4920,Pave,Not Applicable,Reg,Lvl,Inside,Gtl,Norm,TwnhsE,1Story,8,5,2001,Gable,CompShg,CemntBd,CmentBd,Not Applicable,0.0,Gd,TA,PConc,Gd,TA,Mn,GLQ,616,Unf,722,1338,GasA,Ex,Y,SBrkr,1338,0,0,1338,1,2,0,2,1,Gd,6,Typ,0,Not Applicable,Attchd,Fin,2,582,TA,TA,Y,0,Not Applicable,0,WD,Normal,213500,2676,170,3.0,8.0,21408,13380,9,9,9.0,0.0,0.0,6690,5352,1746.0,1746.0,Level_4
1062,30,C (all),120.0,18000,Grvl,Not Applicable,Reg,Other,Inside,Gtl,Norm,1Fam,1Story,3,4,1935,Gable,CompShg,MetalSd,MetalSd,Not Applicable,0.0,Fa,TA,CBlock,TA,TA,No,Unf,0,Unf,894,894,GasA,TA,Y,SBrkr,894,0,0,894,0,1,0,2,1,TA,6,Typ,0,Not Applicable,Detchd,RFn,3,1248,TA,TA,Y,0,Not Applicable,560,ConLD,Normal,81000,1788,20,1.0,7.0,5364,7152,73,58,14.0,0.0,0.0,2682,2682,3744.0,3744.0,Level_1
1063,190,RM,85.0,13600,Pave,Grvl,Reg,Lvl,Inside,Gtl,Norm,2fmCon,2Story,5,5,1900,Gable,CompShg,Wd Sdng,Wd Sdng,Not Applicable,0.0,TA,TA,BrkTil,TA,TA,No,Unf,0,Unf,662,662,GasA,TA,N,SBrkr,1422,915,0,2337,0,2,0,5,2,TA,10,Other,0,Not Applicable,Detchd,Unf,2,560,TA,TA,Y,0,Not Applicable,0,WD,Normal,90000,2999,57,2.0,12.0,14995,14995,107,57,62.0,0.0,0.0,7011,7011,1680.0,1680.0,Level_1
1064,30,RM,50.0,6000,Pave,Not Applicable,Reg,Lvl,Inside,Gtl,Other,1Fam,1Story,6,6,1925,Gable,CompShg,MetalSd,MetalSd,Not Applicable,0.0,TA,Gd,BrkTil,TA,TA,No,BLQ,397,Unf,706,1103,GasA,Gd,Y,SBrkr,1103,0,0,1103,0,1,0,2,1,Gd,5,Typ,1,Gd,Detchd,Unf,2,440,TA,TA,Y,0,MnPrv,0,WD,Normal,110500,2206,286,1.0,6.0,13236,13236,81,26,30.0,0.0,0.0,4412,4412,1320.0,1320.0,Level_1
1065,20,RL,69.0,11000,Pave,Not Applicable,IR1,Lvl,CulDSac,Gtl,Norm,1Fam,1Story,5,6,1966,Gable,CompShg,Plywood,Plywood,BrkFace,200.0,TA,TA,CBlock,TA,TA,Mn,BLQ,740,Other,184,1154,GasA,Ex,Y,SBrkr,1154,0,0,1154,0,1,1,3,1,TA,6,Typ,1,Po,Attchd,RFn,2,480,TA,TA,Y,0,MnPrv,0,WD,Normal,154000,2308,58,1.5,7.5,11540,13848,43,43,43.0,600.0,600.0,5770,3462,1440.0,1440.0,Level_2
1066,60,RL,80.0,14000,Pave,Not Applicable,Reg,Lvl,Inside,Other,Norm,1Fam,2Story,7,5,1996,Gable,CompShg,Wd Sdng,Wd Sdng,Not Applicable,0.0,Gd,TA,PConc,Ex,TA,Gd,GLQ,1201,Unf,105,1306,GasA,Ex,Y,SBrkr,1306,954,0,2260,1,2,1,3,1,Gd,7,Typ,0,Not Applicable,Attchd,RFn,2,533,TA,TA,Y,0,Not Applicable,0,WD,Normal,328000,3566,340,3.5,9.5,24962,17830,14,13,14.0,0.0,0.0,11300,9040,1599.0,1599.0,Level_3
1067,60,RL,59.0,7837,Pave,Not Applicable,IR1,Lvl,Inside,Gtl,Norm,1Fam,2Story,6,7,1993,Gable,CompShg,VinylSd,VinylSd,Not Applicable,0.0,Gd,TA,PConc,Gd,TA,No,Unf,0,Unf,799,799,GasA,Gd,Y,SBrkr,799,772,0,1571,0,2,1,3,1,TA,7,Typ,1,TA,Attchd,RFn,2,380,TA,TA,Y,0,Not Applicable,0,WD,Normal,178000,2370,40,2.5,9.5,14220,16590,16,15,16.0,0.0,0.0,6284,4713,1140.0,1140.0,Level_3
1068,60,RL,80.0,9760,Pave,Not Applicable,Reg,Lvl,Inside,Other,Norm,1Fam,2Story,6,6,1964,Gable,CompShg,HdBoard,HdBoard,BrkFace,360.0,TA,TA,CBlock,TA,TA,Gd,GLQ,674,Other,0,780,GasA,TA,Y,SBrkr,798,813,0,1611,1,1,1,4,1,TA,7,Typ,0,Not Applicable,Attchd,RFn,2,442,TA,TA,Y,0,Not Applicable,0,WD,Normal,167900,2391,645,2.5,8.5,14346,14346,44,44,44.0,1080.0,1080.0,4833,4833,1326.0,1326.0,Level_2
1069,160,RM,42.0,3964,Pave,Not Applicable,Reg,Lvl,Inside,Gtl,Norm,TwnhsE,2Story,6,4,1973,Gable,CompShg,CemntBd,CmentBd,Not Applicable,0.0,TA,TA,CBlock,Gd,TA,No,ALQ,837,Unf,105,942,GasA,Gd,Y,SBrkr,1291,1230,0,2521,1,2,1,5,1,TA,10,Other,1,Gd,Attchd,Fin,2,576,TA,TA,Y,0,GdPrv,0,WD,Normal,151400,3463,748,3.5,12.5,20778,13852,33,33,33.0,0.0,0.0,10084,7563,1728.0,1728.0,Level_1
1070,45,RL,60.0,9600,Pave,Not Applicable,Reg,Lvl,Inside,Gtl,Norm,1Fam,1.5Unf,5,7,1949,Gable,CompShg,MetalSd,MetalSd,Not Applicable,0.0,TA,TA,CBlock,TA,TA,No,ALQ,220,Unf,625,845,GasA,TA,Y,SBrkr,893,0,0,893,0,1,0,2,1,Gd,4,Typ,0,Not Applicable,Detchd,Unf,2,576,TA,TA,Y,0,Not Applicable,0,WD,Normal,135000,1738,0,1.5,5.0,8690,12166,58,4,22.0,0.0,0.0,2679,3572,1728.0,1728.0,Level_2
1071,20,RL,72.0,10152,Pave,Not Applicable,Reg,Lvl,Inside,Gtl,Norm,1Fam,1Story,5,5,1956,Other,CompShg,MetalSd,MetalSd,BrkFace,120.0,TA,TA,CBlock,TA,TA,No,BLQ,586,Unf,462,1048,GasA,TA,Y,SBrkr,1048,0,0,1048,1,1,0,3,1,TA,6,Typ,0,Not Applicable,Attchd,Unf,1,286,TA,TA,Y,0,Not Applicable,0,WD,Normal,135000,2096,212,2.0,7.0,10480,10480,51,51,51.0,360.0,360.0,3144,3144,858.0,858.0,Level_2
1072,60,RL,78.0,11700,Pave,Not Applicable,Reg,Lvl,Inside,Gtl,Other,1Fam,2Story,6,6,1968,Gable,CompShg,MetalSd,MetalSd,Not Applicable,0.0,TA,TA,CBlock,TA,TA,No,Rec,298,Unf,429,727,GasA,Ex,Y,SBrkr,829,727,0,1556,0,1,1,4,1,TA,8,Typ,0,Not Applicable,Attchd,Unf,2,441,TA,TA,Y,0,Not Applicable,0,WD,Normal,154000,2283,0,1.5,9.5,13698,13698,41,41,41.0,0.0,0.0,7780,4668,1323.0,1323.0,Level_3
1073,50,RL,50.0,7585,Pave,Not Applicable,Reg,Lvl,Inside,Gtl,Other,1Fam,1.5Fin,5,3,1948,Gable,CompShg,MetalSd,MetalSd,Not Applicable,0.0,TA,TA,CBlock,Fa,Other,Mn,Unf,0,Unf,810,810,GasA,Fa,Y,FuseA,1002,454,0,1456,1,1,0,4,1,TA,7,Typ,1,TA,Detchd,Unf,1,280,TA,TA,P,0,Not Applicable,0,WD,Normal,91500,2266,0,2.5,8.0,11330,6798,58,56,52.0,0.0,0.0,2912,4368,840.0,840.0,Level_1
1074,60,RL,75.0,7950,Pave,Not Applicable,IR1,Other,Corner,Gtl,Norm,1Fam,2Story,6,6,1977,Other,CompShg,HdBoard,Plywood,BrkFace,140.0,TA,TA,CBlock,TA,TA,No,BLQ,535,Unf,155,690,GasA,TA,Y,SBrkr,698,728,0,1426,0,1,1,3,1,TA,6,Typ,0,Not Applicable,Attchd,Fin,2,440,TA,TA,Y,0,MnPrv,0,WD,Normal,159500,2116,252,1.5,7.5,12696,12696,32,32,32.0,420.0,420.0,4278,4278,1320.0,1320.0,Level_1
1075,20,RL,74.0,8556,Pave,Not Applicable,Reg,Lvl,Inside,Gtl,Norm,1Fam,1Story,7,5,2006,Gable,CompShg,VinylSd,VinylSd,Not Applicable,0.0,Gd,TA,PConc,Gd,TA,Av,Unf,0,Unf,1240,1240,GasA,Ex,Y,SBrkr,1240,0,0,1240,0,2,0,2,1,Gd,5,Typ,0,Not Applicable,Attchd,RFn,3,826,TA,TA,Y,0,Not Applicable,0,WD,Normal,194000,2480,233,2.0,7.0,17360,12400,1,1,1.0,0.0,0.0,6200,4960,2478.0,2478.0,Level_3
1076,70,RL,75.0,13125,Pave,Not Applicable,Reg,Lvl,Inside,Gtl,Norm,1Fam,2Story,7,6,1940,Gable,CompShg,Wd Sdng,Wd Sdng,Not Applicable,0.0,TA,TA,CBlock,TA,TA,No,BLQ,410,Unf,390,800,GasA,TA,Y,SBrkr,960,780,0,1740,0,1,1,3,1,TA,6,Typ,2,Gd,Attchd,Unf,1,240,TA,TA,Y,0,Not Applicable,0,CWD,Normal,219500,2540,0,1.5,7.5,17780,15240,67,23,67.0,0.0,0.0,5220,5220,720.0,720.0,Level_4
1077,50,RL,60.0,10800,Pave,Grvl,Reg,Lvl,Inside,Gtl,Norm,1Fam,1.5Fin,5,8,1936,Gable,CompShg,Wd Sdng,Wd Sdng,Not Applicable,0.0,TA,TA,CBlock,Fa,TA,No,ALQ,626,Unf,170,796,GasA,Gd,Y,SBrkr,1096,370,0,1466,0,2,0,3,1,Gd,7,Other,1,TA,Attchd,Unf,2,566,TA,TA,Y,0,Not Applicable,500,WD,Normal,170000,2262,457,2.5,9.0,11310,18096,70,17,56.0,0.0,0.0,5864,5864,1698.0,1698.0,Level_1
1078,20,RL,69.0,15870,Pave,Not Applicable,IR1,Lvl,Corner,Gtl,Norm,1Fam,1Story,5,5,1969,Gable,CompShg,VinylSd,Plywood,Not Applicable,0.0,TA,TA,CBlock,TA,TA,Mn,BLQ,75,Other,230,1096,GasA,Ex,Y,SBrkr,1096,0,0,1096,1,1,0,3,1,TA,6,Typ,0,Not Applicable,Attchd,Fin,1,299,TA,TA,Y,0,Not Applicable,0,WD,Abnorml,138800,2192,272,2.0,7.0,10960,10960,37,37,37.0,0.0,0.0,5480,3288,897.0,897.0,Level_2
1079,120,RM,37.0,4435,Pave,Not Applicable,Reg,Lvl,Inside,Gtl,Norm,TwnhsE,1Story,6,5,2004,Gable,CompShg,VinylSd,VinylSd,BrkFace,169.0,Gd,TA,PConc,Gd,TA,Mn,GLQ,662,Unf,186,848,GasA,Ex,Y,SBrkr,848,0,0,848,1,1,0,1,1,Gd,3,Typ,1,Gd,Attchd,RFn,2,420,TA,TA,Y,0,Not Applicable,0,WD,Normal,155900,1696,140,2.0,4.0,10176,8480,2,2,2.0,676.0,507.0,4240,3392,1260.0,1260.0,Level_3
1080,20,RL,65.0,8775,Pave,Not Applicable,Reg,Lvl,Inside,Gtl,Norm,1Fam,1Story,5,5,1994,Gable,CompShg,VinylSd,VinylSd,Not Applicable,0.0,TA,TA,PConc,Gd,TA,No,GLQ,495,Unf,495,990,GasA,Gd,Y,SBrkr,990,0,0,990,0,1,0,3,1,TA,5,Typ,0,Not Applicable,Attchd,Unf,1,299,TA,TA,Y,0,Not Applicable,0,WD,Normal,126000,1980,64,1.0,6.0,9900,9900,13,13,11.0,0.0,0.0,3960,2970,897.0,897.0,Level_3
1081,20,RL,80.0,11040,Pave,Not Applicable,Reg,Lvl,Inside,Gtl,Norm,1Fam,1Story,6,7,1971,Gable,CompShg,VinylSd,VinylSd,BrkFace,144.0,Gd,Gd,CBlock,TA,TA,No,ALQ,656,Unf,602,1258,GasA,Ex,Y,SBrkr,1258,0,0,1258,0,2,0,3,1,Gd,5,Typ,0,Not Applicable,Attchd,RFn,2,528,TA,TA,Y,0,Not Applicable,0,COD,Abnorml,145000,2516,271,2.5,7.0,15096,17612,37,4,37.0,576.0,576.0,6290,5032,1584.0,1584.0,Level_3
1082,20,RL,75.0,7500,Pave,Not Applicable,Reg,Lvl,Corner,Gtl,Other,1Fam,1Story,5,5,1963,Gable,CompShg,HdBoard,HdBoard,Not Applicable,0.0,TA,TA,CBlock,TA,TA,No,ALQ,824,Unf,216,1040,GasA,Fa,Y,SBrkr,1040,0,0,1040,1,1,1,3,1,TA,5,Typ,0,Not Applicable,Attchd,Fin,1,308,TA,TA,Y,0,MnPrv,0,WD,Normal,133000,2080,220,2.5,6.5,10400,10400,47,47,47.0,0.0,0.0,2080,3120,924.0,924.0,Level_2
1083,20,RL,70.0,8749,Pave,Not Applicable,Reg,Lvl,Inside,Gtl,Norm,1Fam,1Story,7,5,2002,Gable,CompShg,VinylSd,VinylSd,BrkFace,100.0,Gd,TA,PConc,Gd,TA,No,Unf,0,Unf,1459,1459,GasA,Ex,Y,SBrkr,1459,0,0,1459,0,2,0,3,1,Gd,6,Typ,1,Gd,Attchd,RFn,2,527,TA,TA,Y,0,Not Applicable,0,WD,Normal,192000,2918,231,2.0,8.0,20426,14590,5,5,5.0,400.0,300.0,7295,5836,1581.0,1581.0,Level_3
1084,20,RL,80.0,8800,Pave,Not Applicable,Reg,Lvl,Inside,Gtl,Norm,1Fam,1Story,6,6,1964,Other,CompShg,HdBoard,HdBoard,BrkFace,425.0,TA,TA,CBlock,TA,TA,No,BLQ,553,Unf,698,1251,GasA,TA,Y,SBrkr,1251,0,0,1251,1,1,0,3,1,TA,6,Typ,2,Gd,Attchd,RFn,1,461,TA,TA,Y,0,MnPrv,700,WD,Normal,160000,2502,116,2.0,7.0,15012,15012,42,42,42.0,1275.0,1275.0,3753,3753,1383.0,1383.0,Level_2
1085,60,RL,69.0,13031,Pave,Not Applicable,IR2,Lvl,Corner,Gtl,Norm,1Fam,2Story,6,5,1995,Gable,CompShg,HdBoard,HdBoard,Not Applicable,0.0,TA,TA,PConc,Gd,TA,No,ALQ,592,Unf,99,691,GasA,Gd,Y,SBrkr,691,807,0,1498,0,2,1,3,1,TA,6,Typ,1,TA,Attchd,Fin,2,409,TA,TA,Y,0,Not Applicable,0,WD,Normal,187500,2189,359,2.5,8.5,13134,10945,11,10,11.0,0.0,0.0,5992,4494,1227.0,1227.0,Level_3
1086,85,RL,73.0,9069,Pave,Not Applicable,Reg,Lvl,Inside,Gtl,Norm,1Fam,SFoyer,6,6,1992,Gable,CompShg,HdBoard,HdBoard,Not Applicable,0.0,TA,TA,PConc,Gd,TA,Av,GLQ,747,Unf,189,936,GasA,Ex,Y,SBrkr,996,0,0,996,1,1,0,2,1,Gd,5,Typ,0,Not Applicable,Attchd,Unf,2,564,TA,TA,Y,0,Not Applicable,0,WD,Normal,147000,1932,120,2.0,6.0,11592,11592,18,18,18.0,0.0,0.0,4980,3984,1692.0,1692.0,Level_3
1087,160,RM,69.0,1974,Pave,Not Applicable,Reg,Lvl,Inside,Gtl,Norm,TwnhsE,2Story,4,5,1973,Gable,CompShg,CemntBd,CmentBd,Not Applicable,0.0,TA,TA,CBlock,TA,TA,No,BLQ,334,Unf,212,546,GasA,TA,Y,SBrkr,546,546,0,1092,0,1,1,3,1,TA,6,Typ,0,Not Applicable,Attchd,RFn,1,286,TA,TA,Y,0,Not Applicable,0,WD,Normal,83500,1638,216,1.5,7.5,6552,8190,37,37,37.0,0.0,0.0,3276,3276,858.0,858.0,Level_1
1088,60,FV,85.0,10574,Pave,Not Applicable,Reg,Lvl,Inside,Gtl,Norm,1Fam,2Story,8,5,2005,Gable,CompShg,VinylSd,VinylSd,Not Applicable,0.0,Gd,TA,PConc,Gd,TA,Mn,Unf,0,Unf,1082,1082,GasA,Ex,Y,SBrkr,1082,871,0,1953,0,2,1,3,1,Gd,9,Typ,1,Gd,Attchd,RFn,3,1043,TA,TA,Y,0,Not Applicable,0,WD,Normal,252000,3035,210,2.5,11.5,24280,15175,4,3,4.0,0.0,0.0,9765,7812,3129.0,3129.0,Level_4
1089,160,RM,24.0,2522,Pave,Not Applicable,Reg,Lvl,Inside,Gtl,Norm,Twnhs,2Story,7,5,2004,Gable,CompShg,VinylSd,VinylSd,Stone,50.0,Gd,TA,PConc,Gd,TA,No,Unf,0,Unf,970,970,GasA,Ex,Y,SBrkr,970,739,0,1709,0,2,0,3,1,Gd,7,Other,0,Not Applicable,Detchd,Unf,2,380,TA,TA,Y,0,Not Applicable,0,WD,Normal,137500,2679,40,2.0,9.0,18753,13395,2,2,2.0,200.0,150.0,8545,6836,1140.0,1140.0,Level_1
1090,120,FV,37.0,3316,Pave,Pave,IR1,Lvl,Inside,Gtl,Norm,TwnhsE,1Story,8,5,2005,Gable,CompShg,MetalSd,MetalSd,Not Applicable,0.0,Gd,TA,PConc,Gd,TA,No,GLQ,1039,Unf,208,1247,GasA,Ex,Y,SBrkr,1247,0,0,1247,1,1,1,1,1,Gd,4,Typ,1,Gd,Attchd,Fin,2,550,TA,TA,Y,0,Not Applicable,0,WD,Normal,197000,2494,84,2.5,5.5,19952,12470,1,1,1.0,0.0,0.0,6235,4988,1650.0,1650.0,Level_4
1091,90,RL,60.0,8544,Pave,Not Applicable,Reg,Lvl,Corner,Gtl,Norm,Duplex,1Story,3,4,1950,Gable,CompShg,BrkFace,BrkFace,Not Applicable,0.0,TA,TA,Slab,Not Applicable,Other,Not Applicable,Not Applicable,0,Other,0,0,Other,Fa,N,FuseA,1040,0,0,1040,0,2,0,2,2,TA,6,Typ,0,Not Applicable,Detchd,Unf,2,400,TA,TA,Y,0,Not Applicable,0,WD,Normal,92900,1040,0,2.0,8.0,3120,4160,59,59,22.0,0.0,0.0,2080,3120,1200.0,1200.0,Level_2
1092,160,FV,24.0,2160,Pave,Pave,Reg,Lvl,Inside,Gtl,Norm,Twnhs,2Story,7,5,1999,Gable,CompShg,MetalSd,MetalSd,BrkFace,212.0,Gd,TA,PConc,Gd,TA,No,BLQ,510,Unf,90,600,GasA,Ex,Y,SBrkr,624,628,0,1252,1,2,1,2,1,Gd,4,Typ,0,Not Applicable,Detchd,Unf,2,462,TA,TA,Y,0,Not Applicable,0,WD,Normal,160000,1852,48,3.5,6.5,12964,9260,9,8,9.0,848.0,636.0,6260,5008,1386.0,1386.0,Level_4
1093,50,RL,60.0,8400,Pave,Not Applicable,Reg,Other,Inside,Gtl,Norm,1Fam,1.5Fin,6,5,1925,Gable,CompShg,MetalSd,MetalSd,Not Applicable,0.0,TA,TA,PConc,TA,TA,No,Rec,423,Unf,758,1181,GasA,Fa,Y,SBrkr,1390,304,0,1694,0,2,0,4,1,TA,7,Typ,1,Gd,Detchd,Unf,2,576,TA,TA,Y,0,Not Applicable,0,WD,Normal,136500,2875,470,2.0,9.0,17250,14375,83,58,83.0,0.0,0.0,3388,5082,1728.0,1728.0,Level_2
1094,20,RL,71.0,9230,Pave,Not Applicable,Reg,Lvl,Corner,Gtl,Other,1Fam,1Story,5,8,1965,Other,CompShg,MetalSd,MetalSd,BrkFace,166.0,TA,TA,CBlock,TA,TA,Mn,GLQ,661,Unf,203,864,GasA,Gd,Y,SBrkr,1200,0,0,1200,1,1,1,1,1,Gd,6,Typ,0,Not Applicable,Detchd,Unf,2,884,TA,TA,Y,0,MnPrv,0,WD,Normal,146000,2064,64,2.5,7.5,10320,16512,41,8,29.0,498.0,498.0,4800,4800,2652.0,2652.0,Level_2
1095,20,RL,74.0,5868,Pave,Not Applicable,Reg,Lvl,Inside,Gtl,Norm,1Fam,1Story,5,7,1956,Gable,CompShg,MetalSd,MetalSd,Not Applicable,0.0,TA,TA,CBlock,TA,TA,No,BLQ,248,Other,448,936,GasA,Ex,Y,SBrkr,936,0,0,936,1,1,0,2,1,TA,4,Typ,0,Not Applicable,Attchd,Fin,1,308,TA,TA,Y,0,Not Applicable,0,WD,Normal,129000,1872,240,2.0,5.0,9360,13104,54,10,54.0,0.0,0.0,4680,2808,924.0,924.0,Level_2
1096,20,RL,78.0,9317,Pave,Not Applicable,IR1,Lvl,Inside,Gtl,Norm,1Fam,1Story,6,5,2006,Gable,CompShg,VinylSd,VinylSd,Not Applicable,0.0,Gd,TA,PConc,Gd,TA,No,GLQ,24,Unf,1290,1314,GasA,Gd,Y,SBrkr,1314,0,0,1314,0,2,0,3,1,Gd,6,Typ,1,Gd,Attchd,RFn,2,440,TA,TA,Y,0,Not Applicable,0,WD,Normal,176432,2628,22,2.0,8.0,15768,13140,1,1,1.0,0.0,0.0,5256,5256,1320.0,1320.0,Level_3
1097,70,RM,60.0,6882,Pave,Not Applicable,Reg,Lvl,Inside,Gtl,Norm,1Fam,2Story,6,7,1914,Gable,CompShg,Wd Sdng,Wd Sdng,Not Applicable,0.0,TA,TA,PConc,TA,TA,No,Unf,0,Unf,684,684,GasA,TA,Y,SBrkr,773,582,0,1355,0,1,1,3,1,Gd,7,Typ,0,Not Applicable,Not Applicable,Not Applicable,0,0,Other,Other,Y,0,Not Applicable,0,WD,Normal,127000,2039,251,1.5,8.5,12234,14273,93,1,27.0,0.0,0.0,4065,5420,,,Level_1
1098,120,RL,69.0,3696,Pave,Not Applicable,Reg,Lvl,Inside,Gtl,Norm,TwnhsE,1Story,8,5,1986,Gable,CompShg,HdBoard,HdBoard,Not Applicable,0.0,Gd,TA,CBlock,Gd,TA,No,Unf,0,Unf,1074,1074,GasA,Ex,Y,SBrkr,1088,0,0,1088,0,1,1,2,1,Gd,5,Typ,0,Not Applicable,Attchd,RFn,2,461,TA,TA,Y,0,Not Applicable,0,WD,Normal,170000,2162,211,1.5,6.5,17296,10810,21,21,20.0,0.0,0.0,5440,4352,1383.0,1383.0,Level_4
1099,50,RM,50.0,6000,Pave,Not Applicable,Reg,Lvl,Inside,Gtl,Norm,1Fam,1.5Fin,4,6,1936,Gable,CompShg,MetalSd,MetalSd,Not Applicable,0.0,TA,TA,BrkTil,TA,TA,No,BLQ,672,Unf,0,672,GasA,TA,Y,SBrkr,757,567,0,1324,0,1,0,3,1,TA,6,Typ,0,Not Applicable,Detchd,Unf,1,240,TA,TA,Y,0,Not Applicable,0,WD,Normal,128000,1996,0,1.0,7.0,7984,11976,73,59,73.0,0.0,0.0,3972,3972,720.0,720.0,Level_1
1100,20,RL,82.0,11880,Pave,Not Applicable,IR1,Lvl,Inside,Gtl,Other,1Fam,1Story,7,5,1978,Gable,CompShg,Plywood,Plywood,BrkFace,206.0,TA,TA,CBlock,Gd,TA,No,ALQ,704,Unf,567,1271,GasA,TA,Y,SBrkr,1601,0,0,1601,0,2,0,3,1,TA,7,Typ,1,TA,Attchd,RFn,2,478,TA,TA,Y,0,Not Applicable,0,COD,Abnorml,157000,2872,0,2.0,9.0,20104,14360,31,31,31.0,618.0,618.0,4803,4803,1434.0,1434.0,Level_3
1101,30,RL,60.0,8400,Pave,Not Applicable,Reg,Other,Inside,Gtl,Norm,1Fam,1Story,2,5,1920,Gable,CompShg,Wd Sdng,Wd Sdng,Not Applicable,0.0,TA,TA,CBlock,TA,Other,No,Rec,290,Unf,0,290,GasA,TA,N,FuseF,438,0,0,438,0,1,0,1,1,Fa,3,Typ,0,Not Applicable,Detchd,Unf,1,246,TA,TA,N,0,Not Applicable,0,WD,Normal,60000,728,0,1.0,4.0,1456,3640,89,59,79.0,0.0,0.0,1314,876,738.0,738.0,Level_2
1102,20,RL,61.0,9758,Pave,Not Applicable,IR1,Lvl,Inside,Gtl,Norm,1Fam,1Story,5,5,1971,Gable,CompShg,HdBoard,MetalSd,Not Applicable,0.0,TA,TA,CBlock,TA,TA,No,BLQ,412,Other,251,950,GasA,TA,Y,SBrkr,950,0,0,950,0,1,0,3,1,TA,5,Typ,0,Not Applicable,Detchd,Unf,1,280,TA,TA,Y,0,Not Applicable,0,WD,Normal,119500,1900,0,1.0,6.0,9500,9500,36,36,26.0,0.0,0.0,2850,2850,840.0,840.0,Level_2
1103,20,RL,70.0,7000,Pave,Not Applicable,Reg,Lvl,Inside,Gtl,Norm,1Fam,1Story,5,7,1960,Gable,CompShg,Wd Sdng,Wd Sdng,BrkFace,45.0,TA,TA,CBlock,TA,TA,No,Rec,588,Unf,422,1010,GasA,Ex,Y,SBrkr,1134,0,0,1134,0,1,0,2,1,TA,6,Typ,0,Not Applicable,Attchd,RFn,1,254,TA,TA,Y,0,MnWw,0,WD,Family,135000,2144,16,1.0,7.0,10720,15008,47,5,47.0,135.0,135.0,5670,3402,762.0,762.0,Level_2
1104,20,RL,79.0,8910,Pave,Not Applicable,Reg,Lvl,Corner,Gtl,Norm,1Fam,1Story,6,6,1959,Other,CompShg,BrkFace,BrkFace,Not Applicable,0.0,TA,TA,CBlock,TA,TA,Mn,ALQ,655,Unf,0,655,GasA,Ex,Y,SBrkr,1194,0,0,1194,0,1,0,3,1,TA,6,Typ,1,Fa,BuiltIn,Fin,2,539,TA,TA,Y,0,Not Applicable,0,WD,Normal,159500,1849,192,1.5,7.0,11094,11094,47,47,52.0,0.0,0.0,5970,3582,1617.0,1617.0,Level_2
1105,160,RM,24.0,2016,Pave,Not Applicable,Reg,Lvl,Inside,Gtl,Norm,TwnhsE,2Story,5,5,1970,Gable,CompShg,HdBoard,HdBoard,BrkFace,304.0,TA,TA,CBlock,TA,TA,No,Unf,0,Unf,630,630,GasA,TA,Y,SBrkr,630,672,0,1302,0,2,1,3,1,TA,6,Typ,0,Not Applicable,Detchd,Unf,2,440,TA,TA,Y,0,Not Applicable,0,WD,Normal,106000,1932,0,2.5,8.5,9660,9660,37,37,37.0,912.0,912.0,3906,3906,1320.0,1320.0,Level_1
1106,60,RL,98.0,12256,Pave,Not Applicable,IR1,Lvl,Corner,Gtl,Norm,1Fam,2Story,8,5,1994,Gable,CompShg,HdBoard,HdBoard,BrkFace,362.0,Gd,TA,PConc,Ex,TA,Av,GLQ,1032,Unf,431,1463,GasA,Ex,Y,SBrkr,1500,1122,0,2622,1,2,1,3,1,Gd,9,Typ,2,TA,Attchd,RFn,2,712,TA,TA,Y,0,Not Applicable,0,WD,Normal,325000,4085,218,3.5,11.5,32680,20425,16,15,16.0,1448.0,1086.0,13110,10488,2136.0,2136.0,Level_4
1107,20,RL,114.0,10357,Pave,Not Applicable,IR1,Lvl,Corner,Gtl,Other,1Fam,1Story,7,5,1990,Other,CompShg,HdBoard,HdBoard,Not Applicable,0.0,Gd,TA,PConc,Gd,TA,Mn,GLQ,738,Unf,172,910,GasA,Gd,Y,SBrkr,1442,0,0,1442,1,2,0,3,1,Gd,6,Typ,1,TA,Attchd,Fin,2,719,TA,TA,Y,0,Not Applicable,0,WD,Normal,179900,2352,244,3.0,8.0,16464,11760,17,16,17.0,0.0,0.0,5768,5768,2157.0,2157.0,Level_3
1108,60,RL,168.0,23257,Pave,Not Applicable,IR3,Other,CulDSac,Gtl,Norm,1Fam,2Story,7,5,2006,Gable,CompShg,VinylSd,VinylSd,Not Applicable,0.0,Gd,TA,PConc,Ex,Other,No,Unf,0,Unf,868,868,GasA,Ex,Y,SBrkr,887,1134,0,2021,0,2,1,3,1,Gd,9,Typ,1,Gd,BuiltIn,RFn,2,422,TA,TA,Y,0,Not Applicable,0,New,Partial,274725,2889,100,2.5,11.5,20223,14445,0,0,0.0,0.0,0.0,10105,8084,1266.0,1266.0,Level_3
1109,60,RL,69.0,8063,Pave,Not Applicable,Reg,Lvl,Inside,Gtl,Norm,1Fam,2Story,6,5,2000,Gable,CompShg,VinylSd,VinylSd,Not Applicable,0.0,TA,TA,PConc,Gd,TA,No,Unf,0,Unf,924,924,GasA,Ex,Y,SBrkr,948,742,0,1690,0,2,1,3,1,TA,7,Typ,1,TA,Attchd,RFn,2,463,TA,TA,Y,0,Not Applicable,0,WD,Abnorml,181000,2614,148,2.5,9.5,15684,13070,7,7,7.0,0.0,0.0,8450,5070,1389.0,1389.0,Level_3
1110,20,RL,107.0,11362,Pave,Not Applicable,IR1,Lvl,Inside,Gtl,Norm,1Fam,1Story,8,5,2004,Gable,CompShg,MetalSd,MetalSd,Stone,42.0,Gd,TA,PConc,Ex,TA,Mn,GLQ,1039,Unf,797,1836,GasA,Ex,Y,SBrkr,1836,0,0,1836,1,2,0,3,1,Gd,7,Typ,1,Gd,Attchd,Fin,3,862,TA,TA,Y,0,Not Applicable,0,WD,Normal,280000,3672,310,3.0,9.0,29376,18360,5,4,5.0,168.0,126.0,9180,7344,2586.0,2586.0,Level_4
1111,60,RL,69.0,8000,Pave,Not Applicable,Reg,Lvl,Inside,Gtl,Norm,1Fam,2Story,6,5,1995,Gable,CompShg,HdBoard,HdBoard,Not Applicable,0.0,TA,TA,PConc,Gd,TA,No,GLQ,219,Unf,554,773,GasA,Gd,Y,SBrkr,773,885,0,1658,1,2,1,3,1,TA,8,Typ,1,TA,Attchd,Fin,2,431,TA,TA,Y,0,Not Applicable,0,WD,Normal,188000,2431,308,3.5,10.5,14586,12155,13,12,13.0,0.0,0.0,6632,4974,1293.0,1293.0,Level_3
1112,60,RL,80.0,10480,Pave,Not Applicable,Reg,Lvl,Inside,Gtl,Norm,1Fam,2Story,7,6,1976,Other,CompShg,Plywood,Plywood,BrkFace,660.0,TA,TA,CBlock,TA,TA,No,ALQ,403,Unf,400,803,GasA,TA,Y,SBrkr,1098,866,0,1964,0,2,1,4,1,TA,8,Typ,1,Gd,Attchd,RFn,2,483,TA,TA,Y,0,Not Applicable,0,WD,Normal,205000,2767,69,2.5,10.5,19369,16602,32,32,32.0,1980.0,1980.0,5892,5892,1449.0,1449.0,Level_3
1113,20,RL,73.0,7100,Pave,Not Applicable,IR1,Lvl,Corner,Gtl,Norm,1Fam,1Story,5,7,1957,Gable,CompShg,WdShing,Wd Shng,Not Applicable,0.0,TA,TA,CBlock,TA,TA,No,GLQ,708,Unf,108,816,GasA,TA,Y,FuseA,816,0,0,816,1,1,0,2,1,TA,5,Typ,0,Not Applicable,Detchd,Unf,1,308,TA,TA,Y,0,Not Applicable,0,WD,Normal,129900,1632,0,2.0,6.0,8160,11424,49,49,49.0,0.0,0.0,2448,2448,924.0,924.0,Level_2
1114,20,RL,66.0,8923,Pave,Not Applicable,Reg,Lvl,Inside,Gtl,Norm,1Fam,1Story,5,7,1953,Gable,CompShg,Wd Sdng,Wd Sdng,Not Applicable,0.0,TA,TA,CBlock,TA,TA,No,BLQ,643,Unf,365,1008,GasA,Gd,Y,SBrkr,1008,0,0,1008,1,1,0,2,1,Gd,6,Typ,0,Not Applicable,Attchd,Unf,1,240,TA,TA,Y,0,Not Applicable,0,WD,Normal,134500,2016,18,2.0,7.0,10080,14112,54,1,54.0,0.0,0.0,4032,4032,720.0,720.0,Level_2
1115,20,RL,90.0,5400,Pave,Not Applicable,Reg,Lvl,Inside,Gtl,Norm,1Fam,1Story,5,7,1954,Gable,CompShg,MetalSd,MetalSd,Not Applicable,0.0,TA,Gd,CBlock,TA,TA,No,Rec,415,Unf,418,833,GasA,Ex,Y,SBrkr,833,0,0,833,0,1,0,2,1,Gd,4,Typ,0,Not Applicable,Detchd,Unf,1,326,TA,TA,Y,0,MnPrv,0,WD,Normal,117000,1666,0,1.0,5.0,8330,11662,52,6,51.0,0.0,0.0,4165,3332,978.0,978.0,Level_1
1116,20,RL,93.0,12085,Pave,Not Applicable,Reg,Lvl,Inside,Gtl,Norm,1Fam,1Story,8,5,2007,Other,CompShg,VinylSd,VinylSd,Stone,328.0,Gd,TA,PConc,Ex,TA,No,GLQ,1004,Unf,730,1734,GasA,Ex,Y,SBrkr,1734,0,0,1734,1,2,0,3,1,Ex,7,Typ,1,Gd,Attchd,RFn,3,928,TA,TA,Y,0,Not Applicable,0,New,Partial,318000,3468,0,3.0,9.0,27744,17340,0,0,0.0,1312.0,984.0,8670,8670,2784.0,2784.0,Level_4
1117,80,RL,69.0,7750,Pave,Not Applicable,Reg,Lvl,Inside,Gtl,Norm,1Fam,SLvl,8,5,2002,Other,CompShg,VinylSd,VinylSd,Not Applicable,0.0,Gd,TA,PConc,Gd,TA,No,GLQ,353,Unf,55,408,GasA,Ex,Y,SBrkr,779,640,0,1419,1,2,1,3,1,Gd,7,Typ,1,TA,BuiltIn,Fin,2,527,TA,TA,Y,0,Not Applicable,0,WD,Normal,184100,1827,120,3.5,9.5,14616,9135,7,7,7.0,0.0,0.0,7095,5676,1581.0,1581.0,Level_3
1118,20,RL,57.0,9764,Pave,Not Applicable,IR1,Lvl,FR2,Gtl,Other,1Fam,1Story,5,7,1967,Gable,CompShg,VinylSd,VinylSd,Not Applicable,0.0,TA,TA,CBlock,TA,TA,No,BLQ,702,Unf,192,894,GasA,Ex,Y,SBrkr,894,0,0,894,1,1,0,3,1,Gd,5,Typ,0,Not Applicable,Attchd,RFn,2,450,TA,TA,Y,0,Not Applicable,0,WD,Normal,130000,1788,0,2.0,6.0,8940,12516,41,5,41.0,0.0,0.0,4470,3576,1350.0,1350.0,Level_2
1119,80,RL,85.0,13825,Pave,Not Applicable,Reg,Lvl,Inside,Gtl,Norm,1Fam,SLvl,5,6,1958,Gable,CompShg,MetalSd,MetalSd,Not Applicable,0.0,TA,Gd,CBlock,TA,TA,No,Unf,0,Unf,533,533,GasA,TA,Y,SBrkr,1021,580,0,1601,0,1,0,3,1,TA,6,Other,0,Not Applicable,BuiltIn,RFn,1,300,TA,TA,Y,0,Not Applicable,0,WD,Normal,140000,2134,314,1.5,7.0,10670,12804,50,21,50.0,0.0,0.0,4803,4803,900.0,900.0,Level_2
1120,20,RL,70.0,7560,Pave,Not Applicable,Reg,Lvl,Inside,Gtl,Norm,1Fam,1Story,5,5,1959,Gable,CompShg,BrkFace,Wd Sdng,Not Applicable,0.0,TA,TA,CBlock,TA,TA,No,LwQ,369,Unf,671,1040,GasA,TA,Y,FuseA,1040,0,0,1040,0,1,0,3,1,TA,6,Typ,0,Not Applicable,Attchd,RFn,1,286,TA,TA,Y,0,GdWo,0,WD,Normal,133700,2080,392,1.0,7.0,10400,10400,47,47,47.0,0.0,0.0,3120,3120,858.0,858.0,Level_2
1121,30,RM,59.0,8263,Pave,Not Applicable,Reg,Other,Inside,Other,Norm,1Fam,1Story,6,5,1920,Gable,CompShg,BrkFace,BrkFace,Not Applicable,0.0,TA,TA,BrkTil,TA,TA,No,Unf,0,Unf,1012,1012,GasA,TA,Y,FuseA,1012,0,0,1012,0,1,0,2,1,TA,6,Typ,1,Gd,Detchd,Unf,1,308,TA,TA,Y,0,MnPrv,0,WD,Normal,118400,2024,134,1.0,7.0,12144,10120,87,57,87.0,0.0,0.0,3036,3036,924.0,924.0,Level_1
1122,20,RL,84.0,10084,Pave,Not Applicable,Reg,Lvl,Inside,Gtl,Norm,1Fam,1Story,7,5,2005,Gable,CompShg,VinylSd,VinylSd,BrkFace,196.0,Gd,TA,PConc,Gd,TA,Av,GLQ,24,Unf,1528,1552,GasA,Ex,Y,SBrkr,1552,0,0,1552,0,2,0,3,1,Gd,7,Typ,0,Not Applicable,Attchd,RFn,3,782,TA,TA,Y,0,Not Applicable,0,New,Partial,212900,3104,164,2.0,9.0,21728,15520,1,0,1.0,784.0,588.0,7760,6208,2346.0,2346.0,Level_3
1123,20,RL,69.0,8926,Pave,Not Applicable,IR1,Lvl,Corner,Gtl,Norm,1Fam,1Story,4,3,1956,Gable,CompShg,AsbShng,AsbShng,Not Applicable,0.0,TA,TA,CBlock,TA,TA,No,Unf,0,Unf,672,672,GasA,Ex,Y,FuseA,960,0,0,960,0,1,0,3,1,TA,5,Typ,0,Not Applicable,Basment,Unf,1,288,TA,TA,Y,0,MnPrv,0,COD,Abnorml,112000,1632,224,1.0,6.0,6528,4896,53,53,53.0,0.0,0.0,4800,2880,864.0,864.0,Level_1
1124,20,RL,50.0,9405,Pave,Not Applicable,Reg,Lvl,Inside,Gtl,Norm,1Fam,1Story,5,9,1947,Other,CompShg,VinylSd,VinylSd,Not Applicable,0.0,TA,Ex,CBlock,TA,TA,No,Unf,0,Unf,698,698,GasA,Ex,Y,SBrkr,698,0,0,698,0,1,0,2,1,TA,4,Typ,0,Not Applicable,Not Applicable,Not Applicable,0,0,Other,Other,Y,0,Not Applicable,0,WD,Normal,118000,1396,200,1.5,5.0,6980,12564,62,1,29.0,0.0,0.0,3490,2094,,,Level_1
1125,80,RL,69.0,9125,Pave,Not Applicable,IR1,Lvl,Inside,Gtl,Norm,1Fam,SLvl,7,5,1992,Gable,CompShg,HdBoard,HdBoard,BrkFace,170.0,TA,TA,PConc,Gd,TA,No,Unf,0,Unf,384,384,GasA,Gd,Y,SBrkr,812,670,0,1482,0,2,1,3,1,Gd,7,Typ,1,TA,Attchd,Fin,2,392,TA,TA,Y,0,Not Applicable,0,WD,Normal,163900,1866,125,2.5,9.5,13062,9330,15,15,15.0,510.0,510.0,5928,5928,1176.0,1176.0,Level_3
1126,20,RL,60.0,10434,Pave,Not Applicable,Reg,Lvl,Inside,Gtl,Norm,1Fam,1Story,4,5,1955,Gable,CompShg,Plywood,Plywood,Not Applicable,0.0,TA,TA,CBlock,TA,TA,No,Unf,0,Unf,1005,1005,GasA,TA,Y,SBrkr,1005,0,0,1005,0,1,0,2,1,Fa,5,Typ,1,TA,Detchd,Unf,2,672,Other,Other,Y,0,Not Applicable,0,WD,Normal,115000,2010,0,1.0,6.0,8040,10050,54,54,32.0,0.0,0.0,3015,2010,1344.0,1344.0,Level_2
1127,120,RL,53.0,3684,Pave,Not Applicable,Reg,Lvl,Inside,Gtl,Norm,TwnhsE,1Story,7,5,2007,Other,CompShg,VinylSd,VinylSd,BrkFace,130.0,Gd,TA,PConc,Gd,TA,No,Unf,0,Unf,1373,1373,GasA,Ex,Y,SBrkr,1555,0,0,1555,0,2,0,2,1,Gd,7,Typ,1,TA,Attchd,Fin,3,660,TA,TA,Y,0,Not Applicable,0,WD,Normal,174000,2928,163,2.0,9.0,20496,14640,2,2,2.0,520.0,390.0,7775,6220,1980.0,1980.0,Level_3
1128,20,RL,182.0,14572,Pave,Not Applicable,IR3,Lvl,Corner,Gtl,Norm,1Fam,1Story,7,5,2004,Other,CompShg,VinylSd,VinylSd,Not Applicable,0.0,Gd,TA,PConc,Gd,TA,Av,GLQ,1300,Unf,230,1530,GasA,Ex,Y,SBrkr,1530,0,0,1530,1,2,0,3,1,Gd,7,Typ,1,Gd,Attchd,Fin,3,630,TA,TA,Y,0,Not Applicable,0,WD,Family,259000,3060,180,3.0,9.0,21420,15300,3,3,3.0,0.0,0.0,7650,6120,1890.0,1890.0,Level_3
1129,60,RL,59.0,11796,Pave,Not Applicable,IR1,Lvl,Inside,Gtl,Norm,1Fam,2Story,7,5,2004,Gable,CompShg,VinylSd,VinylSd,Not Applicable,0.0,Gd,TA,PConc,Gd,TA,Av,Unf,0,Unf,847,847,GasA,Ex,Y,SBrkr,847,1112,0,1959,0,2,1,4,1,Gd,8,Typ,1,Gd,BuiltIn,Fin,2,434,TA,TA,Y,0,Not Applicable,0,WD,Normal,215000,2806,148,2.5,10.5,19642,14030,3,2,3.0,0.0,0.0,9795,7836,1302.0,1302.0,Level_3
1130,90,RM,60.0,7200,Pave,Grvl,Reg,Lvl,Inside,Gtl,Norm,Duplex,SFoyer,5,5,1980,Gable,CompShg,MetalSd,MetalSd,BrkFace,180.0,TA,TA,CBlock,Gd,TA,Gd,GLQ,936,Unf,0,936,GasA,TA,Y,SBrkr,936,0,0,936,1,1,0,2,1,TA,4,Typ,0,Not Applicable,Detchd,Unf,2,672,TA,TA,Y,0,Not Applicable,0,WD,Normal,140000,1872,49,2.0,5.0,9360,9360,27,27,27.0,540.0,540.0,2808,2808,2016.0,2016.0,Level_1
1131,50,RL,65.0,7804,Pave,Not Applicable,Reg,Lvl,Inside,Gtl,Norm,1Fam,1.5Fin,4,3,1928,Gable,CompShg,WdShing,Plywood,Not Applicable,0.0,TA,TA,BrkTil,TA,TA,No,BLQ,622,Unf,500,1122,GasA,TA,Y,SBrkr,1328,653,0,1981,1,2,0,4,1,Gd,7,Other,2,TA,Detchd,Unf,2,576,TA,TA,Y,0,MnPrv,0,WD,Normal,135000,3103,475,3.0,9.0,12412,9309,81,59,28.0,0.0,0.0,5943,7924,1728.0,1728.0,Level_2
1132,20,RL,63.0,10712,Pave,Not Applicable,Reg,Lvl,Inside,Gtl,Norm,1Fam,1Story,5,5,1991,Gable,CompShg,HdBoard,HdBoard,Not Applicable,0.0,TA,TA,PConc,Gd,TA,Mn,BLQ,212,Unf,762,974,GasA,TA,Y,SBrkr,974,0,0,974,0,1,0,3,1,TA,5,Typ,0,Not Applicable,Not Applicable,Not Applicable,0,0,Other,Other,Y,0,MnPrv,0,Oth,Abnorml,93500,1948,28,1.0,6.0,9740,9740,16,15,27.0,0.0,0.0,2922,2922,,,Level_2
1133,70,RM,90.0,9900,Pave,Not Applicable,Reg,Lvl,Inside,Gtl,Norm,1Fam,2Story,6,4,1880,Gable,CompShg,Wd Sdng,Wd Sdng,Not Applicable,0.0,TA,TA,BrkTil,TA,TA,Mn,Unf,0,Unf,1008,1008,Other,TA,Y,SBrkr,1178,1032,0,2210,0,2,0,5,1,Fa,8,Typ,0,Not Applicable,Detchd,Unf,1,205,Other,TA,N,0,Not Applicable,0,WD,Normal,117500,3218,48,2.0,10.0,19308,12872,127,57,77.0,0.0,0.0,6630,4420,410.0,615.0,Level_1
1134,60,RL,80.0,9828,Pave,Not Applicable,IR1,Lvl,Inside,Gtl,Norm,1Fam,2Story,8,5,1995,Gable,CompShg,VinylSd,VinylSd,Not Applicable,0.0,Gd,TA,PConc,Gd,TA,No,GLQ,584,Unf,544,1128,GasA,Ex,Y,SBrkr,1142,878,0,2020,0,2,1,3,1,Gd,8,Typ,1,TA,Attchd,RFn,2,466,TA,TA,Y,0,Not Applicable,0,WD,Normal,239500,3148,155,2.5,10.5,25184,15740,14,14,14.0,0.0,0.0,10100,8080,1398.0,1398.0,Level_3
1135,60,RL,57.0,8773,Pave,Not Applicable,IR1,Other,Inside,Gtl,Norm,1Fam,2Story,6,5,1997,Gable,CompShg,VinylSd,VinylSd,Not Applicable,0.0,TA,TA,PConc,Gd,TA,Av,Unf,0,Unf,916,916,GasA,Gd,Y,SBrkr,916,684,0,1600,0,2,1,3,1,TA,7,Typ,1,TA,Attchd,Fin,2,460,TA,TA,Y,0,Not Applicable,0,WD,Normal,169000,2516,138,2.5,9.5,15096,12580,10,10,10.0,0.0,0.0,6400,4800,1380.0,1380.0,Level_3
1136,30,RM,60.0,6180,Pave,Not Applicable,Reg,Lvl,Corner,Gtl,Norm,1Fam,1Story,6,5,1926,Gable,CompShg,Wd Sdng,Wd Sdng,Not Applicable,0.0,TA,TA,BrkTil,TA,TA,No,Unf,0,Unf,960,960,GasA,TA,N,SBrkr,986,0,0,986,0,1,0,2,1,TA,5,Typ,1,Gd,Detchd,Unf,1,180,TA,TA,Y,0,Not Applicable,0,WD,Normal,102000,1946,128,1.0,6.0,11676,9730,81,57,81.0,0.0,0.0,2958,2958,540.0,540.0,Level_1
1137,50,RL,80.0,9600,Pave,Not Applicable,Reg,Lvl,Inside,Gtl,Norm,1Fam,1.5Fin,6,5,1950,Gable,CompShg,VinylSd,VinylSd,Not Applicable,0.0,TA,TA,CBlock,TA,TA,No,BLQ,280,Unf,752,1032,GasA,TA,Y,FuseA,1032,220,0,1252,0,1,0,3,1,TA,6,Typ,0,Not Applicable,Attchd,Unf,1,288,TA,TA,Y,0,Not Applicable,0,WD,Abnorml,119000,2284,96,1.0,7.0,13704,11420,58,58,58.0,0.0,0.0,3756,3756,864.0,864.0,Level_2
1138,50,RL,54.0,6342,Pave,Not Applicable,Reg,Lvl,Inside,Gtl,Other,1Fam,1.5Fin,5,8,1875,Gable,CompShg,VinylSd,VinylSd,Not Applicable,0.0,TA,Gd,CBlock,TA,TA,No,Unf,0,Unf,780,780,GasA,Gd,N,SBrkr,780,240,0,1020,0,1,0,2,1,TA,6,Typ,0,Not Applicable,Not Applicable,Not Applicable,0,0,Other,Other,N,0,Not Applicable,0,WD,Normal,94000,1800,176,1.0,7.0,9000,14400,135,14,30.0,0.0,0.0,4080,3060,,,Level_2
1139,20,RL,69.0,9819,Pave,Not Applicable,IR1,Lvl,Inside,Other,Norm,1Fam,1Story,6,5,1977,Gable,CompShg,Plywood,ImStucc,Not Applicable,0.0,TA,TA,PConc,TA,TA,Gd,ALQ,1567,Unf,0,1567,GasA,TA,Y,SBrkr,1567,0,0,1567,1,2,0,2,1,Gd,5,Typ,2,TA,Attchd,RFn,2,714,TA,TA,Y,0,Not Applicable,0,WD,Normal,196000,3134,296,3.0,7.0,18804,15670,32,32,32.0,0.0,0.0,4701,6268,2142.0,2142.0,Level_2
1140,30,RL,98.0,8731,Pave,Not Applicable,IR1,Lvl,Inside,Gtl,Norm,1Fam,1Story,5,5,1920,Gable,CompShg,Stucco,Stucco,Not Applicable,0.0,TA,Fa,BrkTil,TA,TA,No,BLQ,645,Unf,270,915,GasA,TA,Y,SBrkr,1167,0,0,1167,0,1,0,3,1,TA,6,Other,1,Gd,Detchd,Unf,2,495,TA,TA,Y,0,Not Applicable,0,WD,Normal,144000,2082,342,1.0,7.0,10410,10410,87,57,35.0,0.0,0.0,3501,3501,1485.0,1485.0,Level_1
1141,20,RL,60.0,7350,Pave,Not Applicable,Reg,Lvl,Corner,Gtl,Norm,1Fam,1Story,5,7,1951,Gable,CompShg,HdBoard,HdBoard,Not Applicable,0.0,TA,TA,CBlock,TA,TA,Mn,ALQ,852,Unf,100,952,GasA,TA,Y,SBrkr,952,0,0,952,1,1,0,2,1,TA,4,Typ,0,Not Applicable,Detchd,Unf,2,840,TA,TA,Y,0,Not Applicable,0,COD,Abnorml,139000,1904,0,2.0,5.0,9520,13328,57,57,20.0,0.0,0.0,2856,2856,2520.0,2520.0,Level_2
1142,60,RL,69.0,10304,Pave,Not Applicable,IR1,Lvl,CulDSac,Gtl,Other,1Fam,2Story,5,7,1976,Gable,CompShg,Plywood,Plywood,BrkFace,44.0,TA,Gd,CBlock,TA,TA,No,ALQ,381,Unf,399,780,GasA,Ex,Y,SBrkr,1088,780,0,1868,1,2,1,4,1,Gd,9,Typ,1,TA,Attchd,Unf,2,484,TA,TA,Y,0,Not Applicable,0,WD,Normal,197500,2648,544,3.5,11.5,13240,18536,33,33,33.0,132.0,176.0,9340,7472,1452.0,1452.0,Level_3
1143,60,RL,77.0,9965,Pave,Not Applicable,Reg,Lvl,Inside,Gtl,Norm,1Fam,2Story,8,5,2006,Other,CompShg,VinylSd,VinylSd,Stone,340.0,Gd,TA,PConc,Ex,TA,Gd,GLQ,1150,Unf,316,1466,GasA,Ex,Y,SBrkr,1466,1362,0,2828,1,3,0,4,1,Gd,11,Typ,1,TA,BuiltIn,RFn,3,1052,TA,TA,Y,0,Not Applicable,0,New,Partial,424870,4294,269,4.0,14.0,34352,21470,1,0,1.0,1360.0,1020.0,14140,11312,3156.0,3156.0,Level_3
1144,20,RL,69.0,9000,Pave,Not Applicable,Reg,Lvl,Inside,Gtl,Norm,1Fam,1Story,5,3,1959,Gable,CompShg,Wd Sdng,Plywood,Not Applicable,0.0,TA,TA,CBlock,TA,TA,No,GLQ,288,Unf,718,1006,GasA,TA,Y,SBrkr,1006,0,0,1006,0,1,0,3,1,TA,5,Typ,0,Not Applicable,Not Applicable,Not Applicable,0,0,Other,Other,Y,0,Not Applicable,0,WD,Normal,80000,2012,24,1.0,6.0,10060,6036,49,49,28.0,0.0,0.0,3018,3018,,,Level_2
1145,190,RL,60.0,12180,Pave,Not Applicable,Reg,Lvl,Inside,Gtl,Norm,2fmCon,1.5Fin,4,4,1941,Gable,CompShg,MetalSd,MetalSd,Not Applicable,0.0,TA,Fa,BrkTil,Gd,TA,No,BLQ,348,Unf,324,672,Other,Fa,N,FuseA,672,252,0,924,1,1,0,2,1,Fa,5,Typ,0,Not Applicable,Detchd,Unf,1,280,TA,TA,Y,0,MnPrv,0,WD,Normal,80000,1596,0,2.0,6.0,6384,6384,69,60,69.0,0.0,0.0,1848,1848,840.0,840.0,Level_1
1146,50,RM,52.0,6240,Pave,Not Applicable,Reg,Lvl,Inside,Gtl,Norm,1Fam,1.5Fin,5,6,1928,Gable,CompShg,MetalSd,MetalSd,Not Applicable,0.0,TA,TA,BrkTil,TA,TA,No,Unf,0,Unf,1042,1042,GasA,Ex,Y,SBrkr,1042,534,0,1576,0,1,0,3,1,TA,8,Typ,1,Gd,Detchd,Unf,1,225,TA,TA,Y,0,Not Applicable,0,WD,Family,149000,2618,0,1.0,9.0,13090,15708,78,56,78.0,0.0,0.0,7880,4728,675.0,675.0,Level_1
1147,20,RL,69.0,11200,Pave,Not Applicable,Reg,Lvl,Inside,Gtl,Norm,1Fam,1Story,6,5,1985,Gable,CompShg,Wd Sdng,Wd Shng,BrkFace,85.0,Gd,TA,CBlock,Gd,TA,No,GLQ,1258,Unf,40,1298,GasA,TA,Y,SBrkr,1298,0,0,1298,1,2,0,3,1,Gd,5,Typ,1,TA,Attchd,Unf,2,403,TA,TA,Y,0,Not Applicable,0,WD,Normal,180000,2596,191,3.0,7.0,15576,12980,21,21,21.0,340.0,255.0,3894,5192,1209.0,1209.0,Level_3
1148,70,RL,75.0,12000,Pave,Not Applicable,Reg,Other,Inside,Gtl,Norm,1Fam,2Story,7,7,1941,Gable,CompShg,MetalSd,MetalSd,Not Applicable,0.0,TA,TA,CBlock,TA,TA,No,Rec,275,Unf,429,704,GasA,Ex,Y,SBrkr,860,704,0,1564,0,1,1,3,1,Fa,7,Typ,1,Gd,Attchd,Unf,1,234,TA,TA,Y,0,Not Applicable,0,WD,Normal,174500,2268,0,1.5,8.5,15876,15876,68,59,68.0,0.0,0.0,7820,3128,702.0,702.0,Level_4
1149,50,RM,69.0,5700,Pave,Not Applicable,Reg,Lvl,Inside,Gtl,Norm,1Fam,1.5Fin,7,7,1926,Gable,CompShg,Wd Sdng,Wd Sdng,Not Applicable,0.0,TA,TA,PConc,TA,TA,No,Unf,0,Unf,572,572,GasA,TA,Y,SBrkr,572,539,0,1111,0,1,0,2,1,TA,5,Typ,1,Gd,Detchd,Unf,1,288,TA,TA,Y,0,Not Applicable,0,WD,Normal,116900,1683,176,1.0,6.0,11781,11781,82,58,26.0,0.0,0.0,3333,3333,864.0,864.0,Level_1
1150,70,RM,50.0,9000,Pave,Not Applicable,Reg,Lvl,Inside,Gtl,Other,1Fam,2Story,7,9,1920,Other,CompShg,VinylSd,VinylSd,Not Applicable,0.0,TA,Gd,PConc,TA,TA,No,ALQ,624,Unf,26,650,GasA,Ex,Y,SBrkr,832,650,0,1482,0,1,0,3,1,TA,7,Typ,0,Not Applicable,Detchd,Unf,2,324,TA,TA,Y,0,Not Applicable,0,WD,Normal,143000,2132,0,1.5,8.0,14924,19188,89,21,79.0,0.0,0.0,7410,4446,972.0,972.0,Level_1
1151,20,RL,57.0,8280,Pave,Not Applicable,IR1,Lvl,Inside,Gtl,Norm,1Fam,1Story,6,5,1950,Gable,CompShg,BrkFace,BrkFace,Not Applicable,0.0,TA,TA,CBlock,TA,TA,No,Unf,0,Unf,932,932,GasA,Ex,Y,FuseA,932,0,0,932,0,1,0,2,1,Gd,4,Typ,1,Gd,Attchd,Unf,1,306,TA,TA,Y,0,GdPrv,0,WD,Normal,124000,1864,214,1.0,5.0,11184,9320,57,57,57.0,0.0,0.0,4660,3728,918.0,918.0,Level_2
1152,20,RL,134.0,17755,Pave,Not Applicable,Reg,Lvl,Inside,Gtl,Norm,1Fam,1Story,5,4,1959,Gable,CompShg,HdBoard,Plywood,BrkFace,132.0,TA,TA,CBlock,TA,TA,No,BLQ,176,Unf,1290,1466,GasA,TA,Y,SBrkr,1466,0,0,1466,0,1,1,3,1,Fa,6,Typ,2,Gd,Attchd,Fin,2,528,TA,TA,Y,0,Not Applicable,0,WD,Normal,149900,2932,240,1.5,7.5,14660,11728,47,47,47.0,396.0,396.0,4398,2932,1584.0,1584.0,Level_1
1153,20,RL,90.0,14115,Pave,Not Applicable,IR1,Lvl,Inside,Gtl,Norm,1Fam,1Story,6,7,1956,Gable,CompShg,Stone,Stone,Not Applicable,0.0,TA,TA,PConc,TA,TA,No,ALQ,296,Other,230,1073,GasA,Ex,Y,SBrkr,1811,0,0,1811,0,1,0,2,1,Ex,6,Typ,1,Gd,Attchd,Fin,2,470,TA,TA,Y,0,Not Applicable,0,WD,Abnorml,230000,2884,280,1.0,7.0,17304,20188,50,2,50.0,0.0,0.0,9055,9055,1410.0,1410.0,Level_4
1154,30,RM,69.0,5890,Pave,Not Applicable,Reg,Lvl,Corner,Gtl,Norm,1Fam,1Story,6,8,1930,Gable,CompShg,Wd Sdng,Wd Sdng,Not Applicable,0.0,Gd,Gd,BrkTil,TA,TA,Av,ALQ,538,Unf,278,816,GasA,Ex,Y,SBrkr,816,0,0,816,0,1,0,2,1,TA,5,Typ,0,Not Applicable,Detchd,Unf,1,432,TA,TA,Y,0,Not Applicable,0,WD,Normal,120500,1632,96,1.0,6.0,9792,13056,78,1,6.0,0.0,0.0,4080,2448,1296.0,1296.0,Level_1
1155,60,RL,69.0,13700,Pave,Not Applicable,IR1,Lvl,Inside,Gtl,Norm,1Fam,2Story,7,6,1965,Gable,CompShg,VinylSd,VinylSd,Stone,288.0,TA,TA,CBlock,TA,TA,Gd,ALQ,454,Unf,410,864,GasA,TA,Y,SBrkr,902,918,0,1820,0,1,2,4,1,Gd,8,Typ,2,Gd,Attchd,Unf,2,492,TA,TA,Y,0,GdPrv,0,WD,Normal,201800,2684,417,2.0,10.0,18788,16104,43,20,43.0,864.0,864.0,5460,7280,1476.0,1476.0,Level_2
1156,20,RL,90.0,10768,Pave,Not Applicable,IR1,Lvl,Corner,Gtl,Norm,1Fam,1Story,5,8,1976,Gable,CompShg,Plywood,Plywood,Not Applicable,0.0,Gd,Gd,CBlock,Gd,TA,Gd,ALQ,1157,Unf,280,1437,GasA,TA,Y,SBrkr,1437,0,0,1437,1,2,0,3,1,Gd,6,Typ,1,Fa,Attchd,RFn,2,528,TA,TA,Y,0,Not Applicable,0,WD,Normal,218000,2874,201,3.0,8.0,14370,22992,31,3,31.0,0.0,0.0,4311,5748,1584.0,1584.0,Level_4
1157,80,RL,85.0,9350,Pave,Not Applicable,Reg,Lvl,Inside,Gtl,Norm,1Fam,SLvl,5,8,1965,Gable,CompShg,BrkFace,BrkFace,Not Applicable,0.0,TA,Gd,PConc,TA,TA,Gd,ALQ,633,Unf,586,1219,GasA,Gd,Y,SBrkr,1265,0,0,1265,0,2,0,3,1,Gd,6,Typ,1,Gd,Attchd,RFn,2,502,TA,TA,Y,0,MnPrv,0,WD,Normal,179900,2484,188,2.5,8.0,12420,19872,43,9,43.0,0.0,0.0,5060,5060,1506.0,1506.0,Level_2
1158,120,RL,34.0,5001,Pave,Not Applicable,IR1,Lvl,Inside,Gtl,Norm,Twnhs,1Story,7,5,2007,Gable,CompShg,VinylSd,VinylSd,Stone,166.0,Gd,TA,PConc,Gd,TA,No,GLQ,904,Unf,410,1314,GasA,Ex,Y,SBrkr,1314,0,0,1314,1,2,0,2,1,Gd,6,Typ,1,Gd,Attchd,RFn,2,626,TA,TA,Y,0,Not Applicable,0,WD,Normal,230000,2628,234,3.0,8.0,18396,13140,2,1,1.0,664.0,498.0,6570,5256,1878.0,1878.0,Level_4
1159,20,RL,92.0,11932,Pave,Not Applicable,Reg,Lvl,FR2,Gtl,Other,1Fam,1Story,8,5,2007,Gable,CompShg,VinylSd,VinylSd,Stone,186.0,Gd,TA,PConc,Gd,TA,No,Unf,0,Unf,1580,1580,GasA,Ex,Y,SBrkr,1580,0,0,1580,0,2,0,3,1,Gd,7,Typ,0,Not Applicable,Attchd,RFn,3,830,TA,TA,Y,0,Not Applicable,0,ConLD,Partial,235128,3160,24,2.0,9.0,25280,15800,1,0,0.0,744.0,558.0,7900,6320,2490.0,2490.0,Level_4
1160,60,RL,76.0,9120,Pave,Not Applicable,Reg,Lvl,Inside,Gtl,Norm,1Fam,2Story,6,6,1974,Other,CompShg,HdBoard,HdBoard,BrkFace,270.0,Gd,TA,CBlock,TA,TA,No,ALQ,442,Unf,459,901,GasA,TA,Y,SBrkr,943,933,0,1876,0,2,1,4,1,Gd,8,Typ,1,TA,Attchd,RFn,2,540,Other,TA,Y,0,Not Applicable,0,WD,Normal,185000,2777,69,2.5,10.5,16662,16662,34,34,34.0,1080.0,810.0,5628,7504,2160.0,1620.0,Level_3
1161,160,RL,24.0,2280,Pave,Not Applicable,Reg,Lvl,Inside,Gtl,Norm,Twnhs,2Story,6,5,1978,Gable,CompShg,Plywood,Brk Cmn,Not Applicable,0.0,TA,TA,CBlock,Gd,TA,No,ALQ,311,Unf,544,855,GasA,Fa,Y,SBrkr,855,601,0,1456,0,2,1,3,1,TA,7,Typ,1,TA,Attchd,Unf,2,440,TA,TA,Y,0,Not Applicable,0,WD,Normal,146000,2311,26,2.5,9.5,13866,11555,32,32,32.0,0.0,0.0,2912,4368,1320.0,1320.0,Level_2
1162,20,RL,69.0,14778,Pave,Not Applicable,IR1,Other,CulDSac,Gtl,Other,1Fam,1Story,6,7,1954,Other,CompShg,HdBoard,HdBoard,BrkFace,72.0,Gd,TA,CBlock,TA,TA,No,BLQ,728,Unf,568,1296,GasA,Ex,Y,SBrkr,1640,0,0,1640,1,1,0,3,1,Gd,7,Typ,1,Gd,Detchd,Unf,2,924,TA,TA,Y,0,Not Applicable,0,WD,Normal,224000,2936,324,2.0,8.0,17616,20552,54,2,15.0,288.0,216.0,8200,6560,2772.0,2772.0,Level_4
1163,20,RL,109.0,8724,Pave,Not Applicable,Reg,Lvl,Inside,Gtl,Norm,1Fam,1Story,5,5,1968,Gable,CompShg,VinylSd,VinylSd,Not Applicable,0.0,TA,TA,CBlock,Gd,TA,No,BLQ,492,Unf,402,894,GasA,Gd,Y,SBrkr,894,0,0,894,0,1,0,3,1,TA,5,Typ,1,Po,Attchd,Fin,2,450,TA,TA,Y,0,Not Applicable,0,WD,Normal,129000,1788,0,1.0,6.0,8940,8940,39,39,39.0,0.0,0.0,3576,2682,1350.0,1350.0,Level_2
1164,90,RL,60.0,12900,Pave,Not Applicable,Reg,Lvl,Inside,Gtl,Other,Duplex,SFoyer,4,4,1969,Gable,CompShg,Plywood,Plywood,Not Applicable,0.0,TA,TA,CBlock,Gd,TA,Av,GLQ,1198,Unf,0,1198,GasA,TA,Y,SBrkr,1258,0,0,1258,2,0,2,0,2,TA,6,Typ,0,Not Applicable,CarPort,Unf,2,400,Other,TA,Y,0,Not Applicable,0,WD,Alloca,108959,2456,120,3.0,7.0,9824,9824,39,39,39.0,0.0,0.0,3774,3774,800.0,1200.0,Level_2
1165,80,RL,69.0,16157,Pave,Not Applicable,IR1,Lvl,FR2,Gtl,Other,1Fam,SLvl,5,7,1978,Gable,CompShg,Plywood,Plywood,Not Applicable,0.0,TA,TA,PConc,Gd,TA,Gd,ALQ,680,Other,289,1360,GasA,Ex,Y,SBrkr,1432,0,0,1432,1,1,1,2,1,Gd,5,Typ,1,TA,Attchd,Unf,2,588,TA,TA,Y,0,Not Applicable,0,WD,Normal,194000,2792,348,2.5,6.5,13960,19544,29,29,29.0,0.0,0.0,7160,5728,1764.0,1764.0,Level_4
1166,20,RL,79.0,9541,Pave,Not Applicable,IR1,Lvl,Inside,Gtl,Norm,1Fam,1Story,7,5,2009,Gable,CompShg,VinylSd,VinylSd,Stone,268.0,Gd,TA,PConc,Gd,TA,No,Unf,0,Unf,1502,1502,GasA,Ex,Y,SBrkr,1502,0,0,1502,0,2,0,3,1,Gd,7,Typ,0,Not Applicable,Attchd,RFn,2,644,TA,TA,Y,0,Not Applicable,0,New,Partial,233170,3004,114,2.0,9.0,21028,15020,0,0,0.0,1072.0,804.0,7510,6008,1932.0,1932.0,Level_4
1167,20,RL,64.0,10475,Pave,Not Applicable,IR1,Lvl,Corner,Gtl,Norm,1Fam,1Story,8,5,2008,Gable,CompShg,VinylSd,VinylSd,Stone,72.0,Gd,TA,PConc,Gd,TA,Av,Unf,0,Unf,1694,1694,GasA,Ex,Y,SBrkr,1694,0,0,1694,0,2,0,3,1,Gd,7,Typ,0,Not Applicable,Attchd,RFn,3,776,TA,TA,Y,0,Not Applicable,0,WD,Normal,245350,3388,193,2.0,9.0,27104,16940,2,2,2.0,288.0,216.0,8470,6776,2328.0,2328.0,Level_3
1168,60,RL,58.0,10852,Pave,Not Applicable,IR1,Lvl,Inside,Gtl,Other,1Fam,2Story,6,5,2000,Gable,CompShg,VinylSd,VinylSd,Not Applicable,0.0,TA,TA,PConc,Gd,TA,No,GLQ,786,Unf,173,959,GasA,Ex,Y,SBrkr,959,712,0,1671,1,2,1,3,1,TA,7,Typ,1,TA,Attchd,Fin,2,472,TA,TA,Y,0,Not Applicable,0,WD,Normal,173000,2630,38,3.5,9.5,15780,13150,6,6,6.0,0.0,0.0,8355,5013,1416.0,1416.0,Level_3
1169,70,RL,120.0,13728,Pave,Not Applicable,Reg,Lvl,Corner,Gtl,Norm,1Fam,2Story,6,7,1935,Other,CompShg,Stucco,Stucco,Not Applicable,0.0,TA,TA,CBlock,TA,TA,No,Rec,626,Unf,501,1127,GasA,Ex,Y,SBrkr,1236,872,0,2108,0,2,0,4,1,Gd,7,Typ,2,TA,Basment,Unf,2,540,TA,TA,Y,0,Not Applicable,0,WD,Normal,235000,3235,90,2.0,9.0,19410,22645,73,22,73.0,0.0,0.0,10540,8432,1620.0,1620.0,Level_1
1170,60,RL,118.0,35760,Pave,Not Applicable,IR1,Lvl,CulDSac,Gtl,Norm,1Fam,2Story,10,5,1995,Other,CompShg,HdBoard,HdBoard,BrkFace,1378.0,Gd,Gd,PConc,Ex,TA,Gd,GLQ,1387,Unf,543,1930,GasA,Ex,Y,SBrkr,1831,1796,0,3627,1,3,1,4,1,Gd,10,Typ,1,TA,Attchd,Fin,3,807,TA,TA,Y,0,Not Applicable,0,WD,Normal,625000,5557,437,4.5,13.5,55570,27785,11,10,11.0,5512.0,5512.0,18135,14508,2421.0,2421.0,Level_4
1171,80,RL,76.0,9880,Pave,Not Applicable,Reg,Lvl,Inside,Gtl,Norm,1Fam,SLvl,6,6,1977,Gable,CompShg,Plywood,Plywood,Not Applicable,0.0,TA,TA,CBlock,TA,TA,Av,ALQ,522,Unf,574,1096,GasA,TA,Y,SBrkr,1118,0,0,1118,1,1,0,3,1,TA,6,Typ,1,Po,Attchd,Fin,1,358,TA,TA,Y,576,GdPrv,0,WD,Normal,171000,2214,203,2.0,7.0,13284,13284,31,31,31.0,0.0,0.0,3354,3354,1074.0,1074.0,Level_2
1172,20,RL,76.0,9120,Pave,Not Applicable,Reg,Lvl,Inside,Gtl,Norm,1Fam,1Story,6,6,1958,Other,CompShg,MetalSd,MetalSd,Not Applicable,0.0,TA,TA,CBlock,TA,TA,No,ALQ,662,Unf,599,1261,GasA,Ex,Y,SBrkr,1261,0,0,1261,1,1,0,3,1,TA,6,Typ,1,TA,Attchd,RFn,2,433,TA,TA,Y,0,Not Applicable,1400,WD,Normal,163000,2522,288,2.0,7.0,15132,15132,50,50,50.0,0.0,0.0,6305,3783,1299.0,1299.0,Level_2
1173,160,FV,35.0,4017,Pave,Pave,IR1,Lvl,Inside,Gtl,Norm,TwnhsE,2Story,7,5,2006,Gable,CompShg,MetalSd,MetalSd,Not Applicable,0.0,Gd,TA,PConc,Gd,TA,No,Unf,0,Unf,625,625,GasA,Ex,Y,SBrkr,625,625,0,1250,0,2,1,2,1,Gd,5,Typ,0,Not Applicable,Detchd,Fin,2,625,TA,TA,Y,0,Not Applicable,0,WD,Normal,171900,1875,54,2.5,7.5,13125,9375,2,1,2.0,0.0,0.0,6250,5000,1875.0,1875.0,Level_4
1174,50,RL,138.0,18030,Pave,Not Applicable,IR1,Other,Inside,Gtl,Norm,1Fam,1.5Fin,5,6,1946,Gable,CompShg,MetalSd,MetalSd,Not Applicable,0.0,TA,TA,CBlock,TA,TA,No,Rec,152,Other,977,1598,GasA,TA,Y,SBrkr,1636,971,479,3086,0,3,0,3,1,Ex,12,Other,1,Gd,Not Applicable,Not Applicable,0,0,Other,Other,Y,0,MnPrv,0,WD,Normal,200500,4205,122,3.0,15.0,21025,25230,61,13,27.0,0.0,0.0,9258,15430,,,Level_3
1175,70,RL,80.0,16560,Pave,Not Applicable,IR1,Lvl,Inside,Gtl,Norm,1Fam,2Story,6,8,1932,Gable,CompShg,Wd Sdng,Wd Sdng,Not Applicable,0.0,TA,TA,BrkTil,Gd,TA,No,Rec,503,Unf,449,952,GasA,TA,Y,SBrkr,1170,1175,0,2345,0,2,1,4,1,TA,9,Typ,1,Gd,Detchd,Unf,2,360,TA,TA,Y,0,Not Applicable,0,WD,Normal,239000,3297,0,2.5,11.5,19782,26376,74,56,74.0,0.0,0.0,7035,7035,1080.0,1080.0,Level_4
1176,50,RL,85.0,10678,Pave,Not Applicable,Reg,Lvl,Inside,Gtl,Norm,1Fam,1.5Fin,8,5,1992,Other,CompShg,HdBoard,HdBoard,BrkFace,337.0,Gd,TA,PConc,Gd,TA,No,GLQ,700,Unf,983,1683,GasA,Ex,Y,SBrkr,2129,743,0,2872,0,2,1,4,1,Gd,9,Typ,1,TA,Attchd,Fin,2,541,TA,TA,Y,0,Not Applicable,0,WD,Normal,285000,4555,33,2.5,11.5,36440,22775,15,7,15.0,1348.0,1011.0,14360,11488,1623.0,1623.0,Level_4
1177,20,RL,37.0,6951,Pave,Not Applicable,IR1,Lvl,CulDSac,Gtl,Norm,1Fam,1Story,5,5,1984,Gable,CompShg,HdBoard,Plywood,Not Applicable,0.0,TA,TA,CBlock,TA,TA,No,ALQ,658,Unf,218,876,GasA,TA,Y,SBrkr,923,0,0,923,1,1,0,3,1,TA,5,Typ,0,Not Applicable,Attchd,Unf,1,264,TA,TA,Y,0,MnPrv,0,WD,Normal,119500,1799,362,2.0,6.0,8995,8995,24,23,24.0,0.0,0.0,2769,2769,792.0,792.0,Level_2
1178,50,RM,69.0,3950,Pave,Grvl,Reg,Other,Inside,Gtl,Other,1Fam,1.5Fin,6,8,1926,Gable,CompShg,MetalSd,MetalSd,Not Applicable,0.0,TA,TA,CBlock,TA,TA,No,Rec,468,Unf,350,818,GasA,TA,Y,SBrkr,818,406,0,1224,0,1,0,3,1,TA,5,Typ,0,Not Applicable,Detchd,Unf,1,210,TA,TA,N,0,Not Applicable,0,WD,Normal,115000,2042,116,1.0,6.0,12252,16336,83,5,83.0,0.0,0.0,3672,3672,630.0,630.0,Level_1
1179,50,RL,54.0,7681,Pave,Not Applicable,IR1,Lvl,FR2,Gtl,Norm,1Fam,1.5Fin,5,6,1921,Gable,CompShg,Wd Sdng,Wd Sdng,Not Applicable,0.0,TA,TA,BrkTil,TA,TA,No,Unf,0,Unf,731,731,GasA,Ex,Y,SBrkr,820,523,0,1343,0,1,1,3,1,TA,7,Typ,1,Gd,Detchd,Unf,1,186,Other,TA,Y,0,Not Applicable,0,WD,Normal,154900,2074,294,1.5,8.5,10370,12444,88,59,88.0,0.0,0.0,6715,4029,372.0,558.0,Level_4
1180,20,RL,77.0,8335,Pave,Not Applicable,Reg,Lvl,Corner,Gtl,Norm,1Fam,1Story,5,5,1954,Gable,CompShg,Wd Sdng,Wd Sdng,Not Applicable,0.0,TA,TA,Slab,Not Applicable,Other,Not Applicable,Not Applicable,0,Other,0,0,GasA,Gd,Y,SBrkr,1124,0,0,1124,0,1,0,3,1,TA,5,Other,1,Gd,Not Applicable,Not Applicable,0,0,Other,Other,N,0,Not Applicable,0,WD,Normal,93000,1124,226,1.0,6.0,5620,5620,52,52,26.0,0.0,0.0,4496,3372,,,Level_1
1181,60,RL,69.0,11170,Pave,Not Applicable,IR2,Lvl,Corner,Gtl,Norm,1Fam,2Story,7,5,1990,Gable,CompShg,MetalSd,MetalSd,Not Applicable,0.0,TA,TA,Wood,Gd,TA,No,LwQ,1216,Unf,0,1216,GasA,Ex,Y,SBrkr,1298,1216,0,2514,0,2,1,4,1,TA,8,Typ,0,Not Applicable,Attchd,Fin,2,693,TA,TA,Y,0,GdPrv,0,WD,Normal,250000,3730,0,2.5,10.5,26110,18650,16,15,16.0,0.0,0.0,12570,7542,2079.0,2079.0,Level_4
1182,120,RM,64.0,5587,Pave,Not Applicable,IR1,Other,Inside,Other,Norm,TwnhsE,1Story,8,5,2008,Other,CompShg,CemntBd,CmentBd,Stone,186.0,Ex,TA,PConc,Ex,TA,Gd,GLQ,1480,Unf,120,1600,GasA,Ex,Y,SBrkr,1652,0,0,1652,1,2,0,2,1,Gd,5,Typ,1,Gd,Attchd,Fin,2,482,TA,TA,Y,0,Not Applicable,0,New,Partial,392500,3252,368,3.5,7.0,26016,16260,0,0,0.0,930.0,558.0,8260,6608,1446.0,1446.0,Level_4
1183,60,RL,160.0,15623,Pave,Not Applicable,IR1,Lvl,Corner,Gtl,Norm,1Fam,2Story,10,5,1996,Other,CompShg,Wd Sdng,ImStucc,Not Applicable,0.0,Gd,TA,PConc,Ex,TA,Av,GLQ,2096,Unf,300,2396,GasA,Ex,Y,SBrkr,2411,2065,0,4476,1,3,1,4,1,Ex,10,Typ,2,TA,Attchd,Fin,3,813,TA,TA,Y,555,MnPrv,0,WD,Abnorml,745000,6872,249,4.5,13.5,68720,34360,11,11,11.0,0.0,0.0,22380,22380,2439.0,2439.0,Level_4
1184,30,RL,60.0,10800,Pave,Grvl,Reg,Lvl,Inside,Gtl,Norm,1Fam,1Story,5,6,1920,Other,CompShg,Stucco,Stucco,Not Applicable,0.0,TA,TA,BrkTil,TA,TA,No,Rec,821,Unf,299,1120,GasA,Ex,Y,SBrkr,1130,0,0,1130,1,1,0,2,1,TA,5,Typ,1,Gd,Detchd,Unf,2,720,TA,TA,Y,0,Not Applicable,0,WD,Normal,120000,2250,229,2.0,6.0,11250,13500,86,56,36.0,0.0,0.0,5650,3390,2160.0,2160.0,Level_1
1185,20,RL,50.0,35133,Grvl,Not Applicable,Reg,Lvl,Inside,Other,Norm,1Fam,1Story,5,4,1963,Other,CompShg,MetalSd,MetalSd,BrkFace,226.0,TA,TA,CBlock,TA,TA,Gd,Rec,1159,Unf,413,1572,GasA,Gd,Y,SBrkr,1572,0,0,1572,1,1,1,3,1,TA,5,Typ,2,TA,2Types,RFn,3,995,TA,TA,Y,0,Not Applicable,0,WD,Normal,186700,3144,526,2.5,6.5,15720,12576,44,44,44.0,678.0,678.0,6288,4716,2985.0,2985.0,Level_4
1186,50,RL,60.0,9738,Pave,Not Applicable,Reg,Lvl,Inside,Gtl,Norm,1Fam,1.5Fin,5,7,1924,Gable,CompShg,AsbShng,AsbShng,Not Applicable,0.0,TA,Gd,BrkTil,TA,TA,No,BLQ,392,Unf,392,784,GasA,Gd,Y,SBrkr,949,272,0,1221,1,1,0,4,1,TA,7,Typ,0,Not Applicable,Attchd,Unf,1,392,TA,TA,Y,0,Not Applicable,0,WD,Normal,104900,2005,236,2.0,8.0,10025,14035,82,56,41.0,0.0,0.0,4884,3663,1176.0,1176.0,Level_1
1187,190,RL,107.0,10615,Pave,Not Applicable,IR1,Other,Corner,Other,Other,2fmCon,2Story,3,5,1900,Gable,CompShg,HdBoard,HdBoard,Not Applicable,0.0,TA,TA,CBlock,Fa,TA,Mn,BLQ,440,Unf,538,978,GasA,TA,Y,SBrkr,1014,685,0,1699,1,2,0,3,2,TA,7,Typ,0,Not Applicable,CarPort,Unf,2,420,Other,Other,Y,0,Not Applicable,0,WD,Abnorml,95000,2677,74,3.0,9.0,8031,13385,109,39,89.0,0.0,0.0,5097,5097,840.0,840.0,Level_1
1188,20,RL,89.0,12461,Pave,Not Applicable,Reg,Lvl,Corner,Gtl,Norm,1Fam,1Story,8,5,1994,Gable,CompShg,ImStucc,ImStucc,Not Applicable,0.0,Gd,TA,PConc,Gd,TA,No,GLQ,1456,Unf,168,1624,GasA,Ex,Y,SBrkr,1624,0,0,1624,1,2,0,2,1,Gd,5,Typ,1,Fa,Attchd,RFn,3,757,TA,TA,Y,0,GdPrv,0,WD,Normal,262000,3248,306,3.0,7.0,25984,16240,12,11,12.0,0.0,0.0,8120,6496,2271.0,2271.0,Level_4
1189,60,RL,68.0,8935,Pave,Not Applicable,IR1,Lvl,Inside,Gtl,Norm,1Fam,2Story,7,5,2002,Gable,CompShg,VinylSd,VinylSd,BrkFace,95.0,Gd,TA,PConc,Gd,TA,No,Unf,0,Unf,831,831,GasA,Ex,Y,SBrkr,831,829,0,1660,0,2,1,3,1,Gd,7,Typ,0,Not Applicable,Attchd,RFn,2,493,TA,TA,Y,0,Not Applicable,0,WD,Normal,195000,2491,212,2.5,9.5,17437,12455,7,7,7.0,380.0,285.0,8300,6640,1479.0,1479.0,Level_3
1190,60,RL,60.0,7500,Pave,Not Applicable,Reg,Lvl,Inside,Gtl,Norm,1Fam,2Story,7,5,1999,Gable,CompShg,VinylSd,VinylSd,Not Applicable,0.0,TA,TA,PConc,TA,TA,No,Unf,0,Unf,994,994,GasA,Gd,Y,SBrkr,1028,776,0,1804,0,2,1,3,1,Gd,7,Typ,1,TA,Attchd,Fin,2,442,TA,TA,Y,0,Not Applicable,0,WD,Normal,189000,2798,200,2.5,9.5,19586,13990,11,11,11.0,0.0,0.0,7216,7216,1326.0,1326.0,Level_3
1191,190,RL,69.0,32463,Pave,Not Applicable,Reg,Other,Inside,Other,Norm,2fmCon,1Story,4,4,1961,Gable,CompShg,MetalSd,MetalSd,Stone,149.0,TA,Gd,CBlock,TA,TA,Av,BLQ,1159,Unf,90,1249,GasA,Ex,Y,SBrkr,1622,0,0,1622,1,1,0,3,1,TA,7,Typ,1,TA,2Types,Fin,4,1356,TA,TA,Y,0,Not Applicable,0,WD,Normal,168000,2871,439,2.0,8.0,11484,11484,46,32,32.0,447.0,596.0,8110,4866,4068.0,4068.0,Level_2
1192,160,FV,24.0,2645,Pave,Pave,Reg,Lvl,Inside,Gtl,Norm,Twnhs,2Story,8,5,1999,Gable,CompShg,MetalSd,MetalSd,BrkFace,456.0,Gd,TA,PConc,Gd,TA,No,Unf,0,Unf,776,776,GasA,Ex,Y,SBrkr,764,677,0,1441,0,2,1,2,1,Gd,5,Typ,0,Not Applicable,Detchd,Unf,2,492,TA,TA,Y,0,Not Applicable,0,WD,Normal,174000,2217,206,2.5,7.5,17736,11085,8,7,8.0,1824.0,1368.0,7205,5764,1476.0,1476.0,Level_4
1193,50,RM,60.0,9600,Pave,Grvl,Reg,Lvl,Inside,Gtl,Norm,1Fam,1.5Fin,5,8,1925,Other,CompShg,VinylSd,VinylSd,Not Applicable,0.0,TA,TA,PConc,TA,TA,Mn,Unf,0,Unf,702,702,GasA,Gd,Y,SBrkr,842,630,0,1472,0,1,0,3,1,Gd,6,Typ,0,Not Applicable,Detchd,Unf,1,250,TA,Other,P,0,GdWo,0,WD,Normal,125000,2174,84,1.0,7.0,10870,17392,82,13,82.0,0.0,0.0,5888,5888,750.0,500.0,Level_1
1194,120,RM,69.0,4500,Pave,Not Applicable,Reg,Lvl,FR2,Gtl,Norm,TwnhsE,1Story,6,5,1999,Other,CompShg,VinylSd,VinylSd,BrkFace,425.0,TA,TA,PConc,Ex,TA,No,GLQ,883,Unf,341,1224,GasA,Ex,Y,SBrkr,1224,0,0,1224,1,2,0,2,1,TA,5,Typ,0,Not Applicable,Attchd,Fin,2,402,TA,TA,Y,0,Not Applicable,0,WD,Normal,165000,2448,304,3.0,7.0,14688,12240,10,10,10.0,1275.0,1275.0,6120,3672,1206.0,1206.0,Level_2
1195,60,RL,80.0,9364,Pave,Not Applicable,Reg,Lvl,Corner,Gtl,Norm,1Fam,2Story,6,7,1969,Gable,CompShg,HdBoard,HdBoard,Stone,143.0,TA,TA,CBlock,TA,TA,No,ALQ,371,Unf,292,663,GasA,TA,Y,SBrkr,663,689,0,1352,0,1,1,4,1,TA,7,Typ,0,Not Applicable,Attchd,Fin,1,299,TA,TA,Y,0,MnPrv,0,WD,Normal,158000,2015,415,1.5,8.5,12090,14105,41,41,41.0,429.0,429.0,4056,4056,897.0,897.0,Level_2
1196,60,RL,51.0,8029,Pave,Not Applicable,IR1,Lvl,Inside,Gtl,Norm,1Fam,2Story,6,5,2005,Gable,CompShg,VinylSd,VinylSd,Not Applicable,0.0,TA,TA,PConc,Gd,TA,No,Unf,0,Unf,728,728,GasA,Ex,Y,SBrkr,728,728,0,1456,0,2,1,3,1,Gd,8,Typ,0,Not Applicable,Attchd,Fin,2,400,TA,TA,Y,0,Not Applicable,0,WD,Normal,176000,2184,124,2.5,10.5,13104,10920,3,3,3.0,0.0,0.0,7280,5824,1200.0,1200.0,Level_3
1197,60,RL,58.0,14054,Pave,Not Applicable,IR1,Lvl,Inside,Gtl,Norm,1Fam,2Story,7,5,2006,Gable,CompShg,VinylSd,VinylSd,Not Applicable,0.0,Gd,TA,PConc,Gd,TA,Av,Unf,0,Unf,879,879,GasA,Ex,Y,SBrkr,879,984,0,1863,0,2,1,4,1,Gd,9,Typ,1,Gd,BuiltIn,Fin,3,660,TA,TA,Y,0,Not Applicable,0,New,Partial,219210,2742,117,2.5,11.5,19194,13710,0,0,0.0,0.0,0.0,9315,7452,1980.0,1980.0,Level_3
1198,75,RM,65.0,8850,Pave,Not Applicable,IR1,Other,Corner,Gtl,Norm,1Fam,2.5Unf,7,6,1916,Gable,CompShg,MetalSd,MetalSd,Not Applicable,0.0,TA,TA,BrkTil,TA,TA,No,Unf,0,Unf,815,815,GasA,Ex,Y,SBrkr,815,875,0,1690,0,1,0,3,1,TA,7,Typ,1,Gd,Detchd,Unf,1,225,TA,TA,Y,0,Not Applicable,0,ConLw,Normal,144000,2505,330,1.0,8.0,17535,15030,90,56,90.0,0.0,0.0,8450,5070,675.0,675.0,Level_1
1199,20,RL,70.0,9100,Pave,Not Applicable,Reg,Lvl,Inside,Gtl,Norm,1Fam,1Story,7,5,2001,Gable,CompShg,VinylSd,VinylSd,Not Applicable,0.0,Gd,TA,PConc,Gd,TA,No,Unf,0,Unf,1212,1212,GasA,Ex,Y,SBrkr,1212,0,0,1212,0,2,0,3,1,Gd,6,Typ,0,Not Applicable,Attchd,RFn,2,573,TA,TA,Y,0,Not Applicable,0,WD,Normal,178000,2424,356,2.0,8.0,16968,12120,8,8,8.0,0.0,0.0,6060,4848,1719.0,1719.0,Level_3
1200,20,RL,75.0,11235,Pave,Not Applicable,Reg,Lvl,Inside,Gtl,Norm,1Fam,1Story,4,5,1963,Gable,CompShg,HdBoard,HdBoard,BrkFace,51.0,TA,TA,CBlock,TA,TA,No,Rec,547,Unf,504,1051,GasA,Gd,Y,SBrkr,1382,0,0,1382,0,1,1,3,1,TA,6,Typ,1,Po,Attchd,Unf,2,459,TA,TA,Y,0,Not Applicable,0,WD,Normal,148000,2433,82,1.5,7.5,9732,12165,43,27,32.0,153.0,153.0,5528,4146,1377.0,1377.0,Level_2
1201,20,RL,71.0,9353,Pave,Not Applicable,Reg,Lvl,Inside,Gtl,Norm,1Fam,1Story,4,5,1970,Gable,CompShg,MetalSd,MetalSd,Not Applicable,0.0,TA,TA,CBlock,TA,TA,No,Unf,0,Unf,864,864,GasA,Gd,Y,SBrkr,864,0,0,864,0,1,0,3,1,TA,5,Typ,0,Not Applicable,Attchd,Unf,1,280,TA,TA,Y,0,Not Applicable,0,Oth,Abnorml,116050,1728,0,1.0,6.0,6912,8640,36,36,34.0,0.0,0.0,3456,2592,840.0,840.0,Level_2
1202,60,RL,80.0,10400,Pave,Not Applicable,Reg,Lvl,Corner,Gtl,Norm,1Fam,2Story,7,5,1998,Gable,CompShg,VinylSd,VinylSd,Not Applicable,0.0,TA,TA,PConc,Gd,TA,Av,Unf,0,Unf,866,866,GasA,Ex,Y,SBrkr,866,913,0,1779,0,2,1,3,1,Gd,6,Typ,0,Not Applicable,Attchd,RFn,2,546,TA,TA,Y,0,Not Applicable,0,WD,Normal,197900,2645,234,2.5,8.5,18515,13225,11,11,11.0,0.0,0.0,8895,7116,1638.0,1638.0,Level_3
1203,50,RM,50.0,6000,Pave,Not Applicable,Reg,Lvl,Corner,Gtl,Norm,1Fam,1.5Fin,5,8,1925,Gable,CompShg,Wd Sdng,Wd Sdng,Not Applicable,0.0,TA,TA,BrkTil,TA,TA,No,Unf,0,Unf,884,884,GasA,Ex,Y,SBrkr,884,464,0,1348,1,1,0,3,1,TA,5,Typ,1,Fa,Detchd,Unf,1,216,TA,TA,N,0,Not Applicable,0,WD,Normal,117000,2232,208,2.0,6.0,11160,17856,84,12,49.0,0.0,0.0,6740,4044,648.0,648.0,Level_1
1204,20,RL,75.0,9750,Pave,Not Applicable,Reg,Lvl,Inside,Gtl,Norm,1Fam,1Story,7,5,2000,Gable,CompShg,VinylSd,VinylSd,BrkFace,171.0,Gd,TA,PConc,Gd,TA,No,Unf,0,Unf,1630,1630,GasA,Ex,Y,SBrkr,1630,0,0,1630,0,2,0,3,1,Gd,6,Typ,1,TA,Attchd,Unf,2,451,TA,TA,Y,0,Not Applicable,0,WD,Normal,213000,3260,308,2.0,8.0,22820,16300,9,8,9.0,684.0,513.0,8150,6520,1353.0,1353.0,Level_3
1205,20,RL,78.0,10140,Pave,Not Applicable,Reg,Lvl,Inside,Gtl,Norm,1Fam,1Story,5,6,1975,Gable,CompShg,HdBoard,HdBoard,Not Applicable,0.0,TA,TA,CBlock,Gd,TA,No,ALQ,788,Unf,268,1056,GasA,Ex,Y,SBrkr,1074,0,0,1074,1,1,1,3,1,TA,6,Typ,0,Not Applicable,Attchd,RFn,2,495,TA,TA,Y,0,MnPrv,0,WD,Normal,153500,2130,88,2.5,7.5,10650,12780,31,31,31.0,0.0,0.0,5370,3222,1485.0,1485.0,Level_3
1206,20,RL,90.0,14684,Pave,Not Applicable,IR1,Lvl,CulDSac,Gtl,Norm,1Fam,1Story,7,7,1990,Other,CompShg,HdBoard,HdBoard,BrkFace,234.0,Gd,TA,CBlock,Gd,TA,Mn,ALQ,485,Other,1496,2158,GasA,Gd,Y,SBrkr,2196,0,0,2196,0,2,0,3,1,Gd,7,Typ,1,TA,Attchd,RFn,3,701,TA,TA,Y,0,Not Applicable,0,WD,Normal,271900,4354,154,2.0,9.0,30478,30478,19,18,19.0,936.0,702.0,8784,8784,2103.0,2103.0,Level_3
1207,20,RH,69.0,8900,Pave,Not Applicable,Reg,Lvl,Inside,Gtl,Norm,1Fam,1Story,4,4,1966,Gable,CompShg,HdBoard,HdBoard,Not Applicable,0.0,TA,TA,CBlock,TA,TA,No,Rec,1056,Unf,0,1056,GasA,TA,Y,SBrkr,1056,0,0,1056,1,1,0,2,1,TA,5,Typ,0,Not Applicable,Detchd,Unf,1,384,TA,TA,Y,0,MnPrv,0,WD,Normal,107000,2112,42,2.0,6.0,8448,8448,40,40,40.0,0.0,0.0,3168,3168,1152.0,1152.0,Level_3
1208,20,RL,70.0,9135,Pave,Not Applicable,Reg,Lvl,Inside,Gtl,Norm,1Fam,1Story,6,5,2003,Gable,CompShg,VinylSd,VinylSd,BrkFace,120.0,Gd,TA,PConc,Gd,TA,Av,GLQ,340,Unf,1342,1682,GasA,Ex,Y,SBrkr,1700,0,0,1700,1,2,0,3,1,Gd,7,Typ,0,Not Applicable,Attchd,RFn,2,544,TA,TA,Y,0,Not Applicable,0,WD,Normal,200000,3382,215,3.0,9.0,20292,16910,3,3,3.0,480.0,360.0,8500,6800,1632.0,1632.0,Level_3
1209,20,RL,70.0,7763,Pave,Not Applicable,Reg,Lvl,Inside,Gtl,Norm,1Fam,1Story,5,7,1962,Gable,CompShg,MetalSd,MetalSd,Not Applicable,0.0,TA,Gd,CBlock,TA,TA,No,Rec,504,Other,319,931,GasA,TA,Y,SBrkr,1283,0,0,1283,1,1,0,3,1,TA,6,Typ,0,Not Applicable,Detchd,Unf,2,506,TA,TA,Y,0,Not Applicable,0,WD,Normal,140000,2214,0,2.0,7.0,11070,15498,46,28,28.0,0.0,0.0,3849,3849,1518.0,1518.0,Level_2
1210,20,RL,85.0,10182,Pave,Not Applicable,IR1,Lvl,CulDSac,Gtl,Other,1Fam,1Story,8,5,2006,Other,CompShg,VinylSd,VinylSd,Stone,420.0,Gd,TA,PConc,Ex,TA,Mn,GLQ,1220,Unf,440,1660,GasA,Ex,Y,SBrkr,1660,0,0,1660,1,2,0,3,1,Gd,8,Typ,1,Gd,Attchd,RFn,2,500,TA,TA,Y,0,Not Applicable,0,New,Partial,290000,3320,372,3.0,10.0,26560,16600,0,0,0.0,1680.0,1260.0,8300,6640,1500.0,1500.0,Level_4
1211,60,RL,70.0,11218,Pave,Not Applicable,Reg,Lvl,Inside,Gtl,Norm,1Fam,2Story,6,5,1992,Gable,CompShg,Wd Sdng,Wd Sdng,Not Applicable,0.0,Gd,TA,PConc,Gd,TA,No,Unf,0,Unf,1055,1055,GasA,Ex,Y,SBrkr,1055,790,0,1845,0,2,1,3,1,Gd,8,Typ,1,TA,Attchd,RFn,2,462,TA,TA,Y,0,GdPrv,400,WD,Normal,189000,2900,739,2.5,10.5,17400,14500,18,18,18.0,0.0,0.0,9225,7380,1386.0,1386.0,Level_3
1212,50,RL,152.0,12134,Pave,Not Applicable,IR1,Other,Inside,Other,Norm,1Fam,1.5Fin,8,7,1988,Gable,CompShg,Wd Sdng,Wd Sdng,Not Applicable,0.0,Gd,TA,Wood,Gd,TA,Av,GLQ,427,Unf,132,559,GasA,Gd,Y,SBrkr,1080,672,0,1752,0,2,0,4,1,TA,8,Typ,0,Not Applicable,Basment,RFn,2,492,TA,TA,Y,0,Not Applicable,0,WD,Normal,164000,2311,337,2.0,10.0,18488,16177,22,5,22.0,0.0,0.0,7008,5256,1476.0,1476.0,Level_3
1213,30,RL,50.0,9340,Pave,Not Applicable,Reg,Lvl,Inside,Gtl,Norm,1Fam,1Story,4,6,1941,Other,CompShg,MetalSd,MetalSd,Not Applicable,0.0,TA,TA,CBlock,TA,TA,No,Rec,344,Unf,328,672,GasA,TA,Y,SBrkr,672,0,0,672,1,1,0,2,1,TA,4,Typ,0,Not Applicable,Attchd,Unf,1,234,TA,TA,N,0,Not Applicable,0,WD,Normal,113000,1344,113,2.0,5.0,5376,8064,68,59,68.0,0.0,0.0,2016,2016,702.0,702.0,Level_1
1214,80,RL,69.0,10246,Pave,Not Applicable,IR1,Lvl,CulDSac,Gtl,Norm,1Fam,SLvl,4,9,1965,Gable,CompShg,VinylSd,VinylSd,Not Applicable,0.0,TA,Gd,CBlock,TA,Other,Av,GLQ,648,Unf,0,648,GasA,Ex,Y,SBrkr,960,0,0,960,1,0,0,0,1,TA,3,Typ,0,Not Applicable,Attchd,Unf,1,364,TA,TA,Y,0,Not Applicable,0,WD,Normal,145000,1608,88,1.5,3.0,6432,14472,41,5,41.0,0.0,0.0,4800,2880,1092.0,1092.0,Level_2
1215,85,RL,69.0,10205,Pave,Not Applicable,IR1,Lvl,Inside,Gtl,Norm,1Fam,SFoyer,5,5,1962,Gable,CompShg,MetalSd,MetalSd,Not Applicable,0.0,TA,TA,CBlock,TA,TA,Av,BLQ,784,Unf,141,925,GasA,TA,Y,SBrkr,999,0,0,999,1,1,0,3,1,TA,6,Typ,0,Not Applicable,Attchd,Unf,1,300,TA,TA,Y,0,Not Applicable,0,WD,Normal,134500,1924,222,2.0,7.0,9620,9620,44,44,44.0,0.0,0.0,2997,2997,900.0,900.0,Level_2
1216,20,RL,99.0,7094,Pave,Not Applicable,IR1,Lvl,Inside,Gtl,Norm,1Fam,1Story,5,5,1966,Gable,CompShg,VinylSd,VinylSd,Not Applicable,0.0,TA,TA,CBlock,TA,TA,No,Rec,180,Other,340,894,GasA,TA,Y,SBrkr,894,0,0,894,0,1,0,3,1,TA,5,Typ,0,Not Applicable,Detchd,RFn,1,384,TA,TA,Y,0,MnPrv,0,WD,Normal,125000,1788,0,1.0,6.0,8940,8940,41,41,41.0,0.0,0.0,2682,2682,1152.0,1152.0,Level_2
1217,90,RM,68.0,8930,Pave,Not Applicable,Reg,Lvl,Inside,Gtl,Other,Duplex,1.5Fin,6,5,1978,Gable,CompShg,VinylSd,VinylSd,Not Applicable,0.0,TA,TA,Slab,Not Applicable,Other,Not Applicable,Not Applicable,0,Other,0,0,GasA,TA,Y,SBrkr,1318,584,0,1902,0,2,0,4,2,TA,8,Typ,0,Not Applicable,Attchd,Unf,2,539,TA,TA,Y,0,Not Applicable,0,WD,Normal,112000,1902,0,2.0,10.0,11412,9510,32,32,32.0,0.0,0.0,5706,5706,1617.0,1617.0,Level_2
1218,20,FV,72.0,8640,Pave,Not Applicable,Reg,Lvl,Inside,Gtl,Norm,1Fam,1Story,8,5,2009,Gable,CompShg,CemntBd,CmentBd,Stone,72.0,Gd,TA,PConc,Gd,TA,Mn,GLQ,936,Unf,364,1300,GasA,Ex,Y,SBrkr,1314,0,0,1314,1,2,0,3,1,Gd,6,Typ,0,Not Applicable,Attchd,RFn,2,552,TA,TA,Y,0,Not Applicable,0,New,Partial,229456,2614,247,3.0,8.0,20912,13070,0,0,0.0,288.0,216.0,6570,5256,1656.0,1656.0,Level_4
1219,50,RM,52.0,6240,Pave,Not Applicable,Reg,Lvl,Inside,Gtl,Norm,1Fam,1.5Fin,4,5,1947,Gable,CompShg,AsbShng,AsbShng,Not Applicable,0.0,TA,TA,Slab,Not Applicable,Other,Not Applicable,Not Applicable,0,Other,0,0,GasA,Gd,N,SBrkr,672,240,0,912,0,1,0,2,1,TA,3,Typ,0,Not Applicable,Not Applicable,Not Applicable,0,0,Other,Other,N,0,Not Applicable,0,WD,Normal,80500,912,0,1.0,4.0,3648,4560,59,56,26.0,0.0,0.0,3648,2736,,,Level_1
1220,160,RM,21.0,1680,Pave,Not Applicable,Reg,Lvl,Inside,Gtl,Norm,Twnhs,2Story,6,5,1971,Gable,CompShg,CemntBd,CmentBd,BrkFace,236.0,TA,TA,CBlock,TA,TA,No,Unf,0,Unf,672,672,GasA,TA,Y,SBrkr,672,546,0,1218,0,1,1,3,1,TA,7,Typ,0,Not Applicable,Not Applicable,Not Applicable,0,0,Other,Other,N,0,Not Applicable,0,WD,Abnorml,91500,1890,201,1.5,8.5,11340,9450,35,35,26.0,708.0,708.0,3654,3654,,,Level_1
1221,20,RL,66.0,7800,Pave,Not Applicable,IR1,Lvl,Inside,Gtl,Norm,1Fam,1Story,5,5,1964,Gable,CompShg,Wd Sdng,Wd Sdng,Not Applicable,0.0,TA,TA,CBlock,TA,TA,No,Rec,312,Other,0,912,GasA,TA,Y,SBrkr,912,0,0,912,0,1,0,2,1,TA,5,Typ,0,Not Applicable,Attchd,Unf,1,288,TA,TA,Y,0,Not Applicable,0,WD,Abnorml,115000,1824,0,1.0,6.0,9120,9120,42,42,42.0,0.0,0.0,2736,2736,864.0,864.0,Level_2
1222,20,RL,55.0,8250,Pave,Not Applicable,Reg,Lvl,Inside,Gtl,Other,1Fam,1Story,5,5,1968,Other,CompShg,HdBoard,HdBoard,Not Applicable,0.0,TA,TA,CBlock,TA,TA,No,BLQ,250,Other,210,952,GasA,Ex,Y,SBrkr,1211,0,0,1211,0,1,0,3,1,TA,5,Typ,1,TA,Attchd,Unf,1,322,TA,TA,Y,0,Not Applicable,0,WD,Normal,134000,2163,63,1.0,6.0,10815,10815,40,40,40.0,0.0,0.0,6055,3633,966.0,966.0,Level_2
1223,50,RL,78.0,10496,Pave,Not Applicable,Reg,Lvl,Inside,Gtl,Other,1Fam,1.5Fin,6,6,1949,Gable,CompShg,Wd Sdng,Wd Sdng,BrkFace,320.0,TA,TA,CBlock,TA,TA,Mn,Rec,196,Unf,844,1040,GasA,Ex,Y,SBrkr,1168,678,0,1846,0,2,0,3,1,TA,7,Typ,1,Gd,Attchd,Unf,1,315,TA,TA,Y,0,GdWo,0,WD,Normal,143000,2886,0,2.0,9.0,17316,17316,58,57,58.0,960.0,960.0,9230,5538,945.0,945.0,Level_2
1224,20,RL,89.0,10680,Pave,Not Applicable,Reg,Lvl,Inside,Gtl,Norm,1Fam,1Story,5,3,1951,Other,CompShg,Wd Sdng,Wd Sdng,BrkFace,44.0,TA,TA,CBlock,TA,Other,No,LwQ,756,Unf,1380,2136,GasA,TA,N,FuseA,2136,0,0,2136,0,2,0,4,1,TA,7,Other,0,Not Applicable,Detchd,Unf,2,528,TA,TA,Y,0,MnPrv,0,WD,Normal,137900,4272,30,2.0,9.0,21360,12816,55,55,55.0,132.0,132.0,6408,6408,1584.0,1584.0,Level_2
1225,60,RL,60.0,15384,Pave,Not Applicable,IR1,Lvl,Inside,Gtl,Other,1Fam,2Story,7,5,2004,Gable,CompShg,VinylSd,VinylSd,Not Applicable,0.0,Gd,TA,PConc,Gd,TA,Av,GLQ,724,Unf,64,788,GasA,Ex,Y,SBrkr,788,702,0,1490,1,2,1,3,1,Gd,8,Typ,1,Gd,Attchd,Fin,2,388,TA,TA,Y,0,Not Applicable,0,WD,Normal,184000,2278,175,3.5,10.5,15946,11390,4,3,4.0,0.0,0.0,7450,5960,1164.0,1164.0,Level_3
1226,80,RL,65.0,10482,Pave,Not Applicable,Reg,Lvl,Inside,Gtl,Norm,1Fam,SLvl,6,8,1958,Other,CompShg,VinylSd,VinylSd,BrkFace,63.0,TA,Gd,CBlock,TA,TA,Av,GLQ,507,Unf,81,588,GasA,Ex,Y,SBrkr,1138,0,0,1138,0,1,0,3,1,TA,6,Typ,0,Not Applicable,Attchd,RFn,1,264,TA,TA,Y,0,MnWw,0,WD,Normal,145000,1726,224,1.5,7.0,10356,13808,49,49,49.0,189.0,252.0,5690,3414,792.0,792.0,Level_2
1227,60,RL,86.0,14598,Pave,Not Applicable,IR1,Lvl,CulDSac,Gtl,Other,1Fam,2Story,6,5,2007,Gable,CompShg,VinylSd,VinylSd,Stone,74.0,Gd,TA,PConc,Gd,TA,Mn,Unf,0,Unf,894,894,GasA,Ex,Y,SBrkr,894,1039,0,1933,0,2,1,4,1,Gd,9,Typ,1,Gd,BuiltIn,Fin,3,668,TA,TA,Y,0,Not Applicable,0,WD,Normal,214000,2827,118,2.5,11.5,16962,14135,1,1,1.0,296.0,222.0,9665,7732,2004.0,2004.0,Level_4
1228,20,RL,72.0,8872,Pave,Not Applicable,Reg,Lvl,Corner,Gtl,Norm,1Fam,1Story,5,8,1965,Gable,CompShg,VinylSd,VinylSd,BrkFace,300.0,TA,TA,CBlock,TA,TA,No,ALQ,595,Unf,317,912,GasA,Ex,Y,SBrkr,912,0,0,912,1,1,0,2,1,Gd,5,Typ,0,Not Applicable,Detchd,Unf,2,576,TA,TA,Y,0,Not Applicable,0,WD,Normal,147000,1824,240,2.0,6.0,9120,14592,43,0,16.0,900.0,900.0,4560,3648,1728.0,1728.0,Level_2
1229,120,RL,65.0,8769,Pave,Not Applicable,Reg,Lvl,Corner,Gtl,Norm,TwnhsE,1Story,9,5,2008,Other,CompShg,MetalSd,MetalSd,BrkFace,766.0,Ex,TA,PConc,Ex,TA,No,GLQ,1540,Unf,162,1702,GasA,Ex,Y,SBrkr,1702,0,0,1702,1,1,1,1,1,Ex,7,Typ,1,Gd,Attchd,Fin,3,1052,TA,TA,Y,0,Not Applicable,0,New,Partial,367294,3404,296,2.5,8.5,30636,17020,0,0,0.0,3830.0,2298.0,8510,8510,3156.0,3156.0,Level_4
1230,80,RL,70.0,7910,Pave,Not Applicable,Reg,Lvl,Inside,Gtl,Norm,1Fam,SLvl,5,5,1960,Other,CompShg,BrkFace,HdBoard,Not Applicable,0.0,TA,TA,CBlock,TA,TA,No,ALQ,666,Unf,409,1075,GasA,Gd,Y,SBrkr,1507,0,0,1507,0,2,0,4,1,TA,7,Other,0,Not Applicable,Basment,Unf,1,404,TA,TA,Y,0,GdWo,0,WD,Normal,127000,2582,0,2.0,9.0,12910,12910,48,48,48.0,0.0,0.0,6028,4521,1212.0,1212.0,Level_2
1231,90,RL,69.0,18890,Pave,Not Applicable,IR1,Lvl,Inside,Gtl,Other,Duplex,1.5Fin,5,5,1977,Other,CompShg,Plywood,Plywood,Not Applicable,1.0,TA,TA,CBlock,Gd,TA,No,GLQ,498,Other,652,1361,GasA,Ex,Y,SBrkr,1361,1259,0,2620,0,2,2,4,2,TA,12,Typ,1,TA,BuiltIn,RFn,2,600,TA,TA,N,0,Not Applicable,8300,WD,Normal,190000,3981,324,3.0,15.0,19905,19905,30,30,30.0,3.0,3.0,13100,7860,1800.0,1800.0,Level_2
1232,90,RL,70.0,7728,Pave,Not Applicable,Reg,Lvl,Inside,Gtl,Norm,Duplex,SLvl,5,6,1962,Other,CompShg,Wd Sdng,Wd Sdng,BrkFace,120.0,TA,TA,CBlock,TA,TA,Av,ALQ,803,Unf,303,1106,GasA,TA,Y,SBrkr,1190,0,0,1190,1,1,0,3,1,TA,6,Typ,0,Not Applicable,Attchd,Unf,2,540,TA,TA,Y,0,GdWo,0,WD,Normal,132500,2296,18,2.0,7.0,11480,13776,44,44,44.0,360.0,360.0,3570,3570,1620.0,1620.0,Level_2
1233,90,RL,70.0,9842,Pave,Not Applicable,Reg,Lvl,FR2,Gtl,Norm,Duplex,1Story,4,5,1962,Gable,CompShg,HdBoard,HdBoard,Not Applicable,0.0,TA,TA,Slab,Not Applicable,Other,Not Applicable,Not Applicable,0,Other,0,0,GasA,TA,Y,SBrkr,1224,0,0,1224,0,2,0,2,2,TA,6,Typ,0,Not Applicable,CarPort,Unf,2,462,TA,TA,Y,0,Not Applicable,0,WD,Normal,101800,1224,0,2.0,8.0,4896,6120,45,45,45.0,0.0,0.0,3672,3672,1386.0,1386.0,Level_2
1234,20,RL,69.0,12160,Pave,Not Applicable,IR1,Lvl,Inside,Gtl,Norm,1Fam,1Story,5,5,1959,Other,CompShg,Plywood,Plywood,BrkFace,180.0,TA,TA,CBlock,TA,TA,No,Rec,1000,Unf,188,1188,GasA,Fa,Y,SBrkr,1188,0,0,1188,1,1,0,3,1,TA,6,Typ,0,Not Applicable,Attchd,RFn,2,531,TA,TA,Y,0,MnPrv,0,COD,Abnorml,142000,2376,0,2.0,7.0,11880,11880,51,51,51.0,540.0,540.0,2376,3564,1593.0,1593.0,Level_2
1235,70,RH,55.0,8525,Pave,Not Applicable,Reg,Other,Inside,Gtl,Norm,1Fam,2Story,5,6,1911,Gable,CompShg,MetalSd,MetalSd,Not Applicable,0.0,TA,TA,PConc,TA,TA,Av,Unf,0,Unf,940,940,GasA,TA,N,FuseA,1024,940,0,1964,0,1,1,4,1,TA,7,Typ,0,Not Applicable,Not Applicable,Not Applicable,0,0,Other,Other,N,0,Not Applicable,0,WD,Abnorml,130000,2904,192,1.5,8.5,14520,17424,97,58,28.0,0.0,0.0,5892,5892,,,Level_2
1236,70,RL,96.0,13132,Pave,Not Applicable,Reg,Lvl,Inside,Gtl,Norm,1Fam,2Story,5,5,1914,Gable,CompShg,Wd Sdng,Wd Sdng,Not Applicable,0.0,TA,TA,BrkTil,Gd,TA,Mn,Unf,0,Unf,747,747,GasA,Gd,Y,FuseF,892,892,0,1784,0,1,1,4,1,TA,9,Typ,0,Not Applicable,Detchd,Unf,1,180,Other,Other,N,0,Not Applicable,0,WD,Normal,138887,2531,243,1.5,10.5,12655,12655,92,56,92.0,0.0,0.0,7136,5352,360.0,360.0,Level_4
1237,160,RL,36.0,2628,Pave,Not Applicable,Reg,Lvl,Inside,Gtl,Norm,Twnhs,2Story,7,5,2003,Gable,CompShg,VinylSd,Wd Shng,Stone,106.0,Gd,TA,PConc,Gd,TA,No,Unf,0,Unf,764,764,GasA,Ex,Y,SBrkr,764,862,0,1626,0,2,1,2,1,Gd,6,Typ,0,Not Applicable,BuiltIn,RFn,2,474,TA,TA,Y,0,Not Applicable,0,WD,Normal,175500,2390,27,2.5,8.5,16730,11950,7,7,7.0,424.0,318.0,8130,6504,1422.0,1422.0,Level_4
1238,60,RL,41.0,12393,Pave,Not Applicable,IR2,Lvl,FR2,Gtl,Norm,1Fam,2Story,7,5,2004,Gable,CompShg,VinylSd,VinylSd,Not Applicable,0.0,Gd,TA,PConc,Gd,TA,No,Unf,0,Unf,847,847,GasA,Ex,Y,SBrkr,847,1101,0,1948,0,2,1,4,1,Gd,8,Typ,1,Gd,BuiltIn,Fin,2,434,TA,TA,Y,0,Not Applicable,0,WD,Normal,195000,2795,148,2.5,10.5,19565,13975,2,1,2.0,0.0,0.0,9740,7792,1302.0,1302.0,Level_3
1239,20,RL,63.0,13072,Pave,Not Applicable,Reg,Lvl,Inside,Gtl,Other,1Fam,1Story,6,5,2005,Gable,CompShg,VinylSd,VinylSd,Not Applicable,0.0,Gd,TA,PConc,Gd,TA,No,Unf,0,Unf,1141,1141,GasA,Ex,Y,SBrkr,1141,0,0,1141,0,1,1,3,1,TA,6,Typ,0,Not Applicable,Detchd,Unf,2,484,TA,TA,Y,0,Not Applicable,0,WD,Abnorml,142500,2282,0,1.5,7.5,13692,11410,1,1,1.0,0.0,0.0,5705,3423,1452.0,1452.0,Level_3
1240,20,RL,64.0,9037,Pave,Not Applicable,IR1,Other,Inside,Gtl,Norm,1Fam,1Story,8,5,2006,Other,CompShg,VinylSd,VinylSd,BrkFace,32.0,Gd,TA,PConc,Gd,TA,Av,GLQ,428,Unf,1048,1476,GasA,Ex,Y,SBrkr,1484,0,0,1484,0,2,0,2,1,Ex,6,Typ,1,Gd,Attchd,RFn,2,472,TA,TA,Y,0,Not Applicable,0,WD,Normal,265900,2960,153,2.0,8.0,23680,14800,1,1,1.0,128.0,96.0,7420,7420,1416.0,1416.0,Level_4
1241,60,RL,65.0,8158,Pave,Not Applicable,Reg,Lvl,Inside,Gtl,Norm,1Fam,2Story,7,5,2003,Gable,CompShg,VinylSd,VinylSd,BrkFace,252.0,Gd,TA,PConc,Gd,TA,No,GLQ,550,Unf,334,884,GasA,Ex,Y,SBrkr,884,884,0,1768,1,2,1,3,1,Gd,8,Typ,0,Not Applicable,Attchd,RFn,2,543,TA,TA,Y,0,Not Applicable,0,WD,Normal,224900,2652,63,3.5,10.5,18564,13260,5,5,5.0,1008.0,756.0,8840,7072,1629.0,1629.0,Level_3
1242,20,RL,83.0,9849,Pave,Not Applicable,Reg,Lvl,Inside,Gtl,Norm,1Fam,1Story,7,6,2007,Other,CompShg,VinylSd,VinylSd,Stone,0.0,Gd,TA,PConc,Gd,TA,Av,Unf,0,Unf,1689,1689,GasA,Ex,Y,SBrkr,1689,0,0,1689,0,2,0,3,1,Gd,7,Typ,0,Not Applicable,Attchd,RFn,3,954,TA,TA,Y,0,Not Applicable,0,New,Partial,248328,3378,56,2.0,9.0,23646,20268,0,0,0.0,0.0,0.0,8445,6756,2862.0,2862.0,Level_4
1243,85,RL,85.0,10625,Pave,Not Applicable,Reg,Lvl,Inside,Gtl,Norm,1Fam,SFoyer,7,6,1974,Gable,CompShg,Plywood,Plywood,BrkFace,81.0,TA,TA,CBlock,Gd,TA,Gd,GLQ,885,Other,0,1053,GasA,TA,Y,SBrkr,1173,0,0,1173,1,2,0,3,1,Gd,6,Typ,2,TA,Attchd,RFn,2,528,TA,TA,Y,0,MnPrv,0,WD,Family,170000,2226,120,3.0,8.0,15582,13356,36,36,36.0,243.0,243.0,3519,4692,1584.0,1584.0,Level_3
1244,20,RL,107.0,13891,Pave,Not Applicable,Reg,Lvl,Inside,Gtl,Norm,1Fam,1Story,10,5,2006,Gable,CompShg,VinylSd,VinylSd,Not Applicable,0.0,Ex,TA,PConc,Ex,Other,Gd,GLQ,1386,Unf,690,2076,GasA,Ex,Y,SBrkr,2076,0,0,2076,1,2,1,2,1,Ex,7,Typ,1,Gd,Attchd,Fin,3,850,TA,TA,Y,0,Not Applicable,0,New,Partial,465000,4152,445,3.5,9.5,41520,20760,0,0,0.0,0.0,0.0,10380,10380,2550.0,2550.0,Level_4
1245,70,RL,69.0,11435,Pave,Not Applicable,IR1,Other,Corner,Other,Norm,1Fam,2Story,8,7,1929,Gable,CompShg,BrkFace,Stucco,Not Applicable,0.0,TA,TA,PConc,Gd,TA,No,Unf,0,Unf,792,792,GasA,Fa,Y,SBrkr,792,725,0,1517,0,1,0,3,1,Gd,7,Typ,2,Gd,Detchd,Unf,2,400,TA,TA,Y,0,Not Applicable,0,WD,Normal,230000,2309,0,1.0,8.0,18472,16163,77,56,75.0,0.0,0.0,3034,6068,1200.0,1200.0,Level_4
1246,80,RL,78.0,12090,Pave,Not Applicable,Reg,Lvl,Inside,Gtl,Norm,1Fam,SLvl,6,7,1984,Other,CompShg,VinylSd,VinylSd,BrkFace,74.0,TA,TA,CBlock,Gd,TA,No,Unf,0,Unf,585,585,GasA,Ex,Y,SBrkr,1140,728,0,1868,0,3,1,3,1,TA,7,Typ,1,TA,BuiltIn,Fin,2,477,TA,TA,Y,0,Not Applicable,0,WD,Abnorml,178000,2453,527,3.5,10.5,14718,17171,23,4,23.0,222.0,222.0,9340,5604,1431.0,1431.0,Level_3
1247,60,FV,65.0,8125,Pave,Not Applicable,Reg,Lvl,Inside,Gtl,Norm,1Fam,2Story,7,5,2005,Gable,CompShg,VinylSd,VinylSd,Not Applicable,0.0,Gd,TA,PConc,Gd,TA,No,Unf,0,Unf,756,756,GasA,Ex,Y,SBrkr,756,797,0,1553,0,2,1,3,1,Gd,6,Typ,0,Not Applicable,Attchd,RFn,2,615,TA,TA,Y,0,Not Applicable,0,New,Partial,186500,2309,45,2.5,8.5,16163,11545,1,0,1.0,0.0,0.0,7765,6212,1845.0,1845.0,Level_4
1248,80,RL,69.0,12328,Pave,Not Applicable,IR1,Lvl,Inside,Gtl,Norm,1Fam,SLvl,6,5,1976,Gable,CompShg,HdBoard,HdBoard,BrkFace,335.0,TA,TA,CBlock,TA,TA,Av,GLQ,539,Unf,473,1012,GasA,TA,Y,SBrkr,1034,0,0,1034,1,1,0,3,1,TA,6,Typ,0,Not Applicable,Attchd,Unf,3,888,TA,TA,Y,0,Not Applicable,0,WD,Normal,169900,2046,0,2.0,7.0,12276,10230,34,34,34.0,1005.0,1005.0,3102,3102,2664.0,2664.0,Level_2
1249,75,RM,60.0,9600,Pave,Grvl,Reg,Lvl,Inside,Gtl,Norm,1Fam,2.5Unf,6,5,1917,Gable,CompShg,AsbShng,AsbShng,Not Applicable,0.0,TA,TA,BrkTil,Gd,TA,No,Rec,319,Unf,416,735,Other,Fa,N,SBrkr,1134,924,0,2058,0,1,1,3,1,TA,8,Typ,1,Gd,Detchd,Unf,2,396,Other,Other,P,0,Not Applicable,0,WD,Normal,129500,2793,259,1.5,9.5,16758,13965,91,58,58.0,0.0,0.0,4116,6174,792.0,792.0,Level_1
1250,20,RL,60.0,7200,Pave,Not Applicable,Reg,Lvl,Inside,Gtl,Norm,1Fam,1Story,5,7,1950,Gable,CompShg,MetalSd,MetalSd,Not Applicable,0.0,TA,TA,CBlock,TA,TA,No,BLQ,534,Other,246,876,GasA,TA,Y,SBrkr,988,0,0,988,0,1,0,3,1,TA,6,Typ,0,Not Applicable,Attchd,Unf,1,276,TA,TA,Y,0,Not Applicable,0,WD,Normal,119000,1864,80,1.0,7.0,9320,13048,57,57,57.0,0.0,0.0,2964,2964,828.0,828.0,Level_2
1251,20,RL,93.0,11160,Pave,Not Applicable,Reg,Lvl,Corner,Gtl,Norm,1Fam,1Story,7,5,1968,Other,CompShg,BrkFace,BrkFace,Not Applicable,0.0,Gd,TA,CBlock,TA,TA,No,ALQ,1065,Unf,1045,2110,GasA,Ex,Y,SBrkr,2110,0,0,2110,1,2,1,3,1,Ex,8,Typ,2,TA,Attchd,Fin,2,522,TA,TA,Y,0,Not Applicable,0,WD,Normal,244000,4220,0,3.5,10.5,29540,21100,42,42,42.0,0.0,0.0,10550,10550,1566.0,1566.0,Level_2
1252,120,RL,69.0,3136,Pave,Not Applicable,IR1,Lvl,Corner,Gtl,Norm,TwnhsE,1Story,7,5,2003,Gable,CompShg,VinylSd,Wd Shng,Stone,163.0,Gd,TA,PConc,Gd,TA,No,Unf,0,Unf,1405,1405,GasA,Ex,Y,SBrkr,1405,0,0,1405,0,2,0,2,1,Gd,6,Typ,1,Gd,Attchd,RFn,2,478,TA,TA,Y,0,Not Applicable,0,WD,Normal,171750,2810,184,2.0,8.0,19670,14050,3,3,3.0,652.0,489.0,7025,5620,1434.0,1434.0,Level_4
1253,20,RL,62.0,9858,Pave,Not Applicable,Reg,Lvl,Inside,Gtl,Norm,1Fam,1Story,5,6,1968,Gable,CompShg,HdBoard,HdBoard,Not Applicable,0.0,TA,TA,CBlock,TA,TA,No,BLQ,510,Unf,354,864,GasA,TA,Y,SBrkr,874,0,0,874,1,1,0,3,1,TA,5,Typ,0,Not Applicable,Attchd,RFn,1,288,TA,TA,Y,0,GdWo,600,WD,Normal,130000,1738,33,2.0,6.0,8690,10428,41,41,41.0,0.0,0.0,2622,2622,864.0,864.0,Level_2
1254,60,RL,69.0,17542,Pave,Not Applicable,IR1,Lvl,Inside,Gtl,Norm,1Fam,2Story,7,7,1974,Gable,CompShg,Wd Sdng,Wd Sdng,Not Applicable,0.0,Gd,TA,CBlock,TA,TA,Gd,LwQ,125,Other,36,1192,GasA,TA,Y,SBrkr,1516,651,0,2167,1,2,1,3,1,Gd,9,Typ,2,Gd,Attchd,RFn,2,518,TA,TA,Y,0,MnPrv,0,WD,Normal,294000,3359,267,3.5,11.5,23513,23513,33,4,33.0,0.0,0.0,6501,8668,1554.0,1554.0,Level_4
1255,60,RL,60.0,6931,Pave,Not Applicable,Reg,Lvl,Inside,Gtl,Norm,1Fam,2Story,7,5,2003,Gable,CompShg,VinylSd,VinylSd,Stone,92.0,Gd,TA,PConc,Gd,TA,No,Unf,0,Unf,746,746,GasA,Ex,Y,SBrkr,760,896,0,1656,0,2,1,3,1,Gd,7,Typ,1,Gd,BuiltIn,Fin,2,397,TA,TA,Y,0,Not Applicable,0,WD,Normal,165400,2402,306,2.5,9.5,16814,12010,5,4,5.0,368.0,276.0,8280,6624,1191.0,1191.0,Level_1
1256,50,RM,52.0,6240,Pave,Not Applicable,Reg,Lvl,Inside,Gtl,Norm,1Fam,1.5Fin,6,6,1931,Gable,CompShg,Wd Sdng,Wd Sdng,Not Applicable,0.0,TA,TA,BrkTil,TA,Other,No,LwQ,425,Unf,459,884,GasA,TA,Y,FuseA,959,408,0,1367,0,1,0,3,1,TA,6,Typ,1,Gd,Detchd,Unf,1,560,TA,TA,Y,0,Not Applicable,0,WD,Normal,127500,2251,120,1.0,7.0,13506,13506,76,57,29.0,0.0,0.0,4101,4101,1680.0,1680.0,Level_1
1257,20,RL,91.0,14303,Pave,Not Applicable,IR1,Lvl,Corner,Gtl,Norm,1Fam,1Story,8,5,1994,Other,CompShg,HdBoard,HdBoard,BrkFace,554.0,Gd,TA,PConc,Gd,TA,Gd,GLQ,1314,Unf,672,1986,GasA,Ex,Y,SBrkr,1987,0,0,1987,1,2,0,2,1,Gd,7,Typ,1,TA,Attchd,Fin,2,691,TA,TA,Y,0,Not Applicable,0,WD,Normal,301500,3973,298,3.0,9.0,31784,19865,14,14,14.0,2216.0,1662.0,9935,7948,2073.0,2073.0,Level_4
1258,30,RL,56.0,4060,Pave,Not Applicable,Reg,Lvl,Corner,Gtl,Other,1Fam,1Story,5,8,1922,Gable,CompShg,Wd Sdng,Wd Sdng,Not Applicable,0.0,TA,TA,PConc,Fa,TA,No,Unf,0,Unf,864,864,GasA,Ex,Y,SBrkr,864,0,0,864,0,1,0,2,1,TA,4,Typ,0,Not Applicable,Not Applicable,Not Applicable,0,0,Other,Other,Y,0,Not Applicable,0,WD,Normal,99900,1728,96,1.0,5.0,8640,13824,87,59,29.0,0.0,0.0,4320,2592,,,Level_1
1259,80,RL,59.0,9587,Pave,Not Applicable,IR1,Lvl,Inside,Gtl,Norm,1Fam,SLvl,7,5,2005,Gable,CompShg,VinylSd,VinylSd,Stone,182.0,Gd,TA,PConc,Gd,TA,Gd,GLQ,655,Unf,201,856,GasA,Ex,Y,SBrkr,1166,0,0,1166,1,2,0,2,1,Gd,5,Typ,0,Not Applicable,Attchd,Fin,2,400,TA,TA,Y,0,Not Applicable,0,WD,Normal,190000,2022,212,3.0,7.0,14154,10110,3,3,3.0,728.0,546.0,5830,4664,1200.0,1200.0,Level_3
1260,20,RL,65.0,9750,Pave,Not Applicable,Reg,Lvl,FR2,Gtl,Norm,1Fam,1Story,6,8,1969,Gable,CompShg,HdBoard,HdBoard,Not Applicable,0.0,TA,TA,CBlock,Gd,TA,No,ALQ,602,Other,14,1054,GasA,Gd,Y,SBrkr,1054,0,0,1054,1,1,1,3,1,TA,6,Typ,0,Not Applicable,Attchd,Unf,2,460,TA,TA,Y,0,Not Applicable,0,WD,Normal,151000,2108,260,2.5,7.5,12648,16864,39,39,39.0,0.0,0.0,4216,3162,1380.0,1380.0,Level_2
1261,60,RL,69.0,24682,Pave,Not Applicable,IR3,Lvl,CulDSac,Gtl,Other,1Fam,2Story,6,5,1999,Gable,CompShg,VinylSd,VinylSd,Not Applicable,0.0,TA,TA,PConc,Gd,TA,No,Unf,0,Unf,841,841,GasA,Ex,Y,SBrkr,892,783,0,1675,0,2,1,3,1,TA,7,Typ,1,TA,BuiltIn,Fin,2,502,TA,TA,Y,0,Not Applicable,0,WD,Normal,181000,2516,103,2.5,9.5,15096,12580,10,10,10.0,0.0,0.0,8375,5025,1506.0,1506.0,Level_3
1262,20,RL,80.0,9600,Pave,Not Applicable,Reg,Lvl,Inside,Gtl,Norm,1Fam,1Story,5,6,1956,Other,CompShg,MetalSd,MetalSd,Not Applicable,0.0,TA,TA,CBlock,TA,TA,No,Rec,504,Unf,546,1050,GasA,Gd,Y,SBrkr,1050,0,0,1050,0,1,0,2,1,TA,5,Typ,0,Not Applicable,Attchd,Unf,1,338,TA,TA,Y,0,Not Applicable,0,WD,Normal,128900,2100,0,1.0,6.0,10500,12600,53,53,53.0,0.0,0.0,4200,3150,1014.0,1014.0,Level_2
1263,50,RL,69.0,11250,Pave,Not Applicable,Reg,Lvl,Inside,Gtl,Norm,1Fam,1.5Fin,4,5,1957,Gable,CompShg,Wd Sdng,Wd Sdng,Not Applicable,0.0,TA,TA,CBlock,TA,TA,Av,Unf,0,Unf,1104,1104,GasA,Ex,Y,FuseA,1104,684,0,1788,1,1,0,5,1,TA,8,Other,2,TA,Attchd,Unf,1,304,TA,TA,Y,0,Not Applicable,0,WD,Normal,161500,2892,120,2.0,9.0,11568,14460,52,20,52.0,0.0,0.0,8940,5364,912.0,912.0,Level_3
1264,70,RL,60.0,13515,Pave,Pave,Reg,Lvl,Inside,Gtl,Norm,1Fam,2Story,6,6,1919,Other,CompShg,Wd Sdng,Wd Sdng,Not Applicable,0.0,TA,TA,PConc,TA,TA,No,Unf,0,Unf,764,764,GasA,Ex,Y,FuseA,1060,764,0,1824,0,1,0,3,1,TA,8,Typ,1,Gd,Detchd,Unf,2,520,TA,TA,N,0,GdPrv,0,WD,Normal,180500,2588,126,1.0,9.0,15528,15528,88,57,67.0,0.0,0.0,9120,5472,1560.0,1560.0,Level_1
1265,120,RH,34.0,4060,Pave,Not Applicable,Reg,Lvl,Inside,Gtl,Norm,TwnhsE,1Story,6,5,1998,Gable,CompShg,MetalSd,MetalSd,Not Applicable,0.0,Gd,TA,PConc,Gd,TA,No,GLQ,266,Unf,1139,1405,GasA,Ex,Y,SBrkr,1337,0,0,1337,1,2,0,2,1,Gd,5,Typ,0,Not Applicable,Attchd,Fin,2,511,TA,TA,Y,0,Not Applicable,0,COD,Abnorml,181000,2742,212,3.0,7.0,16452,13710,10,9,10.0,0.0,0.0,6685,5348,1533.0,1533.0,Level_2
1266,160,FV,35.0,3735,Pave,Not Applicable,Reg,Lvl,FR3,Gtl,Norm,TwnhsE,2Story,7,5,1999,Other,CompShg,MetalSd,MetalSd,BrkFace,218.0,Gd,TA,PConc,Gd,TA,No,GLQ,450,Unf,241,691,GasA,Ex,Y,SBrkr,713,739,0,1452,1,2,1,3,1,Gd,6,Typ,0,Not Applicable,Detchd,Unf,2,506,TA,TA,Y,0,Not Applicable,0,WD,Normal,183900,2143,34,3.5,8.5,15001,10715,7,7,7.0,872.0,654.0,7260,5808,1518.0,1518.0,Level_4
1267,190,RM,60.0,10120,Pave,Not Applicable,IR1,Other,Inside,Gtl,Other,2fmCon,2.5Unf,7,4,1910,Other,CompShg,Wd Sdng,Wd Sdng,Not Applicable,0.0,Fa,TA,CBlock,TA,TA,No,Unf,0,Unf,925,925,GasA,TA,N,FuseF,964,925,0,1889,0,1,1,4,2,TA,9,Typ,1,Gd,Detchd,Unf,1,308,TA,TA,N,0,MnPrv,0,WD,Normal,122000,2814,264,1.5,10.5,19698,11256,97,57,47.0,0.0,0.0,5667,5667,924.0,924.0,Level_1
1268,20,RL,89.0,13214,Pave,Not Applicable,IR1,Other,Inside,Gtl,Norm,1Fam,1Story,9,5,2008,Other,CompShg,Stucco,CmentBd,Not Applicable,0.0,Ex,TA,PConc,Ex,TA,Gd,Unf,0,Unf,2002,2002,GasA,Ex,Y,SBrkr,2018,0,0,2018,0,2,0,3,1,Ex,10,Typ,1,Gd,Attchd,Fin,3,746,TA,TA,Y,0,Not Applicable,0,WD,Normal,378500,4020,220,2.0,12.0,36180,20100,2,1,1.0,0.0,0.0,10090,10090,2238.0,2238.0,Level_4
1269,50,RL,69.0,14100,Pave,Not Applicable,IR1,Lvl,Inside,Other,Norm,1Fam,1.5Fin,8,9,1935,Gable,CompShg,Stucco,Stucco,BrkFace,632.0,TA,Gd,CBlock,TA,TA,Mn,Rec,192,Unf,536,728,GasA,Ex,Y,SBrkr,1968,1479,0,3447,0,3,1,4,1,Gd,11,Typ,2,Gd,BuiltIn,Unf,3,1014,TA,TA,Y,0,GdWo,0,WD,Normal,381000,4175,326,3.5,14.5,33400,37575,73,11,26.0,1896.0,2528.0,17235,13788,3042.0,3042.0,Level_4
1270,50,RL,78.0,11344,Pave,Not Applicable,Reg,Lvl,Inside,Gtl,Other,1Fam,1.5Fin,5,5,1958,Gable,CompShg,MetalSd,MetalSd,BrkFace,180.0,TA,TA,CBlock,TA,TA,No,BLQ,460,Unf,414,874,Other,TA,Y,FuseA,874,650,0,1524,0,1,1,3,1,TA,7,Typ,0,Not Applicable,Attchd,Unf,1,315,TA,TA,Y,0,GdWo,0,WD,Normal,144000,2398,0,1.5,8.5,11990,11990,49,49,49.0,540.0,540.0,4572,4572,945.0,945.0,Level_2
1271,40,RL,69.0,23595,Pave,Not Applicable,Reg,Other,Inside,Other,Norm,1Fam,1Story,7,6,1979,Other,Other,Plywood,Plywood,Not Applicable,0.0,Gd,TA,PConc,Gd,TA,Gd,GLQ,1258,Unf,74,1332,GasA,TA,Y,SBrkr,1332,192,0,1524,2,0,1,0,1,Gd,4,Typ,1,TA,Attchd,Fin,2,586,TA,TA,Y,0,Not Applicable,0,WD,Normal,260000,2856,268,2.5,4.5,19992,17136,31,31,31.0,0.0,0.0,4572,6096,1758.0,1758.0,Level_3
1272,20,RL,69.0,9156,Pave,Not Applicable,IR1,Lvl,Inside,Gtl,Other,1Fam,1Story,6,7,1968,Other,CompShg,BrkFace,BrkFace,Not Applicable,0.0,TA,TA,CBlock,TA,TA,No,Unf,0,Unf,1489,1489,GasA,Gd,Y,SBrkr,1489,0,0,1489,0,2,0,3,1,Gd,7,Typ,1,Gd,Attchd,RFn,2,462,TA,TA,Y,0,Not Applicable,0,WD,Normal,185750,2978,0,2.0,9.0,17868,20846,41,41,41.0,0.0,0.0,5956,5956,1386.0,1386.0,Level_3
1273,20,RL,69.0,13526,Pave,Not Applicable,IR1,Lvl,CulDSac,Gtl,Norm,1Fam,1Story,5,6,1965,Other,CompShg,HdBoard,Plywood,BrkFace,114.0,TA,TA,CBlock,TA,TA,No,BLQ,560,Other,0,935,GasA,TA,Y,SBrkr,935,0,0,935,1,1,0,3,1,TA,5,Typ,0,Not Applicable,Attchd,Unf,1,288,TA,TA,Y,0,MnPrv,0,WD,Normal,137000,1870,180,2.0,6.0,9350,11220,41,41,41.0,342.0,342.0,2805,2805,864.0,864.0,Level_2
1274,80,RL,124.0,11512,Pave,Not Applicable,IR1,Lvl,Corner,Gtl,Norm,1Fam,SLvl,6,7,1959,Gable,CompShg,Plywood,Plywood,BrkFace,84.0,TA,TA,CBlock,TA,TA,Av,ALQ,719,Unf,300,1019,GasA,Gd,Y,SBrkr,1357,0,0,1357,1,1,0,2,1,Ex,5,Typ,1,Gd,Basment,RFn,1,312,TA,TA,Y,0,GdPrv,0,WD,Normal,177000,2376,163,2.0,6.0,14256,16632,49,2,49.0,252.0,252.0,5428,6785,936.0,936.0,Level_1
1275,50,RL,53.0,5362,Pave,Not Applicable,Reg,Lvl,Corner,Gtl,Norm,1Fam,1.5Fin,5,6,1910,Gable,CompShg,Wd Sdng,Wd Shng,Not Applicable,0.0,TA,TA,PConc,TA,TA,No,Unf,0,Unf,661,661,GasA,Ex,Y,SBrkr,661,589,0,1250,0,2,0,3,1,TA,8,Typ,1,Gd,Detchd,Unf,2,552,TA,TA,Y,0,Not Applicable,0,WD,Normal,139000,1911,323,2.0,10.0,9555,11466,97,4,22.0,0.0,0.0,6250,3750,1656.0,1656.0,Level_4
1276,90,RL,95.0,11345,Pave,Not Applicable,Reg,Lvl,Corner,Gtl,Other,Duplex,2Story,5,5,1948,Gable,Other,AsbShng,AsbShng,Stone,567.0,TA,TA,CBlock,TA,TA,No,Rec,220,Unf,708,928,GasA,Gd,Y,FuseA,928,992,0,1920,0,2,0,4,2,TA,10,Typ,0,Not Applicable,Detchd,Unf,2,400,TA,Other,Y,0,Not Applicable,0,WD,Normal,137000,2848,0,2.0,12.0,14240,14240,59,57,59.0,1701.0,1701.0,7680,5760,1200.0,800.0,Level_2
1277,60,RL,69.0,12936,Pave,Not Applicable,IR1,Lvl,CulDSac,Gtl,Norm,1Fam,2Story,6,6,1972,Gable,CompShg,HdBoard,Plywood,Not Applicable,0.0,TA,TA,CBlock,TA,Other,No,BLQ,593,Unf,130,723,GasA,TA,Y,SBrkr,735,660,0,1395,0,1,1,3,1,TA,6,Typ,1,TA,Attchd,Unf,2,497,TA,TA,Y,0,Not Applicable,0,WD,Normal,162000,2118,410,2.0,7.5,12708,12708,37,37,37.0,0.0,0.0,4185,4185,1491.0,1491.0,Level_3
1278,80,RL,69.0,17871,Pave,Not Applicable,IR1,Lvl,CulDSac,Gtl,Norm,1Fam,SLvl,6,5,1967,Gable,CompShg,HdBoard,HdBoard,BrkFace,359.0,TA,TA,CBlock,Gd,TA,Av,ALQ,528,Unf,1152,1680,GasA,Fa,Y,SBrkr,1724,0,0,1724,1,1,1,3,1,TA,7,Typ,1,Gd,Attchd,RFn,2,480,TA,TA,Y,0,Not Applicable,0,WD,Normal,197900,3404,0,2.5,8.5,20424,17020,42,33,42.0,1077.0,1077.0,3448,5172,1440.0,1440.0,Level_3
1279,60,RL,75.0,9473,Pave,Not Applicable,Reg,Lvl,Inside,Gtl,Norm,1Fam,2Story,8,5,2002,Gable,CompShg,VinylSd,VinylSd,Not Applicable,0.0,Gd,TA,PConc,Gd,TA,No,GLQ,804,Unf,324,1128,GasA,Ex,Y,SBrkr,1128,903,0,2031,1,2,1,3,1,Gd,7,Typ,1,Gd,Attchd,RFn,2,577,TA,TA,Y,0,Not Applicable,0,WD,Normal,237000,3159,211,3.5,9.5,25272,15795,6,6,6.0,0.0,0.0,10155,8124,1731.0,1731.0,Level_3
1280,50,C (all),60.0,7500,Pave,Not Applicable,Reg,Lvl,Inside,Gtl,Norm,1Fam,1.5Fin,4,4,1920,Gable,CompShg,MetalSd,MetalSd,Not Applicable,0.0,TA,Gd,CBlock,TA,TA,No,Unf,0,Unf,698,698,GasA,TA,Y,FuseA,698,430,0,1128,0,1,0,2,1,TA,6,Typ,0,Not Applicable,Detchd,RFn,2,528,TA,TA,Y,0,Not Applicable,0,COD,Abnorml,68400,1826,194,1.0,7.0,7304,7304,90,60,30.0,0.0,0.0,3384,3384,1584.0,1584.0,Level_1
1281,20,RL,67.0,9808,Pave,Not Applicable,IR1,Lvl,Inside,Gtl,Norm,1Fam,1Story,7,5,2002,Gable,CompShg,VinylSd,VinylSd,BrkFace,110.0,Gd,TA,PConc,Gd,TA,No,GLQ,788,Unf,785,1573,GasA,Ex,Y,SBrkr,1573,0,0,1573,1,2,0,3,1,Gd,6,Typ,0,Not Applicable,Attchd,RFn,2,544,TA,TA,Y,0,Not Applicable,0,WD,Normal,227000,3146,72,3.0,8.0,22022,15730,7,7,7.0,440.0,330.0,7865,6292,1632.0,1632.0,Level_3
1282,20,RL,50.0,8049,Pave,Not Applicable,IR1,Lvl,CulDSac,Gtl,Norm,1Fam,1Story,7,5,1990,Other,CompShg,HdBoard,HdBoard,BrkFace,54.0,TA,TA,CBlock,Gd,TA,No,ALQ,1053,Unf,256,1309,GasA,TA,Y,SBrkr,1339,0,0,1339,1,2,0,2,1,TA,6,Typ,1,TA,Attchd,Fin,2,484,Other,Other,Y,0,Not Applicable,0,WD,Normal,180000,2648,148,3.0,8.0,18536,13240,16,16,16.0,162.0,162.0,4017,4017,1936.0,1936.0,Level_4
1283,20,RL,61.0,8800,Pave,Not Applicable,IR1,Lvl,Inside,Gtl,Norm,1Fam,1Story,5,7,1977,Gable,CompShg,HdBoard,HdBoard,Not Applicable,0.0,TA,TA,CBlock,Gd,TA,Mn,LwQ,532,Other,364,1040,GasA,TA,Y,SBrkr,1040,0,0,1040,0,2,0,3,1,Gd,5,Typ,0,Not Applicable,Detchd,Unf,2,484,TA,TA,Y,0,Not Applicable,0,WD,Normal,150500,2080,288,2.0,7.0,10400,14560,32,1,32.0,0.0,0.0,3120,4160,1452.0,1452.0,Level_3
1284,90,RL,94.0,9400,Pave,Not Applicable,Reg,Other,Corner,Gtl,Norm,Duplex,2Story,6,5,1971,Other,CompShg,MetalSd,Wd Shng,Not Applicable,0.0,TA,TA,CBlock,TA,TA,Av,Unf,0,Unf,912,912,GasA,TA,Y,SBrkr,912,912,0,1824,0,2,2,4,2,TA,8,Typ,0,Not Applicable,Not Applicable,Not Applicable,0,0,Other,Other,Y,0,Not Applicable,0,WD,Normal,139000,2736,128,3.0,11.0,16416,13680,39,39,30.0,0.0,0.0,5472,5472,,,Level_2
1285,50,RL,50.0,9638,Pave,Not Applicable,Reg,Lvl,Inside,Gtl,Other,1Fam,1.5Fin,6,7,1919,Gable,CompShg,Wd Sdng,Wd Shng,Not Applicable,0.0,TA,TA,PConc,TA,TA,No,Unf,0,Unf,804,804,GasA,Ex,Y,SBrkr,1699,748,0,2447,0,2,0,4,1,Gd,10,Other,1,Gd,Detchd,Unf,1,336,TA,TA,Y,0,Not Applicable,0,WD,Normal,169000,3251,430,2.0,12.0,19506,22757,91,20,41.0,0.0,0.0,12235,9788,1008.0,1008.0,Level_2
1286,50,RM,50.0,6000,Pave,Not Applicable,Reg,Lvl,Inside,Gtl,Norm,1Fam,1.5Fin,6,6,1939,Gable,CompShg,MetalSd,MetalSd,Not Applicable,0.0,TA,Fa,CBlock,TA,TA,No,Unf,0,Unf,780,780,GasA,Ex,Y,FuseF,825,587,0,1412,0,1,0,4,1,TA,6,Typ,1,Gd,Detchd,Unf,1,280,TA,TA,Y,0,Not Applicable,0,WD,Normal,132500,2192,45,1.0,7.0,13152,13152,70,59,70.0,0.0,0.0,7060,4236,840.0,840.0,Level_1
1287,20,RL,69.0,9790,Pave,Not Applicable,Reg,Lvl,Inside,Gtl,Other,1Fam,1Story,6,5,1963,Other,CompShg,HdBoard,HdBoard,BrkFace,451.0,TA,TA,CBlock,TA,TA,No,ALQ,569,Other,678,1328,GasA,TA,Y,SBrkr,1328,0,0,1328,1,1,1,3,1,TA,6,Typ,2,Gd,Attchd,Unf,2,528,TA,TA,Y,0,Not Applicable,0,WD,Normal,143000,2656,26,2.5,7.5,15936,13280,47,47,47.0,1353.0,1353.0,3984,3984,1584.0,1584.0,Level_3
1288,20,RL,69.0,36500,Pave,Not Applicable,IR1,Other,Inside,Other,Norm,1Fam,1Story,5,5,1964,Gable,CompShg,Wd Sdng,Wd Sdng,BrkCmn,621.0,TA,Gd,CBlock,TA,TA,Av,Rec,812,Unf,812,1624,GasA,Fa,Y,SBrkr,1582,0,0,1582,0,2,0,4,1,TA,7,Typ,0,Not Applicable,Attchd,Unf,2,390,TA,TA,N,0,Not Applicable,0,WD,Normal,190000,3206,366,2.5,9.0,16030,16030,42,42,42.0,1863.0,2484.0,3164,4746,1170.0,1170.0,Level_3
1289,120,RL,40.0,5664,Pave,Not Applicable,IR1,Lvl,Inside,Gtl,Norm,TwnhsE,1Story,8,5,2000,Gable,CompShg,CemntBd,CmentBd,Not Applicable,0.0,Gd,TA,PConc,Gd,TA,No,GLQ,1158,Unf,343,1501,GasA,Ex,Y,SBrkr,1659,0,0,1659,1,2,0,2,1,Ex,5,Typ,1,Ex,Attchd,Fin,2,499,TA,TA,Y,0,Not Applicable,0,WD,Normal,278000,3160,271,3.0,7.0,25280,15800,9,9,9.0,0.0,0.0,8295,8295,1497.0,1497.0,Level_4
1290,60,RL,86.0,11065,Pave,Not Applicable,IR1,Lvl,Inside,Gtl,Norm,1Fam,2Story,8,5,2006,Gable,CompShg,VinylSd,VinylSd,Stone,788.0,Gd,TA,PConc,Gd,TA,Mn,Unf,0,Unf,1085,1085,GasA,Ex,Y,SBrkr,1120,850,0,1970,0,2,1,3,1,Ex,8,Typ,1,Gd,BuiltIn,Fin,3,753,TA,TA,Y,0,Not Applicable,0,New,Partial,281000,3055,251,2.5,10.5,24440,15275,0,0,0.0,3152.0,2364.0,9850,9850,2259.0,2259.0,Level_4
1291,80,RL,69.0,14112,Pave,Not Applicable,IR1,Lvl,Corner,Gtl,Norm,1Fam,SLvl,5,7,1964,Other,CompShg,Wd Sdng,HdBoard,BrkFace,86.0,TA,TA,PConc,TA,TA,Av,GLQ,1014,Unf,138,1152,GasA,TA,Y,SBrkr,1152,0,0,1152,1,1,0,3,1,TA,6,Typ,1,Gd,Attchd,RFn,2,484,TA,TA,Y,0,Not Applicable,0,WD,Normal,180500,2304,227,2.0,7.0,11520,16128,46,46,46.0,258.0,258.0,3456,3456,1452.0,1452.0,Level_2
1292,160,RM,21.0,1680,Pave,Not Applicable,Reg,Lvl,Inside,Gtl,Norm,Twnhs,2Story,5,7,1972,Gable,CompShg,CemntBd,CmentBd,BrkFace,268.0,TA,TA,CBlock,TA,TA,No,ALQ,231,Unf,399,630,GasA,TA,Y,SBrkr,630,672,0,1302,0,2,1,3,1,TA,6,Typ,0,Not Applicable,Detchd,Unf,1,264,TA,TA,Y,0,Not Applicable,0,WD,Normal,119500,1932,185,2.5,8.5,9660,13524,37,37,37.0,804.0,804.0,3906,3906,792.0,792.0,Level_1
1293,70,RM,60.0,6600,Pave,Not Applicable,Reg,Lvl,Corner,Gtl,Norm,1Fam,2Story,5,4,1892,Gable,CompShg,Wd Sdng,Wd Sdng,Not Applicable,0.0,TA,TA,Stone,TA,TA,No,Unf,0,Unf,994,994,GasA,TA,N,SBrkr,1378,994,0,2372,0,2,0,4,2,TA,11,Other,0,Not Applicable,Attchd,RFn,1,432,TA,TA,Y,0,Not Applicable,0,WD,Normal,107500,3366,287,2.0,13.0,16830,13464,117,44,24.0,0.0,0.0,7116,7116,1296.0,1296.0,Level_1
1294,60,RL,78.0,10140,Pave,Not Applicable,Reg,Lvl,Inside,Gtl,Norm,1Fam,2Story,7,5,1976,Gable,CompShg,HdBoard,HdBoard,Not Applicable,0.0,TA,TA,PConc,Gd,TA,No,GLQ,194,Unf,638,832,GasA,TA,Y,SBrkr,832,832,0,1664,0,2,1,4,1,TA,8,Typ,1,TA,Attchd,RFn,2,528,TA,TA,Y,0,GdWo,0,WD,Normal,162900,2496,287,2.5,10.5,17472,12480,30,30,30.0,0.0,0.0,4992,4992,1584.0,1584.0,Level_3
1295,20,RL,60.0,8172,Pave,Not Applicable,Reg,Lvl,Inside,Gtl,Norm,1Fam,1Story,5,7,1955,Other,CompShg,WdShing,Plywood,Not Applicable,0.0,TA,TA,CBlock,TA,TA,No,Rec,167,Unf,697,864,GasA,TA,Y,SBrkr,864,0,0,864,1,1,0,2,1,TA,5,Typ,0,Not Applicable,Detchd,Unf,2,572,TA,TA,N,0,Not Applicable,0,WD,Normal,115000,1728,0,2.0,6.0,8640,12096,51,16,49.0,0.0,0.0,2592,2592,1716.0,1716.0,Level_1
1296,20,RL,70.0,8400,Pave,Not Applicable,Reg,Lvl,Inside,Gtl,Other,1Fam,1Story,5,5,1968,Other,CompShg,HdBoard,HdBoard,BrkFace,168.0,TA,TA,CBlock,TA,TA,Av,BLQ,1016,Unf,36,1052,GasA,Gd,Y,SBrkr,1052,0,0,1052,1,1,1,3,1,TA,5,Typ,0,Not Applicable,Attchd,RFn,1,288,TA,TA,Y,0,GdWo,0,WD,Normal,138500,2104,356,2.5,6.5,10520,10520,38,38,38.0,504.0,504.0,4208,3156,864.0,864.0,Level_2
1297,20,RL,80.0,8700,Pave,Not Applicable,Reg,Lvl,Inside,Gtl,Norm,1Fam,1Story,5,6,1963,Other,CompShg,MetalSd,MetalSd,BrkFace,148.0,TA,Gd,CBlock,TA,TA,Mn,ALQ,776,Unf,344,1120,GasA,Gd,Y,SBrkr,1128,0,0,1128,1,2,0,3,1,TA,6,Typ,0,Not Applicable,Attchd,RFn,2,525,TA,TA,Y,0,MnPrv,0,WD,Normal,155000,2248,335,3.0,8.0,11240,13488,45,45,45.0,444.0,592.0,4512,3384,1575.0,1575.0,Level_2
1298,180,RM,35.0,3675,Pave,Not Applicable,Reg,Lvl,Inside,Gtl,Norm,TwnhsE,SFoyer,6,5,2005,Gable,CompShg,VinylSd,VinylSd,BrkFace,82.0,TA,TA,PConc,Gd,TA,Gd,GLQ,547,Unf,0,547,GasA,Gd,Y,SBrkr,1072,0,0,1072,1,2,0,2,1,TA,5,Typ,0,Not Applicable,Basment,Fin,2,525,TA,TA,Y,0,Not Applicable,0,New,Partial,140000,1619,44,3.0,7.0,9714,8095,1,0,1.0,246.0,246.0,4288,3216,1575.0,1575.0,Level_1
1299,60,RL,313.0,63887,Pave,Not Applicable,IR3,Other,Corner,Gtl,Other,1Fam,2Story,10,5,2008,Other,Other,Stucco,Stucco,Stone,796.0,Ex,TA,PConc,Ex,TA,Gd,GLQ,5644,Unf,466,6110,GasA,Ex,Y,SBrkr,4692,950,0,5642,2,2,1,3,1,Ex,12,Typ,3,Gd,Attchd,Fin,2,1418,TA,TA,Y,480,Not Applicable,0,New,Partial,160000,11752,506,4.5,14.5,117520,58760,0,0,0.0,3980.0,2388.0,28210,28210,4254.0,4254.0,Level_1
1300,20,RL,75.0,7500,Pave,Not Applicable,Reg,Lvl,Inside,Gtl,Norm,1Fam,1Story,5,7,1959,Other,CompShg,BrkFace,BrkFace,Not Applicable,0.0,TA,TA,CBlock,TA,TA,No,LwQ,340,Other,0,1246,GasA,Ex,Y,SBrkr,1246,0,0,1246,1,1,1,3,1,Gd,6,Typ,0,Not Applicable,Attchd,RFn,1,305,TA,TA,Y,0,GdPrv,0,WD,Normal,154000,2492,218,2.5,7.5,12460,17444,51,16,51.0,0.0,0.0,6230,4984,915.0,915.0,Level_2
1301,60,RL,69.0,10762,Pave,Not Applicable,IR1,Lvl,CulDSac,Gtl,Norm,1Fam,2Story,7,5,1999,Gable,CompShg,VinylSd,VinylSd,Not Applicable,344.0,Gd,TA,PConc,Gd,TA,No,GLQ,694,Unf,284,978,GasA,Ex,Y,SBrkr,1005,978,0,1983,0,2,1,3,1,Gd,9,Typ,1,TA,Attchd,Fin,2,490,TA,TA,Y,0,Not Applicable,0,WD,Normal,225000,2961,0,2.5,11.5,20727,14805,10,10,10.0,1376.0,1032.0,9915,7932,1470.0,1470.0,Level_3
1302,70,RL,69.0,7500,Pave,Not Applicable,IR1,Other,Inside,Gtl,Norm,1Fam,2Story,6,7,1942,Gable,CompShg,Wd Sdng,Wd Sdng,Not Applicable,0.0,TA,TA,CBlock,TA,TA,No,BLQ,547,Unf,224,771,GasA,Fa,Y,SBrkr,753,741,0,1494,0,1,0,3,1,Gd,7,Typ,2,Gd,Attchd,Unf,1,213,TA,TA,P,0,Not Applicable,0,WD,Normal,177500,2265,224,1.0,8.0,13590,15855,67,59,67.0,0.0,0.0,2988,5976,639.0,639.0,Level_4
1303,60,RL,92.0,10120,Pave,Not Applicable,Reg,Lvl,Inside,Gtl,Norm,1Fam,2Story,8,5,1994,Other,CompShg,VinylSd,VinylSd,BrkFace,391.0,Gd,TA,PConc,Gd,TA,No,GLQ,740,Unf,425,1165,GasA,Ex,Y,SBrkr,1203,1323,0,2526,1,2,1,4,1,Gd,8,Typ,1,TA,Attchd,RFn,3,844,TA,TA,Y,0,Not Applicable,0,WD,Normal,290000,3691,387,3.5,10.5,29528,18455,12,12,12.0,1564.0,1173.0,12630,10104,2532.0,2532.0,Level_4
1304,20,RL,73.0,8688,Pave,Not Applicable,Reg,Lvl,Inside,Gtl,Norm,1Fam,1Story,7,5,2005,Gable,CompShg,VinylSd,VinylSd,BrkFace,228.0,Gd,TA,PConc,Gd,TA,Av,Unf,0,Unf,1616,1616,GasA,Ex,Y,SBrkr,1616,0,0,1616,0,2,0,3,1,Gd,7,Typ,0,Not Applicable,Attchd,RFn,3,834,TA,TA,Y,0,Not Applicable,0,WD,Normal,232000,3232,267,2.0,9.0,22624,16160,1,1,1.0,912.0,684.0,8080,6464,2502.0,2502.0,Level_4
1305,160,RM,32.0,3363,Pave,Not Applicable,Reg,Lvl,Inside,Gtl,Norm,TwnhsE,2Story,7,5,2004,Gable,CompShg,VinylSd,VinylSd,Stone,117.0,Gd,TA,PConc,Gd,TA,No,Unf,0,Unf,976,976,GasA,Ex,Y,SBrkr,976,732,0,1708,0,2,0,3,1,Gd,7,Other,0,Not Applicable,Detchd,Unf,2,380,TA,TA,Y,0,Not Applicable,0,WD,Normal,130000,2684,40,2.0,9.0,18788,13420,2,2,2.0,468.0,351.0,8540,6832,1140.0,1140.0,Level_1
1306,20,RL,108.0,13173,Pave,Not Applicable,IR1,Lvl,Corner,Gtl,Norm,1Fam,1Story,9,5,2006,Other,CompShg,VinylSd,VinylSd,Stone,300.0,Gd,TA,PConc,Ex,TA,No,GLQ,1572,Unf,80,1652,GasA,Ex,Y,SBrkr,1652,0,0,1652,1,2,0,2,1,Ex,6,Typ,2,Ex,Attchd,Fin,2,840,TA,TA,Y,0,Not Applicable,0,WD,Normal,325000,3304,506,3.0,8.0,29736,16520,3,2,3.0,1200.0,900.0,8260,8260,2520.0,2520.0,Level_4
1307,120,RL,48.0,6955,Pave,Not Applicable,IR1,Lvl,Inside,Gtl,Norm,TwnhsE,1Story,7,5,2005,Gable,CompShg,VinylSd,VinylSd,Stone,94.0,Gd,TA,PConc,Gd,TA,No,Unf,0,Unf,1368,1368,GasA,Ex,Y,SBrkr,1368,0,0,1368,0,2,0,2,1,Gd,6,Typ,1,Gd,Attchd,RFn,2,474,TA,TA,Y,0,Not Applicable,0,New,Partial,202500,2736,167,2.0,8.0,19152,13680,1,0,1.0,376.0,282.0,6840,5472,1422.0,1422.0,Level_4
1308,20,RL,60.0,8072,Pave,Not Applicable,Reg,Lvl,Inside,Gtl,Norm,1Fam,1Story,5,5,1994,Gable,CompShg,VinylSd,VinylSd,Not Applicable,0.0,TA,Gd,PConc,Gd,Other,No,ALQ,746,Unf,244,990,GasA,Ex,Y,SBrkr,990,0,0,990,1,1,0,3,1,TA,5,Typ,0,Not Applicable,Detchd,Unf,2,480,TA,TA,Y,0,Not Applicable,0,WD,Normal,138000,1980,64,2.0,6.0,9900,9900,15,14,9.0,0.0,0.0,4950,2970,1440.0,1440.0,Level_3
1309,20,RM,100.0,12000,Pave,Not Applicable,Reg,Lvl,Inside,Gtl,Norm,1Fam,1Story,5,7,1948,Gable,CompShg,MetalSd,MetalSd,Not Applicable,0.0,TA,TA,CBlock,TA,TA,No,GLQ,144,Other,172,924,GasA,Ex,Y,SBrkr,1122,0,0,1122,1,1,0,2,1,Gd,6,Typ,0,Not Applicable,Attchd,Unf,2,528,TA,TA,Y,0,GdWo,0,WD,Normal,147000,2046,36,2.0,7.0,10230,14322,60,3,60.0,0.0,0.0,5610,4488,1584.0,1584.0,Level_1
1310,20,RL,69.0,7153,Pave,Not Applicable,Reg,Lvl,Inside,Gtl,Norm,1Fam,1Story,6,5,1991,Gable,CompShg,HdBoard,HdBoard,BrkFace,88.0,TA,TA,CBlock,Gd,TA,No,GLQ,1200,Unf,78,1278,GasA,Gd,Y,SBrkr,1294,0,0,1294,1,2,0,3,1,Gd,6,Typ,0,Not Applicable,Attchd,RFn,2,496,TA,TA,Y,0,GdWo,0,WD,Normal,179200,2572,163,3.0,8.0,15432,12860,17,17,17.0,264.0,264.0,5176,5176,1488.0,1488.0,Level_3
1311,20,RL,100.0,17500,Pave,Not Applicable,Reg,Lvl,Inside,Gtl,Other,1Fam,1Story,7,8,1959,Gable,CompShg,BrkFace,HdBoard,Not Applicable,0.0,Gd,Gd,PConc,Gd,TA,Av,GLQ,1406,Unf,496,1902,GasA,TA,Y,SBrkr,1902,0,0,1902,1,2,0,3,1,Ex,7,Typ,2,TA,Attchd,Fin,2,567,TA,TA,Y,0,Not Applicable,0,WD,Normal,335000,3804,369,3.0,9.0,26628,30432,51,8,51.0,0.0,0.0,5706,9510,1701.0,1701.0,Level_4
1312,20,RL,68.0,8814,Pave,Not Applicable,Reg,Lvl,Inside,Gtl,Norm,1Fam,1Story,7,5,2005,Gable,CompShg,VinylSd,VinylSd,BrkFace,80.0,Gd,TA,PConc,Gd,TA,No,GLQ,925,Unf,349,1274,GasA,Ex,Y,SBrkr,1274,0,0,1274,1,2,0,3,1,Gd,6,Typ,0,Not Applicable,Attchd,RFn,2,508,TA,TA,Y,0,Not Applicable,0,New,Partial,203000,2548,362,3.0,8.0,17836,12740,2,0,2.0,320.0,240.0,6370,5096,1524.0,1524.0,Level_3
1313,60,RL,69.0,9572,Pave,Not Applicable,IR1,Lvl,Inside,Gtl,Norm,1Fam,2Story,8,5,1990,Gable,CompShg,Wd Sdng,Wd Sdng,BrkFace,336.0,Gd,TA,PConc,Ex,TA,No,GLQ,482,Unf,971,1453,GasA,Ex,Y,SBrkr,1453,1357,0,2810,0,2,1,4,1,Gd,9,Typ,1,Ex,Attchd,RFn,2,750,Other,Other,Y,0,Not Applicable,0,WD,Normal,302000,4263,500,2.5,11.5,34104,21315,17,17,17.0,1344.0,1008.0,14050,11240,3000.0,3000.0,Level_4
1314,60,RL,108.0,14774,Pave,Not Applicable,IR1,Lvl,Corner,Gtl,Norm,1Fam,2Story,9,5,1999,Gable,CompShg,VinylSd,VinylSd,BrkFace,165.0,Gd,TA,PConc,Gd,TA,No,Unf,0,Unf,1393,1393,GasA,Ex,Y,SBrkr,1422,1177,0,2599,0,2,1,4,1,Gd,10,Typ,1,TA,BuiltIn,Fin,3,779,TA,TA,Y,0,Not Applicable,0,WD,Normal,333168,3992,698,2.5,12.5,35928,19960,11,11,11.0,660.0,495.0,12995,10396,2337.0,2337.0,Level_4
1315,20,RL,60.0,8190,Pave,Not Applicable,Reg,Lvl,Inside,Gtl,Norm,1Fam,1Story,4,6,1954,Other,CompShg,Wd Sdng,Wd Sdng,Not Applicable,0.0,TA,TA,CBlock,TA,TA,No,Rec,732,Unf,216,948,GasA,Ex,Y,SBrkr,948,0,0,948,1,1,0,3,1,TA,5,Typ,1,TA,Detchd,Unf,1,280,TA,TA,Y,0,Not Applicable,0,WD,Normal,119000,1896,36,2.0,6.0,7584,11376,53,53,51.0,0.0,0.0,4740,2844,840.0,840.0,Level_1
1316,60,RL,85.0,11075,Pave,Not Applicable,Reg,Lvl,Inside,Gtl,Norm,1Fam,2Story,6,5,1969,Gable,CompShg,HdBoard,HdBoard,Not Applicable,0.0,TA,TA,CBlock,Fa,TA,Mn,ALQ,500,Other,176,952,GasA,TA,Y,SBrkr,1092,1020,0,2112,0,2,1,4,1,TA,9,Typ,2,Gd,Attchd,Unf,2,576,TA,TA,Y,0,Not Applicable,0,WD,Normal,206900,3064,280,2.5,11.5,18384,15320,39,39,39.0,0.0,0.0,6336,6336,1728.0,1728.0,Level_2
1317,20,RL,61.0,10226,Pave,Not Applicable,IR1,Lvl,Inside,Gtl,Norm,1Fam,1Story,8,5,2008,Gable,CompShg,VinylSd,VinylSd,Stone,270.0,Gd,TA,PConc,Ex,TA,Gd,Unf,0,Unf,1622,1622,GasA,Ex,Y,SBrkr,1630,0,0,1630,1,2,0,3,1,Ex,8,Typ,1,Gd,Attchd,RFn,3,860,TA,TA,Y,0,Not Applicable,0,WD,Normal,295493,3252,214,3.0,10.0,26016,16260,1,1,1.0,1080.0,810.0,8150,8150,2580.0,2580.0,Level_3
1318,120,FV,47.0,4230,Pave,Pave,Reg,Lvl,Corner,Gtl,Norm,TwnhsE,1Story,7,5,2006,Gable,CompShg,VinylSd,VinylSd,Not Applicable,0.0,Gd,TA,PConc,Ex,Other,No,Unf,0,Unf,1352,1352,GasA,Ex,Y,SBrkr,1352,0,0,1352,0,2,0,2,1,Gd,5,Typ,1,Gd,Attchd,RFn,2,466,TA,TA,Y,0,Not Applicable,0,New,Partial,208900,2704,241,2.0,7.0,18928,13520,1,0,1.0,0.0,0.0,6760,5408,1398.0,1398.0,Level_4
1319,20,RL,69.0,14781,Pave,Not Applicable,IR2,Lvl,CulDSac,Gtl,Norm,1Fam,1Story,8,5,2001,Other,CompShg,VinylSd,VinylSd,BrkFace,178.0,Gd,TA,PConc,Gd,TA,Gd,Unf,0,Unf,1753,1753,GasA,Ex,Y,SBrkr,1787,0,0,1787,0,2,0,3,1,Gd,7,Typ,1,TA,Attchd,RFn,3,748,TA,TA,Y,0,Not Applicable,0,WD,Normal,275000,3540,348,2.0,9.0,28320,17700,5,4,5.0,712.0,534.0,8935,7148,2244.0,2244.0,Level_3
1320,20,RL,75.0,10215,Pave,Not Applicable,Reg,Other,Inside,Gtl,Norm,1Fam,1Story,4,5,1954,Other,CompShg,Wd Sdng,Wd Sdng,BrkFace,132.0,TA,TA,PConc,TA,TA,No,ALQ,492,Unf,372,864,GasA,Ex,Y,SBrkr,948,0,0,948,0,1,0,3,1,TA,5,Typ,0,Not Applicable,Attchd,Unf,1,248,TA,TA,Y,0,Not Applicable,0,WD,Normal,111000,1812,0,1.0,6.0,7248,9060,53,53,53.0,396.0,396.0,4740,2844,744.0,744.0,Level_1
1321,20,RL,70.0,8400,Pave,Not Applicable,Reg,Lvl,Inside,Gtl,Norm,1Fam,1Story,6,3,1957,Other,CompShg,BrkFace,BrkFace,Not Applicable,0.0,TA,TA,CBlock,TA,TA,No,ALQ,189,Other,628,1478,GasA,Gd,Y,SBrkr,1478,0,0,1478,1,1,1,3,1,TA,6,Typ,2,Gd,Attchd,RFn,2,442,TA,TA,Y,0,Not Applicable,0,WD,Normal,156500,2956,330,2.5,7.5,17736,8868,52,52,52.0,0.0,0.0,5912,4434,1326.0,1326.0,Level_2
1322,20,RL,69.0,6627,Pave,Not Applicable,IR1,Lvl,Corner,Gtl,Other,1Fam,1Story,3,6,1949,Other,CompShg,VinylSd,VinylSd,Not Applicable,0.0,TA,TA,CBlock,Not Applicable,Other,Not Applicable,Not Applicable,0,Other,0,0,Other,TA,N,SBrkr,720,0,0,720,0,1,0,2,1,TA,4,Typ,0,Not Applicable,Detchd,Unf,1,287,TA,Other,Y,0,Not Applicable,0,WD,Normal,72500,720,0,1.0,5.0,2160,4320,59,58,53.0,0.0,0.0,2160,2160,861.0,574.0,Level_1
1323,60,RL,107.0,10186,Pave,Not Applicable,IR1,Lvl,Inside,Gtl,Norm,1Fam,2Story,7,5,1992,Gable,CompShg,HdBoard,HdBoard,Not Applicable,0.0,Gd,TA,PConc,Gd,TA,No,GLQ,674,Unf,76,750,GasA,Ex,Y,SBrkr,1061,862,0,1923,1,2,1,3,1,Gd,8,Typ,1,TA,Attchd,RFn,2,564,TA,TA,Y,0,Not Applicable,0,WD,Normal,190000,2673,279,3.5,10.5,18711,13365,18,18,18.0,0.0,0.0,9615,7692,1692.0,1692.0,Level_4
1324,30,RL,50.0,5330,Pave,Not Applicable,Reg,Other,Inside,Gtl,Norm,1Fam,1Story,4,7,1940,Other,CompShg,VinylSd,VinylSd,Not Applicable,0.0,Fa,TA,CBlock,TA,TA,No,LwQ,280,Unf,140,420,GasA,Gd,Y,SBrkr,708,0,0,708,0,1,0,2,1,Fa,5,Typ,0,Not Applicable,Not Applicable,Not Applicable,0,0,Other,Other,Y,0,Not Applicable,0,WD,Normal,82500,1128,164,1.0,6.0,4512,7896,69,59,29.0,0.0,0.0,2832,1416,,,Level_1
1325,20,RL,75.0,9986,Pave,Not Applicable,Reg,Lvl,Inside,Gtl,Norm,1Fam,1Story,8,5,2006,Gable,CompShg,VinylSd,VinylSd,BrkFace,428.0,Gd,TA,PConc,Ex,TA,Av,Unf,0,Unf,1795,1795,GasA,Ex,Y,SBrkr,1795,0,0,1795,0,2,0,2,1,Gd,7,Typ,1,Gd,Attchd,RFn,3,895,TA,TA,Y,0,Not Applicable,0,New,Partial,147000,3590,49,2.0,9.0,28720,17950,1,0,0.0,1712.0,1284.0,8975,7180,2685.0,2685.0,Level_4
1326,30,RM,40.0,3636,Pave,Not Applicable,Reg,Lvl,Inside,Gtl,Norm,1Fam,1Story,4,4,1922,Gable,CompShg,AsbShng,AsbShng,Not Applicable,0.0,TA,TA,BrkTil,TA,Other,No,Unf,0,Unf,796,796,GasA,Fa,N,SBrkr,796,0,0,796,0,1,0,2,1,TA,5,Typ,0,Not Applicable,Not Applicable,Not Applicable,0,0,Other,Other,N,0,MnPrv,0,WD,Normal,55000,1592,100,1.0,6.0,6368,6368,86,58,28.0,0.0,0.0,1592,2388,,,Level_1
1327,30,RH,70.0,4270,Pave,Not Applicable,Reg,Other,Inside,Other,Norm,1Fam,1Story,3,6,1931,Gable,CompShg,MetalSd,MetalSd,Not Applicable,0.0,TA,TA,BrkTil,TA,TA,No,Rec,544,Unf,0,544,GasA,Ex,Y,SBrkr,774,0,0,774,0,1,0,3,1,Gd,6,Typ,0,Not Applicable,Not Applicable,Not Applicable,0,0,Other,Other,Y,0,Not Applicable,0,WD,Normal,79000,1318,286,1.0,7.0,3954,7908,76,1,27.0,0.0,0.0,3870,3096,,,Level_1
1328,20,RL,60.0,6600,Pave,Not Applicable,Reg,Lvl,Inside,Gtl,Norm,1Fam,1Story,5,9,1982,Gable,CompShg,VinylSd,VinylSd,Not Applicable,0.0,Gd,Gd,CBlock,TA,TA,No,ALQ,641,Unf,175,816,GasA,Ex,Y,SBrkr,816,0,0,816,0,1,0,3,1,Gd,5,Typ,1,Ex,Attchd,Unf,1,264,TA,TA,Y,0,MnPrv,0,WD,Normal,130500,1632,0,1.5,6.0,8160,14688,26,0,26.0,0.0,0.0,4080,3264,792.0,792.0,Level_2
1329,50,RM,60.0,10440,Pave,Grvl,Reg,Lvl,Corner,Gtl,Norm,1Fam,1.5Fin,6,7,1920,Gable,CompShg,BrkFace,Wd Sdng,Not Applicable,0.0,Gd,Gd,BrkTil,Gd,TA,No,LwQ,493,Unf,1017,1510,Other,Ex,Y,SBrkr,1584,1208,0,2792,0,2,0,5,1,TA,8,Other,2,TA,Detchd,Unf,2,520,Other,TA,Y,0,MnPrv,1150,WD,Normal,256000,4302,1027,2.0,10.0,25812,30114,88,58,88.0,0.0,0.0,13960,8376,1040.0,1560.0,Level_1
1330,60,RL,63.0,9084,Pave,Not Applicable,IR1,Lvl,Inside,Gtl,Norm,1Fam,2Story,7,5,1998,Other,CompShg,VinylSd,VinylSd,Not Applicable,0.0,TA,TA,PConc,Gd,TA,No,Unf,0,Unf,935,935,GasA,Gd,Y,SBrkr,955,677,0,1632,0,2,1,3,1,TA,8,Typ,1,TA,Attchd,Fin,2,462,TA,TA,Y,0,Not Applicable,0,WD,Normal,176500,2567,28,2.5,10.5,17969,12835,8,8,8.0,0.0,0.0,6528,4896,1386.0,1386.0,Level_3
1331,20,RL,85.0,10000,Pave,Not Applicable,Reg,Lvl,Inside,Gtl,Norm,1Fam,1Story,8,5,2006,Other,CompShg,VinylSd,VinylSd,Stone,410.0,Gd,TA,PConc,Gd,Other,Av,Unf,0,Unf,1588,1588,GasA,Ex,Y,SBrkr,1588,0,0,1588,0,2,0,3,1,Gd,7,Typ,1,Gd,Attchd,RFn,3,825,TA,TA,Y,0,Not Applicable,0,WD,Normal,227000,3176,189,2.0,9.0,25408,15880,1,1,1.0,1640.0,1230.0,7940,6352,2475.0,2475.0,Level_4
1332,80,RL,55.0,10780,Pave,Not Applicable,IR1,Lvl,Inside,Gtl,Norm,1Fam,SLvl,5,5,1976,Gable,CompShg,MetalSd,MetalSd,Not Applicable,0.0,TA,TA,CBlock,TA,TA,Av,ALQ,483,Unf,428,911,GasA,Gd,Y,SBrkr,954,0,0,954,0,1,0,3,1,TA,6,Typ,0,Not Applicable,Detchd,Unf,2,576,TA,TA,Y,0,Not Applicable,0,WD,Normal,132500,1865,0,1.0,7.0,9325,9325,30,30,30.0,0.0,0.0,3816,2862,1728.0,1728.0,Level_3
1333,20,RL,67.0,8877,Pave,Not Applicable,Reg,Lvl,Inside,Other,Norm,1Fam,1Story,4,6,1938,Gable,CompShg,MetalSd,MetalSd,Not Applicable,0.0,TA,TA,CBlock,TA,TA,Mn,ALQ,690,Unf,126,816,GasA,Ex,Y,SBrkr,816,0,0,816,1,1,0,2,1,TA,3,Typ,1,Gd,Detchd,Unf,1,288,Other,Other,Y,0,Not Applicable,0,WD,Normal,100000,1632,0,2.0,4.0,6528,9792,71,51,51.0,0.0,0.0,4080,2448,576.0,576.0,Level_1
1334,50,RM,60.0,7200,Pave,Not Applicable,Reg,Lvl,Corner,Gtl,Norm,1Fam,1.5Fin,5,6,1938,Gable,CompShg,Wd Sdng,Wd Sdng,Not Applicable,0.0,TA,TA,CBlock,TA,TA,No,Unf,0,Unf,803,803,GasA,Ex,Y,SBrkr,803,557,0,1360,0,1,1,2,1,Gd,6,Typ,0,Not Applicable,Detchd,Unf,1,297,TA,TA,Y,0,MnPrv,0,WD,Normal,125500,2163,255,1.5,7.5,10815,12978,68,11,55.0,0.0,0.0,6800,5440,891.0,891.0,Level_1
1335,160,RM,24.0,2368,Pave,Not Applicable,Reg,Lvl,Inside,Gtl,Norm,TwnhsE,2Story,5,6,1970,Gable,CompShg,HdBoard,HdBoard,Not Applicable,312.0,TA,TA,CBlock,TA,TA,No,LwQ,765,Unf,0,765,GasA,TA,Y,SBrkr,765,600,0,1365,0,1,1,3,1,TA,7,Other,0,Not Applicable,Attchd,Unf,2,440,TA,TA,Y,0,Not Applicable,0,WD,Normal,125000,2130,36,1.5,8.5,10650,12780,39,39,39.0,936.0,936.0,4095,4095,1320.0,1320.0,Level_1
1336,20,RL,80.0,9650,Pave,Not Applicable,Reg,Lvl,Inside,Gtl,Norm,1Fam,1Story,6,5,1977,Gable,CompShg,Plywood,Plywood,BrkFace,360.0,TA,TA,CBlock,Gd,TA,No,ALQ,686,Unf,664,1350,GasA,TA,Y,SBrkr,1334,0,0,1334,0,2,0,2,1,TA,6,Typ,1,TA,Attchd,RFn,2,630,TA,TA,Y,0,Not Applicable,0,WD,Normal,167900,2684,16,2.5,8.0,16104,13420,32,32,32.0,1080.0,1080.0,4002,4002,1890.0,1890.0,Level_3
1337,90,RL,87.0,9246,Pave,Not Applicable,IR1,Lvl,Inside,Gtl,Other,Duplex,1Story,5,5,1973,Gable,CompShg,Plywood,Plywood,BrkFace,564.0,TA,TA,CBlock,TA,TA,No,Unf,0,Unf,1656,1656,GasA,TA,Y,SBrkr,1656,0,0,1656,0,2,0,4,2,TA,8,Typ,0,Not Applicable,Detchd,Unf,2,506,TA,TA,Y,0,Not Applicable,0,WD,Normal,135000,3312,211,2.0,10.0,16560,16560,35,35,35.0,1692.0,1692.0,4968,4968,1518.0,1518.0,Level_3
1338,30,RM,153.0,4118,Pave,Grvl,IR1,Other,Corner,Other,Other,1Fam,1Story,4,4,1941,Gable,CompShg,Wd Sdng,Wd Sdng,Not Applicable,0.0,TA,TA,CBlock,TA,TA,No,Unf,0,Unf,693,693,Other,Fa,N,FuseA,693,0,0,693,0,1,0,2,1,Fa,4,Typ,0,Not Applicable,Not Applicable,Not Applicable,0,0,Other,Other,N,0,Not Applicable,0,WD,Normal,52500,1386,20,1.0,5.0,5544,5544,65,56,26.0,0.0,0.0,1386,1386,,,Level_1
1339,60,RL,95.0,13450,Pave,Not Applicable,IR1,Lvl,Corner,Gtl,Norm,1Fam,2Story,7,5,2002,Gable,CompShg,VinylSd,VinylSd,Not Applicable,0.0,Gd,TA,PConc,Gd,TA,No,GLQ,700,Unf,216,916,GasA,Ex,Y,SBrkr,920,941,0,1861,1,2,1,3,1,Gd,8,Typ,0,Not Applicable,BuiltIn,RFn,2,492,TA,TA,Y,0,Not Applicable,0,WD,Normal,200000,2777,237,3.5,10.5,19439,13885,4,4,4.0,0.0,0.0,9305,7444,1476.0,1476.0,Level_3
1340,20,RL,120.0,9560,Pave,Not Applicable,IR1,Lvl,Corner,Gtl,Norm,1Fam,1Story,5,7,1972,Other,CompShg,MetalSd,MetalSd,Not Applicable,0.0,TA,Gd,CBlock,TA,TA,Mn,Rec,360,Unf,504,864,GasA,Ex,Y,SBrkr,864,0,0,864,0,1,0,3,1,TA,5,Typ,0,Not Applicable,Attchd,RFn,1,288,TA,TA,Y,0,Not Applicable,0,WD,Normal,128500,1728,0,1.0,6.0,8640,12096,34,34,34.0,0.0,0.0,4320,2592,864.0,864.0,Level_3
1341,20,RL,70.0,8294,Pave,Not Applicable,Reg,Lvl,Inside,Gtl,Norm,1Fam,1Story,4,5,1971,Gable,CompShg,MetalSd,MetalSd,Not Applicable,0.0,TA,TA,CBlock,TA,TA,No,Unf,0,Unf,858,858,GasA,TA,Y,SBrkr,872,0,0,872,0,1,0,3,1,TA,5,Typ,0,Not Applicable,Detchd,Unf,4,480,TA,TA,Y,0,GdWo,0,WD,Normal,123000,1730,0,1.0,6.0,6920,8650,36,36,33.0,0.0,0.0,2616,2616,1440.0,1440.0,Level_2
1342,20,RL,66.0,13695,Pave,Not Applicable,Reg,Lvl,Inside,Gtl,Other,1Fam,1Story,6,5,2003,Gable,CompShg,VinylSd,VinylSd,Not Applicable,0.0,TA,TA,PConc,Gd,TA,No,GLQ,814,Unf,300,1114,GasA,Ex,Y,SBrkr,1114,0,0,1114,1,1,0,3,1,Gd,6,Typ,0,Not Applicable,Detchd,Unf,2,576,TA,TA,Y,0,Not Applicable,0,WD,Normal,155000,2228,78,2.0,7.0,13368,11140,5,4,4.0,0.0,0.0,5570,4456,1728.0,1728.0,Level_3
1343,60,RL,69.0,9375,Pave,Not Applicable,Reg,Lvl,Inside,Gtl,Norm,1Fam,2Story,8,5,2002,Gable,CompShg,VinylSd,VinylSd,BrkFace,149.0,Gd,TA,PConc,Gd,TA,No,Unf,0,Unf,1284,1284,GasA,Ex,Y,SBrkr,1284,885,0,2169,0,2,1,3,1,Gd,7,Typ,1,Gd,Attchd,RFn,2,647,TA,TA,Y,0,Not Applicable,0,WD,Normal,228500,3453,279,2.5,9.5,27624,17265,5,5,5.0,596.0,447.0,10845,8676,1941.0,1941.0,Level_3
1344,50,RL,57.0,7558,Pave,Not Applicable,Reg,Other,Inside,Gtl,Norm,1Fam,1.5Fin,6,6,1928,Gable,CompShg,BrkFace,Stone,Not Applicable,0.0,TA,TA,BrkTil,TA,TA,No,Unf,0,Unf,896,896,GasA,Gd,Y,SBrkr,1172,741,0,1913,0,1,1,3,1,TA,9,Typ,1,TA,Detchd,Unf,2,342,Other,Other,Y,0,Not Applicable,0,WD,Normal,177000,2809,0,1.5,10.5,16854,16854,81,59,80.0,0.0,0.0,7652,5739,684.0,684.0,Level_4
1345,60,RL,85.0,11103,Pave,Not Applicable,IR1,Lvl,Corner,Gtl,Norm,1Fam,2Story,7,5,2006,Gable,CompShg,VinylSd,VinylSd,Not Applicable,0.0,Gd,TA,PConc,Gd,TA,No,Unf,0,Unf,728,728,GasA,Ex,Y,SBrkr,728,728,0,1456,0,2,1,3,1,Gd,8,Typ,1,TA,Attchd,Fin,2,440,TA,TA,Y,0,Not Applicable,0,New,Partial,155835,2184,0,2.5,10.5,15288,10920,1,1,1.0,0.0,0.0,7280,5824,1320.0,1320.0,Level_3
1346,30,RM,50.0,6000,Pave,Not Applicable,Reg,Lvl,Inside,Gtl,Norm,1Fam,1Story,4,4,1920,Other,CompShg,MetalSd,MetalSd,Not Applicable,0.0,TA,TA,PConc,TA,TA,No,ALQ,250,Unf,710,960,GasA,Gd,Y,FuseA,960,0,0,960,0,1,0,2,1,Fa,5,Typ,0,Not Applicable,Detchd,Unf,1,308,TA,TA,Y,0,Not Applicable,0,WD,Normal,108500,1920,168,1.0,6.0,7680,7680,87,57,10.0,0.0,0.0,3840,1920,924.0,924.0,Level_1
1347,20,RL,69.0,20781,Pave,Not Applicable,IR2,Lvl,CulDSac,Gtl,Other,1Fam,1Story,7,7,1968,Other,CompShg,BrkFace,HdBoard,Not Applicable,0.0,TA,TA,CBlock,TA,TA,No,BLQ,297,Other,1203,1568,GasA,TA,Y,SBrkr,2156,0,0,2156,0,2,0,3,1,TA,9,Typ,1,Gd,Attchd,RFn,2,508,Other,TA,Y,0,Not Applicable,0,WD,Normal,262500,3724,370,2.0,11.0,26068,26068,38,3,38.0,0.0,0.0,6468,6468,2032.0,1524.0,Level_3
1348,20,RL,93.0,15306,Pave,Not Applicable,IR1,Other,Corner,Gtl,Norm,1Fam,1Story,8,5,2006,Gable,CompShg,VinylSd,VinylSd,Stone,100.0,Gd,TA,PConc,Ex,TA,Gd,GLQ,80,Unf,1652,1732,GasA,Ex,Y,SBrkr,1776,0,0,1776,1,2,0,3,1,Gd,7,Typ,1,Gd,Attchd,Fin,3,712,TA,TA,Y,0,Not Applicable,0,New,Partial,283463,3508,0,3.0,9.0,28064,17540,1,0,1.0,400.0,300.0,8880,7104,2136.0,2136.0,Level_4
1349,20,RL,69.0,16196,Pave,Not Applicable,IR3,Other,Inside,Gtl,Norm,1Fam,1Story,7,5,1998,Gable,CompShg,VinylSd,VinylSd,Not Applicable,0.0,Gd,TA,PConc,Gd,TA,Gd,GLQ,1443,Unf,39,1482,GasA,Ex,Y,SBrkr,1494,0,0,1494,1,2,0,3,1,Gd,5,Typ,1,Fa,Attchd,RFn,2,514,TA,TA,Y,0,Not Applicable,0,WD,Normal,215000,2976,427,3.0,7.0,20832,14880,9,9,9.0,0.0,0.0,7470,5976,1542.0,1542.0,Level_3
1350,70,RM,50.0,5250,Pave,Pave,Reg,Lvl,Inside,Gtl,Norm,1Fam,2Story,8,5,1872,Gable,CompShg,MetalSd,MetalSd,Not Applicable,0.0,TA,Gd,BrkTil,TA,Other,No,LwQ,259,Unf,425,684,Other,Fa,N,SBrkr,938,1215,205,2358,0,2,0,4,1,TA,8,Typ,0,Not Applicable,Not Applicable,Not Applicable,0,0,Other,Other,Y,0,Not Applicable,0,WD,Normal,122000,2837,74,2.0,10.0,22696,14185,136,21,28.0,0.0,0.0,4716,7074,,,Level_1
1351,90,RL,91.0,11643,Pave,Not Applicable,Reg,Lvl,Inside,Gtl,Other,Duplex,2Story,5,5,1969,Gable,CompShg,MetalSd,MetalSd,BrkFace,368.0,TA,TA,CBlock,TA,TA,No,LwQ,500,Unf,748,1248,GasA,TA,Y,SBrkr,1338,1296,0,2634,1,2,2,6,2,TA,12,Typ,0,Not Applicable,Detchd,Unf,4,968,TA,TA,Y,0,Not Applicable,0,WD,Normal,200000,3882,0,4.5,15.0,19410,19410,40,40,40.0,1104.0,1104.0,7902,7902,2904.0,2904.0,Level_2
1352,60,RL,70.0,9247,Pave,Not Applicable,IR1,Lvl,Inside,Gtl,Norm,1Fam,2Story,6,6,1962,Gable,CompShg,HdBoard,HdBoard,BrkFace,318.0,TA,TA,CBlock,TA,TA,No,Rec,319,Unf,539,858,GasA,Ex,Y,SBrkr,858,858,0,1716,0,1,1,4,1,TA,8,Typ,1,Gd,Attchd,Fin,2,490,TA,TA,Y,0,Not Applicable,0,WD,Normal,171000,2574,204,1.5,9.5,15444,15444,46,46,46.0,954.0,954.0,8580,5148,1470.0,1470.0,Level_2
1353,50,RM,50.0,6000,Pave,Not Applicable,Reg,Lvl,Inside,Gtl,Norm,1Fam,1.5Fin,6,9,1937,Gable,CompShg,MetalSd,MetalSd,Not Applicable,0.0,Gd,TA,BrkTil,TA,TA,No,Unf,0,Unf,698,698,GasA,TA,Y,SBrkr,786,390,0,1176,0,1,0,2,1,TA,4,Typ,0,Not Applicable,Detchd,Unf,2,624,TA,TA,N,0,Not Applicable,0,WD,Normal,134900,1874,210,1.0,5.0,11244,16866,72,9,10.0,0.0,0.0,3528,3528,1872.0,1872.0,Level_1
1354,50,RL,56.0,14720,Pave,Not Applicable,IR1,Lvl,CulDSac,Gtl,Norm,1Fam,1.5Fin,8,5,1995,Other,CompShg,VinylSd,VinylSd,BrkFace,579.0,Gd,TA,PConc,Gd,TA,Av,GLQ,816,Unf,1217,2033,GasA,Ex,Y,SBrkr,2053,1185,0,3238,1,2,1,4,1,Gd,9,Typ,1,Ex,Attchd,Fin,3,666,TA,TA,Y,0,Not Applicable,0,WD,Normal,410000,5271,369,3.5,11.5,42168,26355,15,14,14.0,2316.0,1737.0,16190,12952,1998.0,1998.0,Level_4
1355,60,RL,69.0,10316,Pave,Not Applicable,IR1,Lvl,Inside,Gtl,Norm,1Fam,2Story,7,5,2000,Gable,CompShg,VinylSd,VinylSd,Not Applicable,0.0,Gd,TA,PConc,Gd,TA,No,GLQ,735,Unf,257,992,GasA,Ex,Y,SBrkr,992,873,0,1865,1,2,1,3,1,Gd,7,Typ,1,TA,Attchd,RFn,3,839,TA,TA,Y,0,Not Applicable,0,WD,Normal,235000,2857,184,3.5,9.5,19999,14285,8,8,8.0,0.0,0.0,9325,7460,2517.0,2517.0,Level_3
1356,80,RL,102.0,10192,Pave,Not Applicable,IR1,Lvl,Inside,Gtl,Norm,1Fam,SLvl,7,6,1968,Gable,CompShg,MetalSd,MetalSd,BrkFace,143.0,TA,TA,CBlock,TA,TA,No,Unf,0,Unf,570,570,GasA,Gd,Y,SBrkr,1222,698,0,1920,0,3,0,4,1,Gd,8,Typ,1,TA,Attchd,RFn,2,487,TA,TA,Y,0,GdPrv,0,WD,Normal,170000,2490,98,3.0,11.0,17430,14940,38,14,38.0,429.0,429.0,7680,7680,1461.0,1461.0,Level_3
1357,20,RL,69.0,9477,Pave,Not Applicable,Reg,Lvl,Corner,Gtl,Norm,1Fam,1Story,5,5,1966,Gable,CompShg,HdBoard,HdBoard,BrkFace,65.0,TA,TA,CBlock,TA,TA,No,Rec,340,Unf,524,864,GasA,TA,Y,SBrkr,892,0,0,892,0,1,0,3,1,TA,5,Typ,0,Not Applicable,Attchd,RFn,1,264,TA,TA,Y,0,GdWo,0,WD,Normal,110000,1756,0,1.0,6.0,8780,8780,42,42,42.0,195.0,195.0,2676,2676,792.0,792.0,Level_2
1358,20,RL,69.0,12537,Pave,Not Applicable,IR1,Lvl,CulDSac,Gtl,Norm,1Fam,1Story,5,6,1971,Gable,CompShg,VinylSd,VinylSd,Not Applicable,0.0,TA,TA,CBlock,TA,TA,No,GLQ,734,Unf,344,1078,GasA,Ex,Y,SBrkr,1078,0,0,1078,1,1,1,3,1,TA,6,Typ,1,Fa,Attchd,Fin,2,500,TA,TA,Y,0,Not Applicable,0,WD,Normal,149900,2156,0,2.5,7.5,10780,12936,39,2,39.0,0.0,0.0,5390,3234,1500.0,1500.0,Level_2
1359,160,FV,69.0,2117,Pave,Not Applicable,Reg,Lvl,Inside,Gtl,Norm,Twnhs,2Story,6,5,2000,Gable,CompShg,MetalSd,MetalSd,BrkFace,216.0,Gd,TA,PConc,Gd,TA,No,GLQ,378,Unf,378,756,GasA,Ex,Y,SBrkr,769,804,0,1573,0,2,1,3,1,Gd,5,Typ,0,Not Applicable,Detchd,Unf,2,440,TA,TA,Y,0,Not Applicable,0,WD,Normal,177500,2329,32,2.5,7.5,13974,11645,10,10,10.0,864.0,648.0,7865,6292,1320.0,1320.0,Level_4
1360,20,RL,129.0,16737,Pave,Not Applicable,Reg,Lvl,FR3,Gtl,Norm,1Fam,1Story,9,5,2004,Other,CompShg,VinylSd,VinylSd,BrkFace,66.0,Gd,TA,PConc,Ex,TA,Av,GLQ,1447,Unf,533,1980,GasA,Ex,Y,SBrkr,1980,0,0,1980,1,2,0,3,1,Ex,8,Typ,1,Gd,Attchd,Fin,3,770,TA,TA,Y,0,Not Applicable,0,WD,Normal,315000,3960,239,3.0,10.0,35640,19800,2,1,2.0,264.0,198.0,9900,9900,2310.0,2310.0,Level_4
1361,70,RL,51.0,9842,Pave,Not Applicable,Reg,Lvl,Inside,Gtl,Other,1Fam,2Story,5,6,1921,Gable,CompShg,MetalSd,Wd Sdng,Not Applicable,0.0,TA,TA,BrkTil,TA,Other,No,Unf,0,Unf,612,612,GasA,Ex,Y,SBrkr,990,1611,0,2601,0,3,1,4,1,TA,8,Typ,0,Not Applicable,BuiltIn,RFn,2,621,TA,TA,Y,0,Not Applicable,0,WD,Normal,189000,3213,484,3.5,11.5,16065,19278,87,10,10.0,0.0,0.0,13005,7803,1863.0,1863.0,Level_2
1362,20,RL,124.0,16158,Pave,Not Applicable,IR1,Other,Inside,Other,Norm,1Fam,1Story,7,5,2005,Other,CompShg,VinylSd,VinylSd,Stone,16.0,Gd,TA,PConc,Ex,TA,Av,ALQ,1274,Unf,256,1530,GasA,Ex,Y,SBrkr,1530,0,0,1530,1,2,0,3,1,Gd,7,Typ,1,Gd,Attchd,Fin,2,430,TA,TA,Y,0,Not Applicable,0,WD,Normal,260000,3060,204,3.0,9.0,21420,15300,4,4,4.0,64.0,48.0,7650,6120,1290.0,1290.0,Level_4
1363,50,RL,69.0,12513,Pave,Not Applicable,IR1,Lvl,FR2,Gtl,Other,1Fam,1.5Fin,4,4,1920,Gable,CompShg,VinylSd,VinylSd,Not Applicable,0.0,TA,Gd,BrkTil,TA,Other,No,Unf,0,Unf,715,715,GasA,Gd,Y,SBrkr,1281,457,0,1738,0,2,0,4,1,TA,7,Typ,1,Gd,Attchd,Unf,1,368,TA,TA,Y,0,Not Applicable,0,WD,Normal,104900,2453,55,2.0,9.0,9812,9812,89,2,89.0,0.0,0.0,6952,5214,1104.0,1104.0,Level_2
1364,60,RL,73.0,8499,Pave,Not Applicable,IR1,Lvl,Inside,Gtl,Norm,1Fam,2Story,6,5,2006,Gable,CompShg,VinylSd,VinylSd,Not Applicable,0.0,TA,TA,PConc,Gd,TA,No,Unf,0,Unf,616,616,GasA,Ex,Y,SBrkr,616,796,0,1412,0,2,1,3,1,Gd,6,Typ,1,Gd,BuiltIn,Fin,2,432,TA,TA,Y,0,Not Applicable,0,New,Partial,156932,2028,36,2.5,8.5,12168,10140,1,0,0.0,0.0,0.0,7060,5648,1296.0,1296.0,Level_3
1365,160,FV,30.0,3180,Pave,Pave,Reg,Lvl,Inside,Gtl,Norm,TwnhsE,2Story,7,5,2005,Gable,CompShg,MetalSd,MetalSd,Not Applicable,0.0,Gd,TA,PConc,Gd,TA,No,Unf,0,Unf,600,600,GasA,Ex,Y,SBrkr,520,600,80,1200,0,2,1,2,1,Gd,4,Typ,0,Not Applicable,Detchd,RFn,2,480,TA,TA,Y,0,Not Applicable,0,WD,Abnorml,144152,1720,166,2.5,6.5,12040,8600,1,1,1.0,0.0,0.0,6000,4800,1440.0,1440.0,Level_4
1366,60,FV,69.0,7500,Pave,Not Applicable,Reg,Lvl,Inside,Gtl,Norm,1Fam,2Story,7,5,2000,Gable,CompShg,VinylSd,VinylSd,Not Applicable,0.0,Gd,TA,PConc,Gd,TA,No,GLQ,533,Unf,281,814,GasA,Ex,Y,SBrkr,814,860,0,1674,1,2,1,3,1,Gd,7,Typ,0,Not Applicable,Attchd,RFn,2,663,TA,TA,Y,0,Not Applicable,0,WD,Normal,216000,2488,96,3.5,9.5,17416,12440,10,10,10.0,0.0,0.0,8370,6696,1989.0,1989.0,Level_4
1367,60,RL,68.0,9179,Pave,Not Applicable,IR1,Lvl,Inside,Gtl,Norm,1Fam,2Story,7,5,1999,Gable,CompShg,VinylSd,VinylSd,BrkFace,158.0,Gd,TA,PConc,Gd,TA,No,GLQ,633,Unf,240,873,GasA,Ex,Y,SBrkr,882,908,0,1790,1,2,1,3,1,Gd,7,Typ,0,Not Applicable,Attchd,RFn,2,588,TA,TA,Y,0,Not Applicable,0,WD,Abnorml,193000,2663,88,3.5,9.5,18641,13315,9,9,9.0,632.0,474.0,8950,7160,1764.0,1764.0,Level_3
1368,160,RM,41.0,2665,Pave,Not Applicable,Reg,Lvl,Inside,Gtl,Norm,TwnhsE,2Story,5,6,1977,Gable,CompShg,CemntBd,CmentBd,Not Applicable,0.0,TA,TA,PConc,TA,TA,No,ALQ,548,Other,36,757,GasA,Ex,Y,SBrkr,925,550,0,1475,0,2,0,4,1,TA,6,Typ,1,TA,Attchd,RFn,1,336,TA,TA,Y,0,Not Applicable,0,WD,Normal,127000,2232,130,2.0,8.0,11160,13392,29,29,29.0,0.0,0.0,7375,4425,1008.0,1008.0,Level_1
1369,120,RM,69.0,4435,Pave,Not Applicable,Reg,Lvl,Inside,Gtl,Norm,TwnhsE,1Story,6,5,2003,Gable,CompShg,VinylSd,VinylSd,BrkFace,170.0,Gd,TA,PConc,Gd,TA,Av,GLQ,685,Unf,163,848,GasA,Ex,Y,SBrkr,848,0,0,848,1,1,0,1,1,Gd,4,Typ,0,Not Applicable,Attchd,Fin,2,420,TA,TA,Y,0,Not Applicable,0,WD,Normal,144000,1696,140,2.0,5.0,10176,8480,6,5,6.0,680.0,510.0,4240,3392,1260.0,1260.0,Level_3
1370,20,RL,48.0,10635,Pave,Not Applicable,IR2,Lvl,FR2,Gtl,Norm,1Fam,1Story,8,5,2003,Other,CompShg,VinylSd,VinylSd,BrkFace,171.0,Gd,TA,PConc,Gd,TA,Av,BLQ,370,Other,315,1657,GasA,Ex,Y,SBrkr,1668,0,0,1668,1,2,0,3,1,Gd,8,Typ,1,TA,Attchd,Fin,2,502,TA,TA,Y,0,Not Applicable,0,WD,Normal,232000,3325,262,3.0,10.0,26600,16625,7,7,7.0,684.0,513.0,8340,6672,1506.0,1506.0,Level_3
1371,50,RL,90.0,5400,Pave,Not Applicable,Reg,Lvl,Corner,Gtl,Other,1Fam,1.5Fin,4,6,1920,Gable,CompShg,CBlock,CBlock,Not Applicable,0.0,Fa,TA,PConc,TA,TA,No,ALQ,315,Other,420,840,GasA,Ex,Y,SBrkr,840,534,0,1374,0,1,0,2,1,TA,6,Typ,0,Not Applicable,Detchd,Fin,1,338,TA,TA,Y,0,Not Applicable,0,WD,Normal,105000,2214,198,1.0,7.0,8856,13284,89,59,42.0,0.0,0.0,6870,4122,1014.0,1014.0,Level_1
1372,80,RL,80.0,9600,Pave,Not Applicable,Reg,Lvl,Inside,Gtl,Norm,1Fam,SLvl,6,6,1955,Other,CompShg,AsbShng,AsbShng,Not Applicable,0.0,TA,TA,CBlock,TA,TA,Av,BLQ,831,Unf,161,992,GasA,Gd,Y,SBrkr,1661,0,0,1661,1,1,0,3,1,Gd,8,Typ,1,TA,BuiltIn,RFn,1,377,TA,TA,Y,0,MnPrv,0,WD,Normal,165500,2653,206,2.0,9.0,15918,15918,53,12,53.0,0.0,0.0,6644,6644,1131.0,1131.0,Level_2
1373,60,RL,75.0,9750,Pave,Not Applicable,Reg,Lvl,Corner,Gtl,Norm,1Fam,2Story,7,6,1998,Gable,CompShg,VinylSd,VinylSd,Not Applicable,0.0,TA,TA,PConc,Gd,TA,Av,GLQ,975,Unf,133,1108,GasA,Ex,Y,SBrkr,1108,989,0,2097,1,2,1,3,1,Gd,8,Typ,1,TA,Detchd,RFn,2,583,TA,TA,Y,0,Not Applicable,0,WD,Normal,274300,3205,423,3.5,10.5,22435,19230,8,8,8.0,0.0,0.0,10485,8388,1749.0,1749.0,Level_3
1374,20,RL,69.0,11400,Pave,Not Applicable,Reg,Lvl,Inside,Gtl,Norm,1Fam,1Story,10,5,2001,Other,CompShg,VinylSd,VinylSd,BrkFace,705.0,Ex,TA,PConc,Ex,TA,Gd,GLQ,1282,Unf,1351,2633,GasA,Ex,Y,SBrkr,2633,0,0,2633,1,2,1,2,1,Ex,8,Typ,2,Gd,Attchd,RFn,3,804,TA,TA,Y,0,Not Applicable,0,WD,Normal,466500,5266,454,3.5,10.5,52660,26330,6,5,6.0,3525.0,2115.0,13165,13165,2412.0,2412.0,Level_4
1375,60,FV,85.0,10625,Pave,Not Applicable,Reg,Lvl,Inside,Gtl,Norm,1Fam,2Story,7,5,2005,Gable,CompShg,CemntBd,CmentBd,Not Applicable,0.0,Gd,TA,PConc,Gd,TA,No,Unf,0,Unf,1026,1026,GasA,Ex,Y,SBrkr,1026,932,0,1958,0,2,1,3,1,Gd,9,Typ,1,Gd,Attchd,Fin,3,936,TA,TA,Y,0,Not Applicable,0,WD,Normal,250000,2984,364,2.5,11.5,20888,14920,3,3,3.0,0.0,0.0,9790,7832,2808.0,2808.0,Level_4
1376,20,RL,89.0,10991,Pave,Not Applicable,IR1,Other,Inside,Gtl,Norm,1Fam,1Story,8,5,2007,Gable,CompShg,VinylSd,VinylSd,BrkFace,80.0,Gd,TA,PConc,Gd,TA,Gd,Unf,0,Unf,1571,1571,GasA,Ex,Y,SBrkr,1571,0,0,1571,0,2,0,3,1,Gd,7,Typ,1,Gd,Attchd,Fin,3,722,TA,TA,Y,0,Not Applicable,0,New,Partial,239000,3142,136,2.0,9.0,25136,15710,0,0,0.0,320.0,240.0,7855,6284,2166.0,2166.0,Level_4
1377,30,RL,52.0,6292,Pave,Not Applicable,Reg,Other,Inside,Gtl,Norm,1Fam,1Story,6,5,1930,Gable,CompShg,Wd Sdng,Wd Sdng,Not Applicable,0.0,TA,TA,BrkTil,Gd,TA,Mn,Rec,384,Unf,384,768,GasA,TA,N,SBrkr,790,0,0,790,0,1,0,2,1,TA,4,Typ,0,Not Applicable,Detchd,Unf,1,160,Other,TA,Y,0,Not Applicable,0,WD,Normal,91000,1558,141,1.0,5.0,9348,7790,78,58,83.0,0.0,0.0,2370,2370,320.0,480.0,Level_2
1378,50,RL,60.0,10998,Pave,Grvl,Reg,Lvl,Inside,Gtl,Norm,1Fam,1.5Fin,5,5,1941,Gable,CompShg,Wd Sdng,Wd Sdng,Not Applicable,0.0,TA,TA,CBlock,TA,TA,No,LwQ,408,Other,156,984,GasA,Ex,Y,SBrkr,984,620,0,1604,0,2,0,3,1,TA,6,Other,0,Not Applicable,Detchd,Unf,2,660,TA,TA,Y,0,Not Applicable,0,WD,Normal,117000,2588,68,2.0,8.0,12940,12940,68,49,32.0,0.0,0.0,8020,4812,1980.0,1980.0,Level_1
1379,160,RM,21.0,1953,Pave,Not Applicable,Reg,Lvl,Inside,Gtl,Norm,Twnhs,2Story,6,5,1973,Gable,CompShg,HdBoard,HdBoard,BrkFace,408.0,TA,TA,CBlock,TA,Other,No,BLQ,309,Unf,174,483,GasA,TA,Y,SBrkr,483,504,0,987,0,1,1,2,1,TA,5,Typ,0,Not Applicable,Detchd,Unf,1,264,TA,TA,Y,0,Not Applicable,0,WD,Normal,83000,1470,72,1.5,6.5,8820,7350,33,33,33.0,1224.0,1224.0,2961,2961,792.0,792.0,Level_1
1380,80,RL,73.0,9735,Pave,Not Applicable,Reg,Lvl,Inside,Gtl,Norm,1Fam,SLvl,5,5,2006,Gable,CompShg,VinylSd,VinylSd,Not Applicable,0.0,TA,TA,PConc,Gd,TA,No,Unf,0,Unf,384,384,GasA,Gd,Y,Not Applicable,754,640,0,1394,0,2,1,3,1,Gd,7,Typ,0,Not Applicable,BuiltIn,Fin,2,400,TA,TA,Y,0,Not Applicable,0,WD,Normal,167500,1778,100,2.5,9.5,8890,8890,2,1,1.0,0.0,0.0,5576,5576,1200.0,1200.0,Level_4
1381,30,RL,45.0,8212,Pave,Grvl,Reg,Lvl,Inside,Gtl,Norm,1Fam,1Story,3,3,1914,Gable,CompShg,Stucco,Stucco,Not Applicable,0.0,TA,Fa,BrkTil,TA,Other,No,Rec,203,Unf,661,864,GasA,TA,N,FuseF,864,0,0,864,1,1,0,2,1,TA,5,Typ,0,Not Applicable,Detchd,Unf,1,200,TA,Other,Y,0,Not Applicable,0,WD,Normal,58500,1728,96,2.0,6.0,5184,5184,96,60,72.0,0.0,0.0,2592,2592,600.0,400.0,Level_1
1382,20,RL,69.0,12925,Pave,Not Applicable,IR1,Lvl,Corner,Gtl,Norm,1Fam,1Story,6,7,1970,Gable,CompShg,BrkFace,Plywood,Not Applicable,0.0,TA,TA,CBlock,TA,TA,Mn,BLQ,865,Unf,340,1205,GasA,Ex,Y,SBrkr,2117,0,0,2117,0,2,1,4,1,TA,7,Typ,2,Gd,Attchd,Fin,2,550,TA,TA,Y,0,Not Applicable,0,WD,Normal,237500,3322,42,2.5,9.5,19932,23254,38,38,38.0,0.0,0.0,10585,6351,1650.0,1650.0,Level_2
1383,70,RM,60.0,7200,Pave,Not Applicable,Reg,Lvl,Corner,Gtl,Norm,1Fam,2Story,7,7,1920,Other,CompShg,Wd Sdng,Wd Sdng,Not Applicable,0.0,TA,TA,BrkTil,Fa,TA,No,Unf,0,Unf,596,596,GasA,Ex,Y,SBrkr,998,764,0,1762,1,1,1,4,1,Gd,8,Typ,0,Not Applicable,Detchd,Unf,2,576,TA,TA,N,0,Not Applicable,0,WD,Normal,157000,2358,257,2.5,9.5,16506,16506,86,56,17.0,0.0,0.0,8810,7048,1728.0,1728.0,Level_1
1384,30,RL,69.0,25339,Pave,Not Applicable,Reg,Lvl,Inside,Gtl,Norm,1Fam,1Story,5,7,1918,Gable,CompShg,Wd Sdng,Wd Sdng,Not Applicable,0.0,TA,Gd,BrkTil,TA,TA,No,Unf,0,Unf,816,816,GasA,Ex,Y,SBrkr,1416,0,0,1416,0,2,0,3,1,Gd,7,Typ,0,Not Applicable,Attchd,Unf,2,576,TA,TA,N,0,Not Applicable,0,WD,Normal,112000,2232,112,2.0,9.0,11160,15624,89,0,0.0,0.0,0.0,7080,5664,1728.0,1728.0,Level_2
1385,50,RL,60.0,9060,Pave,Not Applicable,Reg,Lvl,Inside,Gtl,Norm,1Fam,1.5Fin,6,5,1939,Gable,CompShg,WdShing,Wd Shng,Not Applicable,0.0,TA,TA,BrkTil,TA,TA,Mn,Rec,204,Unf,356,560,GasA,TA,Y,SBrkr,698,560,0,1258,0,1,0,2,1,TA,6,Typ,0,Not Applicable,Detchd,Unf,1,280,TA,TA,P,0,MnPrv,0,WD,Normal,105000,1818,0,1.0,7.0,10908,9090,70,59,70.0,0.0,0.0,3774,3774,840.0,840.0,Level_1
1386,50,RM,40.0,5436,Pave,Not Applicable,Reg,Lvl,Inside,Gtl,Norm,1Fam,1.5Fin,4,8,1922,Gable,CompShg,VinylSd,VinylSd,Not Applicable,0.0,TA,Gd,BrkTil,TA,TA,No,BLQ,735,Unf,61,796,GasA,Gd,Y,SBrkr,796,358,0,1154,1,1,0,3,1,Gd,7,Typ,0,Not Applicable,Detchd,Unf,1,240,TA,TA,N,0,MnPrv,0,WD,Normal,125500,1950,96,2.0,8.0,7800,15600,88,3,88.0,0.0,0.0,4616,4616,720.0,720.0,Level_1
1387,60,RL,80.0,16692,Pave,Not Applicable,IR1,Lvl,Inside,Gtl,Other,1Fam,2Story,7,5,1978,Gable,CompShg,Plywood,Plywood,BrkFace,184.0,TA,TA,CBlock,Gd,TA,No,BLQ,790,Other,133,1392,GasA,TA,Y,SBrkr,1392,1392,0,2784,1,3,1,5,1,Gd,12,Typ,2,TA,Attchd,RFn,2,564,TA,TA,Y,519,MnPrv,2000,WD,Normal,250000,4176,552,4.5,15.5,29232,20880,28,28,28.0,552.0,552.0,8352,11136,1692.0,1692.0,Level_3
1388,50,RM,60.0,8520,Pave,Grvl,Reg,Lvl,Inside,Gtl,Other,1Fam,1.5Fin,6,7,1916,Gable,CompShg,Stucco,Stucco,Not Applicable,0.0,TA,Gd,BrkTil,TA,TA,No,Rec,168,Other,0,714,Other,TA,N,SBrkr,1664,862,0,2526,0,2,0,5,1,Gd,10,Typ,1,Gd,Detchd,Unf,1,216,TA,TA,Y,0,GdWo,0,CWD,Family,136000,3240,103,2.0,12.0,19440,22680,91,57,91.0,0.0,0.0,7578,10104,648.0,648.0,Level_1
1389,20,RL,42.0,14892,Pave,Not Applicable,IR1,Other,CulDSac,Gtl,Norm,1Fam,1Story,9,5,2006,Gable,CompShg,VinylSd,VinylSd,Stone,160.0,Ex,TA,PConc,Ex,TA,Gd,GLQ,1320,Unf,426,1746,GasA,Ex,Y,SBrkr,1746,0,0,1746,1,2,0,3,1,Ex,7,Typ,2,Gd,Attchd,Fin,3,758,TA,TA,Y,0,Not Applicable,0,WD,Normal,377500,3492,240,3.0,9.0,31428,17460,3,2,3.0,800.0,480.0,8730,8730,2274.0,2274.0,Level_3
1390,50,RM,60.0,6000,Pave,Not Applicable,Reg,Lvl,Inside,Gtl,Norm,1Fam,1.5Fin,6,6,1941,Gable,CompShg,Wd Sdng,Wd Sdng,Not Applicable,0.0,TA,Gd,BrkTil,TA,Other,No,ALQ,375,Unf,360,735,GasA,Ex,Y,SBrkr,869,349,0,1218,0,1,0,3,1,TA,6,Typ,1,Gd,Detchd,Unf,2,440,TA,TA,Y,0,Not Applicable,0,WD,Normal,131000,1953,0,1.5,7.0,11718,11718,66,57,4.0,0.0,0.0,6090,3654,1320.0,1320.0,Level_1
1391,20,RL,70.0,9100,Pave,Not Applicable,Reg,Lvl,Inside,Gtl,Norm,1Fam,1Story,7,5,2000,Gable,CompShg,VinylSd,VinylSd,BrkFace,244.0,Gd,TA,PConc,Gd,TA,Av,GLQ,1400,Unf,125,1525,GasA,Ex,Y,SBrkr,1525,0,0,1525,1,2,0,3,1,Gd,6,Typ,0,Not Applicable,Attchd,RFn,2,541,TA,TA,Y,0,Not Applicable,0,WD,Normal,235000,3050,255,3.0,8.0,21350,15250,6,6,6.0,976.0,732.0,7625,6100,1623.0,1623.0,Level_3
1392,90,RL,65.0,8944,Pave,Not Applicable,Reg,Lvl,Inside,Gtl,Norm,Duplex,1Story,5,5,1967,Gable,CompShg,Plywood,Plywood,Not Applicable,0.0,TA,TA,CBlock,TA,TA,No,Unf,0,Unf,1584,1584,GasA,TA,Y,SBrkr,1584,0,0,1584,0,2,0,4,2,TA,8,Other,0,Not Applicable,Detchd,Unf,3,792,TA,TA,Y,0,Not Applicable,0,WD,Normal,124000,3168,152,2.0,10.0,15840,15840,42,42,42.0,0.0,0.0,4752,4752,2376.0,2376.0,Level_2
1393,85,RL,68.0,7838,Pave,Not Applicable,Reg,Lvl,Inside,Gtl,Norm,1Fam,SFoyer,5,5,1967,Gable,CompShg,HdBoard,HdBoard,Not Applicable,0.0,TA,TA,CBlock,TA,TA,Av,ALQ,769,Unf,95,864,GasA,TA,Y,SBrkr,900,0,0,900,1,1,0,3,1,TA,6,Typ,1,Po,Attchd,RFn,1,288,TA,TA,Y,0,MnWw,0,WD,Normal,123000,1764,319,2.0,7.0,8820,8820,39,39,39.0,0.0,0.0,2700,2700,864.0,864.0,Level_2
1394,190,RM,60.0,10800,Pave,Pave,Reg,Lvl,Inside,Gtl,Norm,2fmCon,1.5Fin,6,7,1905,Gable,CompShg,Wd Sdng,Wd Sdng,Not Applicable,0.0,TA,TA,BrkTil,Fa,TA,No,Unf,0,Unf,482,482,GasA,Ex,N,SBrkr,1221,691,0,1912,0,2,0,3,2,TA,7,Typ,1,TA,Detchd,Unf,2,672,Other,TA,Y,0,Not Applicable,0,WD,Normal,163000,2394,237,2.0,9.0,14364,16758,103,8,5.0,0.0,0.0,9560,5736,2688.0,2016.0,Level_1
1395,120,RL,53.0,4045,Pave,Not Applicable,Reg,Lvl,Inside,Gtl,Norm,TwnhsE,1Story,7,5,2006,Other,CompShg,VinylSd,VinylSd,BrkFace,45.0,Gd,TA,PConc,Gd,TA,Av,GLQ,1070,Unf,286,1356,GasA,Ex,Y,SBrkr,1500,0,0,1500,1,2,0,2,1,Gd,6,Typ,1,Gd,Attchd,Fin,3,648,TA,TA,Y,0,Not Applicable,0,New,Partial,246578,2856,181,3.0,8.0,19992,14280,0,0,0.0,180.0,135.0,7500,6000,1944.0,1944.0,Level_3
1396,60,RL,88.0,12665,Pave,Not Applicable,IR1,Lvl,Inside,Gtl,Norm,1Fam,2Story,8,5,2005,Other,CompShg,VinylSd,VinylSd,BrkFace,245.0,Gd,TA,PConc,Gd,Other,Gd,Unf,0,Unf,1094,1094,GasA,Ex,Y,SBrkr,1133,1349,0,2482,0,2,1,4,1,Gd,9,Typ,1,Gd,BuiltIn,Fin,3,642,TA,TA,Y,0,Not Applicable,0,WD,Normal,281213,3576,183,2.5,11.5,28608,17880,2,1,2.0,980.0,735.0,12410,9928,1926.0,1926.0,Level_4
1397,20,RL,69.0,57200,Pave,Not Applicable,IR1,Other,Inside,Other,Norm,1Fam,1Story,5,5,1948,Gable,CompShg,Wd Sdng,Wd Sdng,Not Applicable,0.0,TA,TA,CBlock,TA,TA,Av,BLQ,353,Other,60,747,GasA,TA,Y,SBrkr,1687,0,0,1687,1,1,0,3,1,TA,7,Other,2,TA,Detchd,Unf,2,572,TA,TA,N,0,Not Applicable,0,WD,Normal,160000,2434,50,2.0,8.0,12170,12170,62,60,44.0,0.0,0.0,5061,5061,1716.0,1716.0,Level_4
1398,70,RM,51.0,6120,Pave,Not Applicable,Reg,Lvl,Inside,Gtl,Norm,1Fam,2Story,5,8,1920,Gable,CompShg,MetalSd,MetalSd,Not Applicable,0.0,TA,TA,BrkTil,TA,TA,Mn,Unf,0,Unf,939,939,GasA,Ex,Y,SBrkr,939,574,0,1513,0,1,1,4,1,TA,8,Typ,0,Not Applicable,Detchd,Unf,1,180,Other,Other,N,0,Not Applicable,0,WD,Normal,137500,2452,174,1.5,9.5,12260,19616,87,3,74.0,0.0,0.0,7565,4539,360.0,360.0,Level_1
1399,50,RL,60.0,7200,Pave,Not Applicable,Reg,Lvl,Inside,Gtl,Norm,1Fam,1.5Fin,5,4,1950,Gable,CompShg,VinylSd,Wd Sdng,Not Applicable,0.0,TA,TA,CBlock,TA,TA,No,Rec,180,Other,676,1208,GasA,Gd,Y,FuseA,1136,768,0,1904,1,1,1,3,1,TA,7,Other,0,Not Applicable,Attchd,Unf,1,240,TA,TA,Y,0,GdPrv,0,WD,Normal,138000,3112,168,2.5,8.5,15560,12448,59,27,59.0,0.0,0.0,7616,5712,720.0,720.0,Level_2
1400,50,RL,51.0,6171,Pave,Not Applicable,Reg,Lvl,Inside,Gtl,Norm,1Fam,1.5Fin,6,6,1925,Gable,CompShg,WdShing,Wd Shng,Not Applicable,0.0,TA,TA,BrkTil,TA,TA,No,BLQ,264,Unf,712,976,GasA,Ex,Y,SBrkr,1160,448,0,1608,0,2,1,3,1,Gd,7,Typ,1,Gd,Detchd,Unf,1,216,Other,TA,Y,0,MnPrv,0,WD,Normal,137450,2584,163,2.5,9.5,15504,15504,84,19,84.0,0.0,0.0,8040,6432,432.0,648.0,Level_2
1401,50,RM,50.0,6000,Pave,Not Applicable,Reg,Lvl,Corner,Gtl,Norm,1Fam,1.5Fin,6,7,1929,Gable,CompShg,WdShing,Wd Shng,Not Applicable,0.0,TA,TA,BrkTil,TA,TA,No,Unf,0,Unf,862,862,GasA,TA,Y,SBrkr,950,208,0,1158,0,1,0,3,1,TA,5,Typ,1,Gd,BuiltIn,RFn,1,208,TA,TA,Y,0,Not Applicable,0,WD,Normal,120000,2020,112,1.0,6.0,12120,14140,79,58,79.0,0.0,0.0,3474,3474,624.0,624.0,Level_1
1402,60,RL,62.0,7415,Pave,Not Applicable,IR1,Lvl,Inside,Gtl,Norm,1Fam,2Story,6,5,2004,Gable,CompShg,VinylSd,VinylSd,Not Applicable,0.0,TA,TA,PConc,TA,TA,No,GLQ,759,Unf,80,839,GasA,Ex,Y,SBrkr,864,729,0,1593,1,2,1,3,1,TA,8,Typ,1,TA,Attchd,Fin,2,398,TA,TA,Y,0,Not Applicable,0,WD,Normal,193000,2432,175,3.5,10.5,14592,12160,4,4,4.0,0.0,0.0,7965,4779,1194.0,1194.0,Level_3
1403,20,RL,64.0,6762,Pave,Not Applicable,Reg,Lvl,Inside,Gtl,Norm,1Fam,1Story,7,5,2006,Gable,CompShg,VinylSd,VinylSd,Not Applicable,0.0,Gd,TA,PConc,Gd,Other,Av,Unf,0,Unf,1286,1286,GasA,Ex,Y,SBrkr,1294,0,0,1294,0,2,0,2,1,Gd,6,Typ,1,Gd,Attchd,RFn,2,662,TA,TA,Y,0,Not Applicable,0,New,Partial,193879,2580,223,2.0,8.0,18060,12900,0,0,0.0,0.0,0.0,6470,5176,1986.0,1986.0,Level_3
1404,20,RL,49.0,15256,Pave,Not Applicable,IR1,Lvl,CulDSac,Gtl,Other,1Fam,1Story,8,5,2007,Gable,CompShg,VinylSd,VinylSd,Stone,84.0,Gd,TA,PConc,Gd,TA,Gd,GLQ,929,Unf,556,1485,GasA,Ex,Y,SBrkr,1464,0,0,1464,1,2,0,3,1,Gd,6,Typ,0,Not Applicable,Attchd,Unf,3,754,TA,TA,Y,0,Not Applicable,0,WD,Normal,282922,2949,328,3.0,8.0,23592,14745,0,0,0.0,336.0,252.0,7320,5856,2262.0,2262.0,Level_4
1405,50,RL,60.0,10410,Pave,Grvl,Reg,Lvl,Corner,Gtl,Other,1Fam,1.5Fin,3,4,1915,Gable,CompShg,Wd Sdng,Wd Sdng,Not Applicable,0.0,TA,TA,PConc,TA,TA,No,Unf,0,Unf,672,672,GasA,TA,Y,SBrkr,694,520,0,1214,0,1,0,3,1,TA,6,Typ,0,Not Applicable,Detchd,Unf,3,936,TA,TA,Y,0,MnPrv,0,WD,Family,105000,1886,376,1.0,7.0,5658,7544,91,56,8.0,0.0,0.0,3642,3642,2808.0,2808.0,Level_1
1406,120,RM,44.0,3842,Pave,Not Applicable,IR1,Other,Inside,Other,Norm,TwnhsE,1Story,8,5,2004,Other,CompShg,CemntBd,CmentBd,Stone,174.0,Gd,TA,PConc,Ex,TA,Gd,GLQ,1373,Unf,221,1594,GasA,Ex,Y,SBrkr,1646,0,0,1646,1,2,0,2,1,Gd,5,Typ,1,Gd,Attchd,Fin,2,482,TA,TA,Y,0,Not Applicable,0,WD,Normal,275000,3240,336,3.5,7.0,25920,16200,4,3,4.0,696.0,522.0,8230,6584,1446.0,1446.0,Level_4
1407,85,RL,70.0,8445,Pave,Not Applicable,Reg,Lvl,Corner,Gtl,Norm,1Fam,SFoyer,5,7,1972,Gable,CompShg,HdBoard,Wd Shng,Not Applicable,0.0,TA,TA,CBlock,Gd,TA,Av,GLQ,656,Unf,112,768,GasA,TA,Y,SBrkr,768,0,0,768,1,1,0,2,1,TA,5,Typ,0,Not Applicable,Detchd,Unf,2,396,TA,TA,Y,0,MnPrv,0,WD,Normal,133000,1536,58,2.0,6.0,7680,10752,37,2,21.0,0.0,0.0,2304,2304,1188.0,1188.0,Level_3
1408,20,RL,69.0,8780,Pave,Not Applicable,IR1,Lvl,Corner,Gtl,Norm,1Fam,1Story,5,5,1985,Gable,CompShg,HdBoard,Plywood,Not Applicable,0.0,TA,TA,CBlock,TA,TA,No,ALQ,625,Unf,208,833,GasA,Ex,Y,SBrkr,833,0,0,833,1,1,0,3,1,TA,5,Typ,0,Not Applicable,Not Applicable,Not Applicable,0,0,Other,Other,Y,0,MnPrv,0,WD,Normal,112000,1666,0,2.0,6.0,8330,8330,24,24,29.0,0.0,0.0,4165,2499,,,Level_2
1409,70,RM,60.0,7740,Pave,Not Applicable,Reg,Lvl,Inside,Gtl,Norm,1Fam,2Story,4,7,1910,Gable,CompShg,VinylSd,VinylSd,Not Applicable,0.0,TA,TA,CBlock,Fa,TA,No,Unf,0,Unf,622,622,GasA,Gd,Y,SBrkr,741,622,0,1363,0,1,0,3,1,TA,6,Typ,0,Not Applicable,Detchd,Unf,2,528,TA,TA,Y,0,Not Applicable,0,WD,Normal,125500,1985,168,1.0,7.0,7940,13895,100,60,44.0,0.0,0.0,5452,4089,1584.0,1584.0,Level_1
1410,60,RL,46.0,20544,Pave,Not Applicable,IR1,Lvl,CulDSac,Gtl,Norm,1Fam,2Story,7,6,1986,Gable,CompShg,Plywood,Plywood,BrkFace,123.0,TA,Gd,CBlock,Gd,TA,No,Unf,0,Unf,791,791,GasA,Gd,Y,SBrkr,1236,857,0,2093,0,2,1,3,1,TA,7,Typ,1,TA,Attchd,Fin,2,542,TA,TA,Y,0,MnPrv,0,WD,Normal,215000,2884,427,2.5,9.5,20188,17304,22,17,22.0,369.0,492.0,8372,6279,1626.0,1626.0,Level_3
1411,60,RL,79.0,12420,Pave,Not Applicable,Reg,Lvl,Inside,Gtl,Norm,1Fam,2Story,7,5,2001,Gable,CompShg,VinylSd,VinylSd,Not Applicable,0.0,Gd,TA,PConc,Gd,TA,No,GLQ,666,Unf,278,944,GasA,Ex,Y,SBrkr,944,896,0,1840,1,2,1,3,1,Gd,6,Typ,0,Not Applicable,Attchd,RFn,2,622,TA,TA,Y,0,Not Applicable,0,WD,Normal,230000,2784,45,3.5,8.5,19488,13920,8,8,8.0,0.0,0.0,9200,7360,1866.0,1866.0,Level_3
1412,50,RL,80.0,9600,Pave,Not Applicable,Reg,Lvl,Inside,Gtl,Norm,1Fam,1.5Fin,6,8,1950,Gable,CompShg,VinylSd,VinylSd,Not Applicable,0.0,TA,Gd,CBlock,TA,TA,No,BLQ,120,Unf,736,856,GasA,Ex,Y,SBrkr,1112,556,0,1668,0,1,1,3,1,TA,6,Other,0,Not Applicable,Attchd,Unf,1,271,TA,TA,Y,0,MnPrv,0,WD,Normal,140000,2524,0,1.5,7.5,15144,20192,59,4,59.0,0.0,0.0,8340,5004,813.0,813.0,Level_2
1413,90,RL,60.0,7200,Pave,Not Applicable,Reg,Lvl,Inside,Gtl,Norm,Duplex,1Story,4,5,1949,Gable,CompShg,BrkFace,Stone,Not Applicable,0.0,TA,TA,Slab,Not Applicable,Other,Not Applicable,Not Applicable,0,Other,0,0,Other,Fa,N,FuseF,1040,0,0,1040,0,2,0,2,2,TA,6,Typ,0,Not Applicable,Detchd,Unf,2,420,TA,TA,Y,0,Not Applicable,0,WD,Normal,90000,1040,0,2.0,8.0,4160,5200,60,59,53.0,0.0,0.0,2080,3120,1260.0,1260.0,Level_2
1414,20,RL,88.0,10994,Pave,Not Applicable,IR1,Lvl,Corner,Gtl,Norm,1Fam,1Story,8,5,2005,Gable,CompShg,VinylSd,VinylSd,Stone,366.0,Gd,TA,PConc,Gd,Other,No,GLQ,976,Unf,868,1844,GasA,Ex,Y,SBrkr,1844,0,0,1844,1,2,0,2,1,Gd,7,Typ,1,Gd,Attchd,Fin,2,620,TA,TA,Y,0,Not Applicable,0,COD,Abnorml,257000,3688,209,3.0,9.0,29504,18440,4,3,4.0,1464.0,1098.0,9220,7376,1860.0,1860.0,Level_3
1415,50,RL,64.0,13053,Pave,Pave,Reg,Other,Inside,Gtl,Norm,1Fam,1.5Fin,6,7,1923,Other,CompShg,Wd Sdng,Wd Sdng,Not Applicable,0.0,TA,TA,BrkTil,TA,TA,No,Unf,0,Unf,833,833,GasA,Gd,Y,SBrkr,1053,795,0,1848,0,1,1,4,1,Gd,8,Typ,1,Gd,Detchd,Unf,2,370,TA,TA,N,0,Not Applicable,0,WD,Normal,207000,2681,220,1.5,9.5,16086,18767,85,8,86.0,0.0,0.0,7392,7392,1110.0,1110.0,Level_1
1416,120,RL,51.0,3635,Pave,Not Applicable,Reg,Lvl,Inside,Gtl,Norm,TwnhsE,1Story,7,5,2007,Other,CompShg,VinylSd,VinylSd,BrkFace,130.0,Gd,TA,PConc,Gd,TA,No,ALQ,988,Unf,398,1386,GasA,Ex,Y,SBrkr,1569,0,0,1569,0,2,0,1,1,Gd,7,Typ,1,TA,Attchd,RFn,3,660,TA,TA,Y,0,Not Applicable,0,WD,Normal,175900,2955,163,2.5,9.0,20685,14775,2,2,2.0,520.0,390.0,7845,6276,1980.0,1980.0,Level_3
1417,190,RM,60.0,11340,Pave,Not Applicable,Reg,Lvl,Inside,Gtl,Norm,2fmCon,2Story,4,6,1885,Gable,CompShg,VinylSd,AsbShng,Not Applicable,0.0,TA,TA,PConc,TA,TA,No,Unf,0,Unf,777,777,GasA,Gd,Y,SBrkr,1246,1044,0,2290,0,2,0,4,2,TA,11,Typ,0,Not Applicable,Detchd,Unf,2,560,TA,TA,N,0,Not Applicable,0,WD,Normal,122500,3067,114,2.0,13.0,12268,18402,125,60,39.0,0.0,0.0,9160,6870,1680.0,1680.0,Level_1
1418,60,RL,69.0,16545,Pave,Not Applicable,IR1,Lvl,Inside,Gtl,Norm,1Fam,2Story,8,5,1998,Gable,CompShg,VinylSd,VinylSd,BrkFace,731.0,Gd,TA,PConc,Gd,TA,Mn,GLQ,781,Unf,503,1284,GasA,Ex,Y,SBrkr,1310,1140,0,2450,1,2,1,3,1,Gd,7,Typ,1,TA,Attchd,Fin,3,1069,TA,TA,Y,0,Not Applicable,0,WD,Normal,340000,3734,126,3.5,9.5,29872,18670,11,11,11.0,2924.0,2193.0,12250,9800,3207.0,3207.0,Level_4
1419,20,RL,71.0,9204,Pave,Not Applicable,Reg,Lvl,Inside,Gtl,Norm,1Fam,1Story,5,5,1963,Gable,CompShg,HdBoard,HdBoard,Not Applicable,0.0,TA,TA,CBlock,TA,TA,No,BLQ,25,Other,247,1144,GasA,TA,Y,SBrkr,1144,0,0,1144,1,1,1,3,1,TA,6,Typ,0,Not Applicable,Detchd,Unf,1,336,TA,TA,Y,0,Not Applicable,0,COD,Normal,124000,2288,88,2.5,7.5,11440,11440,45,45,46.0,0.0,0.0,3432,3432,1008.0,1008.0,Level_2
1420,20,RL,69.0,16381,Pave,Not Applicable,IR1,Lvl,Inside,Gtl,Norm,1Fam,1Story,6,5,1969,Gable,CompShg,Plywood,Plywood,BrkFace,312.0,Gd,Gd,CBlock,TA,TA,Av,Rec,1110,Unf,734,1844,GasA,Gd,Y,SBrkr,1844,0,0,1844,1,2,0,3,1,Gd,7,Typ,1,TA,Attchd,RFn,2,540,TA,TA,Y,0,Not Applicable,0,WD,Normal,223000,3688,289,3.0,9.0,22128,18440,37,37,37.0,1248.0,1248.0,7376,7376,1620.0,1620.0,Level_4
1421,60,RL,90.0,11700,Pave,Not Applicable,Reg,Lvl,Corner,Gtl,Norm,1Fam,2Story,6,6,1968,Gable,CompShg,HdBoard,HdBoard,BrkFace,420.0,TA,TA,CBlock,TA,TA,No,ALQ,404,Unf,304,708,GasA,Gd,Y,SBrkr,708,708,0,1416,0,2,1,3,1,TA,7,Typ,1,TA,Attchd,RFn,2,776,TA,TA,Y,0,Not Applicable,0,WD,Normal,179900,2124,288,2.5,9.5,12744,12744,38,38,38.0,1260.0,1260.0,5664,4248,2328.0,2328.0,Level_3
1422,120,RL,53.0,4043,Pave,Not Applicable,Reg,Lvl,Inside,Gtl,Norm,TwnhsE,1Story,6,5,1977,Gable,CompShg,Plywood,Plywood,Not Applicable,0.0,TA,TA,CBlock,Gd,TA,No,ALQ,360,Unf,709,1069,GasA,TA,Y,SBrkr,1069,0,0,1069,0,2,0,2,1,TA,4,Typ,1,Fa,Attchd,RFn,2,440,TA,TA,Y,0,Not Applicable,0,WD,Normal,127500,2138,220,2.0,6.0,12828,10690,33,33,33.0,0.0,0.0,3207,3207,1320.0,1320.0,Level_2
1423,120,RM,37.0,4435,Pave,Not Applicable,Reg,Lvl,Inside,Gtl,Norm,TwnhsE,1Story,6,5,2003,Gable,CompShg,VinylSd,VinylSd,BrkFace,170.0,Gd,TA,PConc,Gd,TA,Av,GLQ,686,Unf,162,848,GasA,Ex,Y,SBrkr,848,0,0,848,1,1,0,1,1,Gd,3,Typ,0,Not Applicable,Attchd,Fin,2,420,TA,TA,Y,0,Not Applicable,0,WD,Normal,136500,1696,140,2.0,4.0,10176,8480,5,5,5.0,680.0,510.0,4240,3392,1260.0,1260.0,Level_3
1424,80,RL,69.0,19690,Pave,Not Applicable,IR1,Lvl,CulDSac,Gtl,Norm,1Fam,SLvl,6,7,1966,Other,Other,Plywood,Plywood,Not Applicable,0.0,Gd,Gd,CBlock,Gd,TA,Av,Unf,0,Unf,697,697,GasA,TA,Y,SBrkr,1575,626,0,2201,0,2,0,4,1,Gd,8,Typ,1,Gd,Attchd,Unf,2,432,Other,Other,Y,738,GdPrv,0,WD,Alloca,274970,2898,822,2.0,10.0,17388,20286,40,40,40.0,0.0,0.0,6603,8804,1728.0,1728.0,Level_1
1425,20,RL,69.0,9503,Pave,Not Applicable,Reg,Lvl,Inside,Gtl,Norm,1Fam,1Story,5,5,1958,Other,CompShg,HdBoard,HdBoard,Not Applicable,0.0,TA,TA,CBlock,TA,TA,No,ALQ,457,Other,193,1024,GasA,TA,Y,SBrkr,1344,0,0,1344,1,1,0,2,1,TA,6,Other,1,TA,Detchd,Unf,1,484,TA,TA,Y,0,GdWo,0,WD,Normal,144000,2368,344,2.0,7.0,11840,11840,49,24,37.0,0.0,0.0,4032,4032,1452.0,1452.0,Level_2
1426,20,RL,80.0,10721,Pave,Not Applicable,IR1,Lvl,Inside,Gtl,Norm,1Fam,1Story,6,6,1959,Other,CompShg,HdBoard,HdBoard,Stone,243.0,Gd,TA,CBlock,TA,TA,No,Unf,0,Unf,1252,1252,GasA,Ex,Y,SBrkr,1252,0,0,1252,0,1,0,3,1,Gd,7,Typ,0,Not Applicable,Detchd,Unf,2,528,TA,TA,Y,0,Not Applicable,0,WD,Normal,142000,2504,39,1.0,8.0,15024,15024,49,49,48.0,972.0,729.0,6260,5008,1584.0,1584.0,Level_2
1427,60,RL,81.0,10944,Pave,Not Applicable,IR1,Lvl,Inside,Gtl,Norm,1Fam,2Story,7,5,1994,Gable,CompShg,VinylSd,VinylSd,BrkFace,448.0,Gd,TA,PConc,Gd,TA,No,GLQ,1000,Unf,223,1223,GasA,Ex,Y,SBrkr,1223,904,0,2127,1,2,1,3,1,Gd,5,Typ,2,TA,Attchd,RFn,2,525,TA,TA,Y,0,Not Applicable,0,WD,Normal,271000,3350,303,3.5,7.5,23450,16750,14,14,14.0,1792.0,1344.0,10635,8508,1575.0,1575.0,Level_4
1428,50,RL,60.0,10930,Pave,Grvl,Reg,Other,Inside,Gtl,Other,1Fam,1.5Fin,5,6,1945,Gable,CompShg,MetalSd,MetalSd,Not Applicable,0.0,TA,TA,CBlock,TA,TA,No,BLQ,580,Unf,333,913,GasA,TA,Y,FuseA,1048,510,0,1558,1,1,1,3,1,TA,6,Typ,1,TA,Attchd,Unf,1,288,TA,TA,Y,0,Not Applicable,0,WD,Normal,140000,2471,0,2.5,7.5,12355,14826,63,58,46.0,0.0,0.0,4674,4674,864.0,864.0,Level_2
1429,30,RM,60.0,7200,Pave,Not Applicable,Reg,Lvl,Corner,Gtl,Norm,1Fam,1Story,5,7,1940,Gable,CompShg,MetalSd,MetalSd,Stone,294.0,TA,Gd,CBlock,TA,TA,No,BLQ,510,Unf,278,788,GasA,TA,Y,SBrkr,804,0,0,804,1,1,0,2,1,Gd,4,Typ,2,Gd,Attchd,Unf,1,240,TA,TA,Y,0,MnPrv,0,WD,Abnorml,119000,1592,154,2.0,5.0,7960,11144,70,18,70.0,882.0,1176.0,2412,3216,720.0,720.0,Level_1
1430,20,RL,69.0,12546,Pave,Not Applicable,IR1,Lvl,Corner,Gtl,Norm,1Fam,1Story,6,7,1981,Gable,CompShg,MetalSd,MetalSd,BrkFace,310.0,Gd,Gd,CBlock,Gd,TA,No,BLQ,678,Unf,762,1440,GasA,Ex,Y,SBrkr,1440,0,0,1440,0,2,0,3,1,Gd,7,Typ,1,TA,Attchd,Fin,2,467,TA,TA,Y,0,Not Applicable,0,WD,Normal,182900,2880,99,2.0,9.0,17280,20160,26,26,26.0,1240.0,1240.0,7200,5760,1401.0,1401.0,Level_3
1431,60,RL,60.0,21930,Pave,Not Applicable,IR3,Lvl,Inside,Gtl,Other,1Fam,2Story,5,5,2005,Gable,CompShg,VinylSd,VinylSd,Not Applicable,0.0,Gd,TA,PConc,Gd,Other,Av,Unf,0,Unf,732,732,GasA,Ex,Y,SBrkr,734,1104,0,1838,0,2,1,4,1,TA,7,Typ,1,Gd,BuiltIn,Fin,2,372,TA,TA,Y,0,Not Applicable,0,WD,Normal,192140,2570,140,2.5,9.5,12850,12850,1,1,1.0,0.0,0.0,9190,5514,1116.0,1116.0,Level_3
1432,120,RL,69.0,4928,Pave,Not Applicable,IR1,Lvl,Inside,Gtl,Norm,TwnhsE,1Story,6,6,1976,Gable,CompShg,Plywood,Plywood,Not Applicable,0.0,TA,TA,CBlock,Gd,TA,No,LwQ,958,Unf,0,958,GasA,TA,Y,SBrkr,958,0,0,958,0,2,0,2,1,TA,5,Typ,0,Not Applicable,Attchd,RFn,2,440,TA,TA,Y,0,Not Applicable,0,WD,Normal,143750,1916,60,2.0,7.0,11496,11496,33,33,33.0,0.0,0.0,2874,2874,1320.0,1320.0,Level_2
1433,30,RL,60.0,10800,Pave,Grvl,Reg,Lvl,Inside,Gtl,Norm,1Fam,1Story,4,6,1927,Gable,CompShg,Wd Sdng,Wd Sdng,Not Applicable,0.0,TA,TA,BrkTil,TA,TA,No,Unf,0,Unf,656,656,GasA,TA,Y,SBrkr,968,0,0,968,0,2,0,4,1,TA,5,Typ,0,Not Applicable,Detchd,Unf,1,216,Other,Other,Y,0,Not Applicable,0,WD,Normal,64500,1624,0,2.0,7.0,6496,9744,80,0,79.0,0.0,0.0,2904,2904,432.0,432.0,Level_1
1434,60,RL,93.0,10261,Pave,Not Applicable,IR1,Lvl,Inside,Gtl,Norm,1Fam,2Story,6,5,2000,Gable,CompShg,VinylSd,VinylSd,BrkFace,318.0,TA,TA,PConc,Gd,TA,No,Unf,0,Unf,936,936,GasA,Ex,Y,SBrkr,962,830,0,1792,1,2,1,3,1,TA,8,Typ,1,TA,Attchd,Fin,2,451,TA,TA,Y,0,Not Applicable,0,WD,Normal,186500,2728,0,3.5,10.5,16368,13640,8,8,8.0,954.0,954.0,8960,5376,1353.0,1353.0,Level_3
1435,20,RL,80.0,17400,Pave,Not Applicable,Reg,Other,Inside,Other,Norm,1Fam,1Story,5,5,1977,Gable,CompShg,BrkFace,BrkFace,Not Applicable,0.0,TA,TA,CBlock,TA,TA,No,ALQ,936,Unf,190,1126,GasA,Fa,Y,SBrkr,1126,0,0,1126,1,2,0,3,1,TA,5,Typ,1,Gd,Attchd,RFn,2,484,TA,TA,P,0,Not Applicable,0,WD,Normal,160000,2252,336,3.0,7.0,11260,11260,29,29,29.0,0.0,0.0,2252,3378,1452.0,1452.0,Level_2
1436,20,RL,80.0,8400,Pave,Not Applicable,Reg,Lvl,Inside,Gtl,Norm,1Fam,1Story,6,9,1962,Gable,CompShg,Wd Sdng,Wd Sdng,BrkFace,237.0,Gd,Gd,CBlock,TA,TA,No,Unf,0,Unf,1319,1319,GasA,TA,Y,SBrkr,1537,0,0,1537,1,1,1,3,1,Gd,7,Typ,1,Gd,Attchd,RFn,2,462,TA,TA,Y,0,GdPrv,0,COD,Abnorml,174000,2856,36,2.5,8.5,17136,25704,46,3,46.0,948.0,948.0,4611,6148,1386.0,1386.0,Level_2
1437,20,RL,60.0,9000,Pave,Not Applicable,Reg,Lvl,FR2,Gtl,Norm,1Fam,1Story,4,6,1971,Gable,CompShg,HdBoard,HdBoard,Not Applicable,0.0,TA,TA,PConc,TA,TA,No,ALQ,616,Unf,248,864,GasA,TA,Y,SBrkr,864,0,0,864,0,1,0,3,1,TA,5,Typ,0,Not Applicable,Detchd,Unf,2,528,TA,TA,Y,0,GdWo,0,WD,Normal,120500,1728,0,1.0,6.0,6912,10368,36,36,33.0,0.0,0.0,2592,2592,1584.0,1584.0,Level_2
1438,20,RL,96.0,12444,Pave,Not Applicable,Reg,Lvl,FR2,Gtl,Norm,1Fam,1Story,8,5,2008,Other,CompShg,VinylSd,VinylSd,Stone,426.0,Ex,TA,PConc,Ex,TA,Av,GLQ,1336,Unf,596,1932,GasA,Ex,Y,SBrkr,1932,0,0,1932,1,2,0,2,1,Ex,7,Typ,1,Gd,Attchd,Fin,3,774,TA,TA,Y,0,Not Applicable,0,New,Partial,394617,3864,370,3.0,9.0,30912,19320,0,0,0.0,2130.0,1278.0,9660,9660,2322.0,2322.0,Level_4
1439,20,RM,90.0,7407,Pave,Not Applicable,Reg,Lvl,Inside,Gtl,Other,1Fam,1Story,6,7,1957,Gable,CompShg,MetalSd,MetalSd,Not Applicable,0.0,TA,TA,CBlock,TA,TA,No,GLQ,600,Unf,312,912,GasA,TA,Y,FuseA,1236,0,0,1236,1,1,0,2,1,TA,6,Typ,0,Not Applicable,Attchd,Unf,2,923,TA,TA,Y,0,MnPrv,0,WD,Normal,149700,2148,316,2.0,7.0,12888,15036,53,14,53.0,0.0,0.0,3708,3708,2769.0,2769.0,Level_1
1440,60,RL,80.0,11584,Pave,Not Applicable,Reg,Lvl,Inside,Gtl,Norm,1Fam,SLvl,7,6,1979,Other,CompShg,HdBoard,HdBoard,BrkFace,96.0,TA,TA,CBlock,TA,TA,No,GLQ,315,Other,114,539,GasA,TA,Y,SBrkr,1040,685,0,1725,0,2,1,3,1,TA,6,Typ,1,TA,Attchd,RFn,2,550,TA,TA,Y,0,Not Applicable,0,WD,Normal,197000,2264,304,2.5,8.5,15848,13584,28,28,28.0,288.0,288.0,5175,5175,1650.0,1650.0,Level_3
1441,70,RL,79.0,11526,Pave,Not Applicable,IR1,Other,Inside,Other,Norm,1Fam,2.5Fin,6,7,1922,Gable,CompShg,MetalSd,MetalSd,Not Applicable,0.0,TA,TA,BrkTil,Ex,TA,No,Unf,0,Unf,588,588,GasA,Fa,Y,SBrkr,1423,748,384,2555,0,2,0,3,1,TA,11,Other,1,Gd,Detchd,Fin,2,672,TA,TA,Y,0,Not Applicable,0,WD,Normal,191000,2759,431,2.0,13.0,16554,19313,86,14,15.0,0.0,0.0,5110,7665,2016.0,2016.0,Level_4
1442,120,RM,69.0,4426,Pave,Not Applicable,Reg,Lvl,Inside,Gtl,Norm,TwnhsE,1Story,6,5,2004,Gable,CompShg,VinylSd,VinylSd,BrkFace,147.0,Gd,TA,PConc,Gd,TA,Av,GLQ,697,Unf,151,848,GasA,Ex,Y,SBrkr,848,0,0,848,1,1,0,1,1,Gd,3,Typ,1,TA,Attchd,RFn,2,420,TA,TA,Y,0,Not Applicable,0,WD,Normal,149300,1696,149,2.0,4.0,10176,8480,4,4,4.0,588.0,441.0,4240,3392,1260.0,1260.0,Level_3
1443,60,FV,85.0,11003,Pave,Not Applicable,Reg,Lvl,Inside,Gtl,Norm,1Fam,2Story,10,5,2008,Gable,CompShg,VinylSd,VinylSd,Stone,160.0,Ex,TA,PConc,Ex,TA,Av,GLQ,765,Unf,252,1017,GasA,Ex,Y,SBrkr,1026,981,0,2007,1,2,1,3,1,Ex,10,Typ,1,Ex,Attchd,Fin,3,812,TA,TA,Y,0,Not Applicable,0,WD,Normal,310000,3024,220,3.5,12.5,30240,15120,1,1,1.0,800.0,480.0,10035,10035,2436.0,2436.0,Level_4
1444,30,RL,69.0,8854,Pave,Not Applicable,Reg,Lvl,Inside,Gtl,Norm,1Fam,1.5Unf,6,6,1916,Gable,CompShg,Wd Sdng,Wd Sdng,Not Applicable,0.0,TA,TA,BrkTil,TA,TA,No,Unf,0,Unf,952,952,Other,Fa,N,FuseF,952,0,0,952,0,1,0,2,1,Fa,4,Typ,1,Gd,Detchd,Unf,1,192,Other,Other,P,0,Not Applicable,0,WD,Normal,121000,1904,138,1.0,5.0,11424,11424,93,59,93.0,0.0,0.0,1904,1904,384.0,192.0,Level_1
1445,20,RL,63.0,8500,Pave,Not Applicable,Reg,Lvl,FR2,Gtl,Norm,1Fam,1Story,7,5,2004,Gable,CompShg,VinylSd,VinylSd,BrkFace,106.0,Gd,TA,PConc,Gd,TA,Av,Unf,0,Unf,1422,1422,GasA,Ex,Y,SBrkr,1422,0,0,1422,0,2,0,3,1,Gd,7,Typ,0,Not Applicable,Attchd,RFn,2,626,TA,TA,Y,0,Not Applicable,0,WD,Normal,179600,2844,252,2.0,9.0,19908,14220,3,3,3.0,424.0,318.0,7110,5688,1878.0,1878.0,Level_3
1446,85,RL,70.0,8400,Pave,Not Applicable,Reg,Lvl,Inside,Gtl,Norm,1Fam,SFoyer,6,5,1966,Gable,CompShg,VinylSd,VinylSd,Not Applicable,0.0,TA,TA,CBlock,TA,TA,Gd,LwQ,187,Other,0,814,GasA,Gd,Y,SBrkr,913,0,0,913,1,1,0,3,1,TA,6,Typ,0,Not Applicable,Detchd,Unf,1,240,TA,TA,Y,0,Not Applicable,0,WD,Normal,129000,1727,252,2.0,7.0,10362,8635,41,41,17.0,0.0,0.0,3652,2739,720.0,720.0,Level_2
1447,20,RL,69.0,26142,Pave,Not Applicable,IR1,Lvl,CulDSac,Gtl,Norm,1Fam,1Story,5,7,1962,Gable,CompShg,HdBoard,HdBoard,BrkFace,189.0,TA,TA,CBlock,TA,TA,No,Rec,593,Unf,595,1188,GasA,TA,Y,SBrkr,1188,0,0,1188,0,1,0,3,1,TA,6,Typ,0,Not Applicable,Attchd,Unf,1,312,TA,TA,P,0,Not Applicable,0,WD,Normal,157900,2376,300,1.0,7.0,11880,16632,48,48,48.0,567.0,567.0,3564,3564,936.0,936.0,Level_2
1448,60,RL,80.0,10000,Pave,Not Applicable,Reg,Lvl,Inside,Gtl,Norm,1Fam,2Story,8,5,1995,Gable,CompShg,VinylSd,VinylSd,BrkFace,438.0,Gd,TA,PConc,Gd,TA,No,GLQ,1079,Unf,141,1220,GasA,Ex,Y,SBrkr,1220,870,0,2090,1,2,1,3,1,Gd,8,Typ,1,TA,Attchd,RFn,2,556,TA,TA,Y,0,Not Applicable,0,WD,Normal,240000,3310,65,3.5,10.5,26480,16550,12,11,12.0,1752.0,1314.0,10450,8360,1668.0,1668.0,Level_3
1449,50,RL,70.0,11767,Pave,Not Applicable,Reg,Lvl,Inside,Gtl,Norm,1Fam,2Story,4,7,1910,Gable,CompShg,MetalSd,HdBoard,Not Applicable,0.0,TA,TA,CBlock,Fa,TA,No,Unf,0,Unf,560,560,GasA,Gd,N,SBrkr,796,550,0,1346,0,1,1,2,1,TA,6,Other,0,Not Applicable,Detchd,Unf,1,384,Other,TA,Y,0,GdWo,0,WD,Normal,112000,1906,192,1.5,7.5,7624,13342,97,7,57.0,0.0,0.0,5384,4038,768.0,1152.0,Level_1
1450,180,RM,21.0,1533,Pave,Not Applicable,Reg,Lvl,Inside,Gtl,Norm,Twnhs,SFoyer,5,7,1970,Gable,CompShg,CemntBd,CmentBd,Not Applicable,0.0,TA,TA,CBlock,Gd,TA,Av,GLQ,553,Unf,77,630,GasA,Ex,Y,SBrkr,630,0,0,630,1,1,0,1,1,Ex,3,Typ,0,Not Applicable,Not Applicable,Not Applicable,0,0,Other,Other,Y,0,Not Applicable,0,WD,Abnorml,92000,1260,0,2.0,4.0,6300,8820,36,36,26.0,0.0,0.0,3150,3150,,,Level_1
1451,90,RL,60.0,9000,Pave,Not Applicable,Reg,Lvl,FR2,Gtl,Norm,Duplex,2Story,5,5,1974,Gable,CompShg,VinylSd,VinylSd,Not Applicable,0.0,TA,TA,CBlock,Gd,TA,No,Unf,0,Unf,896,896,GasA,TA,Y,SBrkr,896,896,0,1792,0,2,2,4,2,TA,8,Typ,0,Not Applicable,Not Applicable,Not Applicable,0,0,Other,Other,Y,0,Not Applicable,0,WD,Normal,136000,2688,77,3.0,11.0,13440,13440,35,35,29.0,0.0,0.0,5376,5376,,,Level_2
1452,20,RL,78.0,9262,Pave,Not Applicable,Reg,Lvl,Inside,Gtl,Norm,1Fam,1Story,8,5,2008,Gable,CompShg,CemntBd,CmentBd,Stone,194.0,Gd,TA,PConc,Gd,TA,No,Unf,0,Unf,1573,1573,GasA,Ex,Y,SBrkr,1578,0,0,1578,0,2,0,3,1,Ex,7,Typ,1,Gd,Attchd,Fin,3,840,TA,TA,Y,0,Not Applicable,0,New,Partial,287090,3151,36,2.0,9.0,25208,15755,1,0,1.0,776.0,582.0,7890,7890,2520.0,2520.0,Level_4
1453,180,RM,35.0,3675,Pave,Not Applicable,Reg,Lvl,Inside,Gtl,Norm,TwnhsE,SLvl,5,5,2005,Gable,CompShg,VinylSd,VinylSd,BrkFace,80.0,TA,TA,PConc,Gd,TA,Gd,GLQ,547,Unf,0,547,GasA,Gd,Y,SBrkr,1072,0,0,1072,1,1,0,2,1,TA,5,Typ,0,Not Applicable,Basment,Fin,2,525,TA,TA,Y,0,Not Applicable,0,WD,Normal,145000,1619,28,2.0,6.0,8095,8095,1,1,1.0,240.0,240.0,4288,3216,1575.0,1575.0,Level_1
1454,20,RL,90.0,17217,Pave,Not Applicable,Reg,Lvl,Inside,Gtl,Norm,1Fam,1Story,5,5,2006,Gable,CompShg,VinylSd,VinylSd,Not Applicable,0.0,TA,TA,PConc,Gd,TA,No,Unf,0,Unf,1140,1140,GasA,Ex,Y,SBrkr,1140,0,0,1140,0,1,0,3,1,TA,6,Typ,0,Not Applicable,Not Applicable,Not Applicable,0,0,Other,Other,Y,0,Not Applicable,0,WD,Abnorml,84500,2280,92,1.0,7.0,11400,11400,0,0,26.0,0.0,0.0,5700,3420,,,Level_2
1455,20,FV,62.0,7500,Pave,Pave,Reg,Lvl,Inside,Gtl,Norm,1Fam,1Story,7,5,2004,Gable,CompShg,VinylSd,VinylSd,Not Applicable,0.0,Gd,TA,PConc,Gd,TA,No,GLQ,410,Unf,811,1221,GasA,Ex,Y,SBrkr,1221,0,0,1221,1,2,0,2,1,Gd,6,Typ,0,Not Applicable,Attchd,RFn,2,400,TA,TA,Y,0,Not Applicable,0,WD,Normal,185000,2442,113,3.0,8.0,17094,12210,5,4,5.0,0.0,0.0,6105,4884,1200.0,1200.0,Level_4
1456,60,RL,62.0,7917,Pave,Not Applicable,Reg,Lvl,Inside,Gtl,Norm,1Fam,2Story,6,5,1999,Gable,CompShg,VinylSd,VinylSd,Not Applicable,0.0,TA,TA,PConc,Gd,TA,No,Unf,0,Unf,953,953,GasA,Ex,Y,SBrkr,953,694,0,1647,0,2,1,3,1,TA,7,Typ,1,TA,Attchd,RFn,2,460,TA,TA,Y,0,Not Applicable,0,WD,Normal,175000,2600,40,2.5,9.5,15600,13000,8,7,8.0,0.0,0.0,8235,4941,1380.0,1380.0,Level_3
1457,20,RL,85.0,13175,Pave,Not Applicable,Reg,Lvl,Inside,Gtl,Norm,1Fam,1Story,6,6,1978,Gable,CompShg,Plywood,Plywood,Stone,119.0,TA,TA,CBlock,Gd,TA,No,ALQ,790,Other,589,1542,GasA,TA,Y,SBrkr,2073,0,0,2073,1,2,0,3,1,TA,7,Other,2,TA,Attchd,Unf,2,500,TA,TA,Y,0,MnPrv,0,WD,Normal,210000,3615,349,3.0,9.0,21690,21690,32,22,32.0,357.0,357.0,6219,6219,1500.0,1500.0,Level_3
1458,70,RL,66.0,9042,Pave,Not Applicable,Reg,Lvl,Inside,Gtl,Norm,1Fam,2Story,7,9,1941,Gable,CompShg,CemntBd,CmentBd,Not Applicable,0.0,Ex,Gd,Stone,TA,Other,No,GLQ,275,Unf,877,1152,GasA,Ex,Y,SBrkr,1188,1152,0,2340,0,2,0,4,1,Gd,9,Typ,2,Gd,Attchd,RFn,1,252,TA,TA,Y,0,GdPrv,2500,WD,Normal,266500,3492,60,2.0,11.0,24444,31428,69,4,69.0,0.0,0.0,11700,9360,756.0,756.0,Level_4
1459,20,RL,68.0,9717,Pave,Not Applicable,Reg,Lvl,Inside,Gtl,Norm,1Fam,1Story,5,6,1950,Other,CompShg,MetalSd,MetalSd,Not Applicable,0.0,TA,TA,CBlock,TA,TA,Mn,GLQ,49,Other,0,1078,GasA,Gd,Y,FuseA,1078,0,0,1078,1,1,0,2,1,Gd,5,Typ,0,Not Applicable,Attchd,Unf,1,240,TA,TA,Y,0,Not Applicable,0,WD,Normal,142125,2156,478,2.0,6.0,10780,12936,60,14,60.0,0.0,0.0,4312,4312,720.0,720.0,Level_2
1460,20,RL,75.0,9937,Pave,Not Applicable,Reg,Lvl,Inside,Gtl,Norm,1Fam,1Story,5,6,1965,Gable,CompShg,HdBoard,HdBoard,Not Applicable,0.0,Gd,TA,CBlock,TA,TA,No,BLQ,830,Other,136,1256,GasA,Gd,Y,SBrkr,1256,0,0,1256,1,1,1,3,1,TA,6,Typ,0,Not Applicable,Attchd,Fin,1,276,TA,TA,Y,0,Not Applicable,0,WD,Normal,147500,2512,804,2.5,7.5,12560,15072,43,43,43.0,0.0,0.0,5024,3768,828.0,828.0,Level_1
